id,availability,condition,description,image_link,link,title,price,gtin,mpn,brand,additional_image_link
10037,out of stock,new,No.10037 クロールバリエ 2WAY ショルダーバッグ クロールバリエの定番スクエア型ハンドバッグに ロングショルダーが付いた2WAYタイプ。 斜めがけもできるロングショルダーは取り外し可能なので ハンドバッグとしてもご利用いただけます。 大きく口の開くダブルファスナー仕様。 ころんと可愛い小ぶりなサイズですが しっかりとしたマチ幅があるので 携帯やポーチ・お財布等の必需品もきちんと収納。 クロールバリエのパンプス・サンダルと 同じ柄や色目で合わせてもお楽しみいただけます。 デイリーからお呼ばれシーンまで ちょっぴり自慢したくなるアイテムです。 ※ロングショルダーの色は持ち手の色と同じになります。 ※お洗濯の際は、丸洗いは避けて部分洗いをしてください。 ※ハンドバッグの型番10035・10036と同サイズとなります。 ※個々により色柄の出方は異なります。また、モニター環境によって 色の再現が若干異なってまいりますので、何卒ご了承くださいませ。,https://bath.fs-storage.jp/fs2cabinet/100/10037/10037-m-01-pl.jpg?v=1789032159,https://www.bath-ec.com/fs/bath/10037,※返品・交換不可No.10037 クロールバリエ 2WAY ショルダーバッグ (ショル,9350 JPY,,,COULEUR VARIE,"https://bath.fs-storage.jp/fs2cabinet/100/10037/10037-m-02-pl.jpg?v=1789032159,https://bath.fs-storage.jp/fs2cabinet/100/10037/10037-m-03-pl.jpg?v=1789032159,https://bath.fs-storage.jp/fs2cabinet/100/10037/10037-m-04-pl.jpg?v=1789032159,https://bath.fs-storage.jp/fs2cabinet/100/10037/10037-m-05-pl.jpg?v=1789032159,https://bath.fs-storage.jp/fs2cabinet/100/10037/10037-m-06-pl.jpg?v=1789032159"
10037-2,in stock,new,No.10037 クロールバリエ 2WAY キューブ バック クロールバリエの定番スクエア型ハンドバッグに ロングショルダーが付いた2WAYタイプ。 斜めがけもできるロングショルダーは取り外し可能なので ハンドバッグとしてもご利用いただけます。 大きく口の開くダブルファスナー仕様。 ころんと可愛い小ぶりなサイズですが しっかりとしたマチ幅があるので 携帯やポーチ・お財布等の必需品もきちんと収納。 クロールバリエのパンプス・サンダルと 同じ柄や色目で合わせてもお楽しみいただけます。 デイリーからお呼ばれシーンまで ちょっぴり自慢したくなるアイテムです。 ※ロングショルダーの色は持ち手の色と同じになります。 ※お洗濯の際は、丸洗いは避けて部分洗いをしてください。 ※個々により色柄の出方は異なります。また、モニター環境によって 色の再現が若干異なってまいりますので、何卒ご了承くださいませ。,https://bath.fs-storage.jp/fs2cabinet/100/10037-2/10037-2-m-01-pl.jpg?v=1789032159,https://www.bath-ec.com/fs/bath/10037-2,No.10037 クロールバリエ 2WAY ショルダーバッグ(ショルダーバッグ ハンド,8415 JPY,,,COULEUR VARIE,"https://bath.fs-storage.jp/fs2cabinet/100/10037-2/10037-2-m-02-pl.jpg?v=1789032159,https://bath.fs-storage.jp/fs2cabinet/100/10037-2/10037-2-m-03-pl.jpg?v=1789032159,https://bath.fs-storage.jp/fs2cabinet/100/10037-2/10037-2-m-04-pl.jpg?v=1789032159,https://bath.fs-storage.jp/fs2cabinet/100/10037-2/10037-2-m-05-pl.jpg?v=1789032159,https://bath.fs-storage.jp/fs2cabinet/100/10037-2/10037-2-m-06-pl.jpg?v=1789032159"
10046,in stock,new,No.10046 クロールバリエ ファー ショルダーバッグ クロールバリエのファーショルダーバッグが新登場。 コロンとした絞りデザインで小ぶりながらもしっかり収納。 ファッションに合わせやすいカラー展開で 秋から冬にかけて大活躍間違いなし！,https://bath.fs-storage.jp/fs2cabinet/100/10046/10046-m-01-pl.jpg?v=1789032159,https://www.bath-ec.com/fs/bath/10046,No.10046 クロールバリエ ファー ショルダーバッグ/●スペシャル●スペシャ,3960 JPY,,,COULEUR VARIE,"https://bath.fs-storage.jp/fs2cabinet/100/10046/10046-m-02-pl.jpg?v=1789032159,https://bath.fs-storage.jp/fs2cabinet/100/10046/10046-m-03-pl.jpg?v=1789032159,https://bath.fs-storage.jp/fs2cabinet/100/10046/10046-m-04-pl.jpg?v=1789032159"
344216bl,in stock,new,No.344216 クロールバリエ パンチング リボンパンプス 汚れたら洗濯機で丸洗いできる、ウォッシャブルシューズ「COULEUR VARIE（クロールバリエ）」。 百貨店・直営店でも定番の人気商品、 リボンがアクセントの涼し気なパンチングパンプスです。 生地には軽くて通気性が良く、色あせにくい 東レ人工皮革スエードを使用しています。 生地は贅沢な2枚合わせ仕様にしているので とても足あたりが優しく、柔らかな履き心地。 中敷に抗菌・防臭効果ある素材を使用しているのも嬉しいポイント。 グリップ力のある返りの良いソールと 安定感のあるローヒールで、快適な歩みをサポートしてくれます。 ファッションに合わせやすい人気のカラーバリエーション。 シンプルで飽きのこないリボンデザインで デイリーに大活躍間違いなし！ ※側面はパンチングくり抜きですが、つま先とかかと部分は透けないデザインです。,https://bath.fs-storage.jp/fs2cabinet/344/344216bl/344216bl-m-01-pl.jpg?v=1789032159,https://www.bath-ec.com/fs/bath/344216bl,No.344216 クロールバリエ パンチング リボンパンプス (レディース 女性用,7920 JPY,,,COULEUR VARIE,"https://bath.fs-storage.jp/fs2cabinet/344/344216bl/344216bl-m-02-pl.jpg?v=1789032159,https://bath.fs-storage.jp/fs2cabinet/344/344216bl/344216bl-m-03-pl.jpg?v=1789032159,https://bath.fs-storage.jp/fs2cabinet/344/344216bl/344216bl-m-04-pl.jpg?v=1789032159,https://bath.fs-storage.jp/fs2cabinet/344/344216bl/344216bl-m-05-pl.jpg?v=1789032159,https://bath.fs-storage.jp/fs2cabinet/344/344216bl/344216bl-m-06-pl.jpg?v=1789032159"
529203bl-bl,in stock,new,No.529203 クロールバリエ ダブルストラップサンダル （No.99） ★ 3Eタイプになってより快適にバージョンアップ ★ こちらの商品は従来のタイプ「No.99 ダブルストラップサンダル」の新モデルとなります。 ◎ご要望の多かった3E幅になりました。 ゆったり履ける3Eワイズに。人の足の形に添った包まれるような快適な履き心地感がUP。 ◎つま先部分がさらりとしたメッシュ切り替えに。 素足で触れても気持ちの良い、吸湿・吸汗・通気性に優れたメッシュを採用。 ◎クッション性のある素材をソールに使用。 地面をしっかりと蹴りだし、地面からの衝撃を緩和。 汚れたら洗濯機で丸洗いできる、ウォッシャブルシューズ「COULEUR VARIE（クロールバリエ）」。 クロールバリエ ダブルストラップサンダルは 幅広い世代の女性に愛されてきた当店人気No.1のロングセラー商品です。 人気の秘密は、丸みのあるコロンとしたつま先の形「オブリークトゥ（オブリックトゥ）」。 親指に高さがあり、足の指の流れに沿って設計されおり、 ぺたんこで3eだから幅もゆったり。 そして2本の交差するゴム製の「ダブルストラップ」が 足を優しくしっかりとホールドしてくれるので 包み込むような安定感と快適な履き心地を実現。 最大の特徴はカラフルなカラーバリエーション！ ベーシックな無地柄から、きらめきのある華やかなプリントタイプまで、 何十種類以上もの色の中からお選びいただけます。 汗ばむ季節に嬉しい抗菌防臭効果のあるインソール、 つま先の切り替え部分には素足で触れても気持ちの良い 吸湿・吸汗・通気性に優れたメッシュを採用。 アッパー生地には軽くて通気性が良く 色あせにくい東レの人工皮革を使用しているので 1年を通して快適にお履きいただけます。 クロールバリエ自慢の多彩なカラーバリエーション、 小さいサイズの21cmから大きいサイズの25.5cmまでの幅広いサイズ展開。 あなたにぴったりな１足を探してみてくださいね。 ※プリント柄の注意点 プリント柄は個々によって柄の位置や色味が異なります。 また、製造過程で素材を引っ張るため、つま先部分が白っぽくなります。予めご了承ください。,https://bath.fs-storage.jp/fs2cabinet/529/529203bl-bl/529203bl-bl-m-01-pl.jpg?v=1789032159,https://www.bath-ec.com/fs/bath/529203bl-bl,No.529203/929203 クロールバリエ ダブルストラップサンダル (レディース,12870 JPY,,,COULEUR VARIE,"https://bath.fs-storage.jp/fs2cabinet/529/529203bl-bl/529203bl-bl-m-02-pl.jpg?v=1789032159,https://bath.fs-storage.jp/fs2cabinet/529/529203bl-bl/529203bl-bl-m-03-pl.jpg?v=1789032159,https://bath.fs-storage.jp/fs2cabinet/529/529203bl-bl/529203bl-bl-m-04-pl.jpg?v=1789032159,https://bath.fs-storage.jp/fs2cabinet/529/529203bl-bl/529203bl-bl-m-05-pl.jpg?v=1789032159,https://bath.fs-storage.jp/fs2cabinet/529/529203bl-bl/529203bl-bl-m-06-pl.jpg?v=1789032159"
529203dna-na,in stock,new,No.529203 クロールバリエ ダブルストラップサンダル （No.99） ★ 3Eタイプになってより快適にバージョンアップ ★ こちらの商品は従来のタイプ「No.99 ダブルストラップサンダル」の新モデルとなります。 ◎ご要望の多かった3E幅になりました。 ゆったり履ける3Eワイズに。人の足の形に添った包まれるような快適な履き心地感がUP。 ◎つま先部分がさらりとしたメッシュ切り替えに。 素足で触れても気持ちの良い、吸湿・吸汗・通気性に優れたメッシュを採用。 ◎クッション性のある素材をソールに使用。 地面をしっかりと蹴りだし、地面からの衝撃を緩和。 汚れたら洗濯機で丸洗いできる、ウォッシャブルシューズ「COULEUR VARIE（クロールバリエ）」。 クロールバリエ ダブルストラップサンダルは 幅広い世代の女性に愛されてきた当店人気No.1のロングセラー商品です。 人気の秘密は、丸みのあるコロンとしたつま先の形「オブリークトゥ（オブリックトゥ）」。 親指に高さがあり、足の指の流れに沿って設計されおり、 ぺたんこで3eだから幅もゆったり。 そして2本の交差するゴム製の「ダブルストラップ」が 足を優しくしっかりとホールドしてくれるので 包み込むような安定感と快適な履き心地を実現。 最大の特徴はカラフルなカラーバリエーション！ ベーシックな無地柄から、きらめきのある華やかなプリントタイプまで、 何十種類以上もの色の中からお選びいただけます。 汗ばむ季節に嬉しい抗菌防臭効果のあるインソール、 つま先の切り替え部分には素足で触れても気持ちの良い 吸湿・吸汗・通気性に優れたメッシュを採用。 アッパー生地には軽くて通気性が良く 色あせにくい東レの人工皮革を使用しているので 1年を通して快適にお履きいただけます。 クロールバリエ自慢の多彩なカラーバリエーション、 小さいサイズの21cmから大きいサイズの25.5cmまでの幅広いサイズ展開。 あなたにぴったりな１足を探してみてくださいね。 ※プリント柄の注意点 プリント柄は個々によって柄の位置や色味が異なります。 また、製造過程で素材を引っ張るため、つま先部分が白っぽくなります。予めご了承ください。,https://bath.fs-storage.jp/fs2cabinet/529/529203dna-na/529203dna-na-m-01-pl.jpg?v=1789032159,https://www.bath-ec.com/fs/bath/529203dna-na,No.529203/929203 クロールバリエ ダブルストラップサンダル(レディース 女,12870 JPY,,,COULEUR VARIE,"https://bath.fs-storage.jp/fs2cabinet/529/529203dna-na/529203dna-na-m-02-pl.jpg?v=1789032159,https://bath.fs-storage.jp/fs2cabinet/529/529203dna-na/529203dna-na-m-03-pl.jpg?v=1789032159,https://bath.fs-storage.jp/fs2cabinet/529/529203dna-na/529203dna-na-m-04-pl.jpg?v=1789032159,https://bath.fs-storage.jp/fs2cabinet/529/529203dna-na/529203dna-na-m-05-pl.jpg?v=1789032159,https://bath.fs-storage.jp/fs2cabinet/529/529203dna-na/529203dna-na-m-06-pl.jpg?v=1789032159"
529251-vw-bl,in stock,new,No.529251 クロールバリエ オブリークトゥ バレエシューズ パンプス 汚れたら洗 濯機で丸洗いできる、ウォッシャブルシューズ「COULEUR VARIE（クロールバリエ）」。 丸みを帯びたトゥ、ワンポイントリボンのバレエパンプス。 丸みのあるコロンとしたつま先の形「オブリークトゥ（オブリックトゥ）」は 親指に高さがあり、足の指の流れに沿って設計されているので 長時間履いても足が痛くなりにくく、柔らかなフィット感が魅力的。 抗菌防臭効果のある素材のインソールはふかふかの優しい足あたり。 生地には軽くて通気性が良く、色あせにくい 東レ人工皮革スエードを使用しています。 選ぶのが楽しくなる豊富なカラーバリエーション。 定番の人気柄からアクセントカラーまで 季節を問わずオールシーズンご愛用頂けます。 ※柄タイプのものは、個々により色柄の出方が異なり左右非対称となります。 商品の特性をご理解の上、何卒ご了承くださいませ。,https://bath.fs-storage.jp/fs2cabinet/529/529251-vw-bl/529251-vw-bl-m-01-pl.jpg?v=1789032159,https://www.bath-ec.com/fs/bath/529251-vw-bl,COULEUR VARIE(クロールバリエ)No.529251 クロールバリエ オブリークトゥ,3960 JPY,,,COULEUR VARIE,"https://bath.fs-storage.jp/fs2cabinet/529/529251-vw-bl/529251-vw-bl-m-02-pl.jpg?v=1789032159,https://bath.fs-storage.jp/fs2cabinet/529/529251-vw-bl/529251-vw-bl-m-03-pl.jpg?v=1789032159,https://bath.fs-storage.jp/fs2cabinet/529/529251-vw-bl/529251-vw-bl-m-04-pl.jpg?v=1789032159,https://bath.fs-storage.jp/fs2cabinet/529/529251-vw-bl/529251-vw-bl-m-05-pl.jpg?v=1789032159,https://bath.fs-storage.jp/fs2cabinet/529/529251-vw-bl/529251-vw-bl-m-06-pl.jpg?v=1789032159"
544213,in stock,new,No.544213 クロールバリエ スクエアトゥ バレエシューズ パンプス 汚れたら洗濯機で丸洗いできる、ウォッシャブルシューズ「COULEUR VARIE（クロールバリエ）」。 直営店・百貨店でも人気の定番ロングセラーバレエシューズです。 人気の秘密は、クロールバリエならではの優しい履き心地。 中敷全体に入った約3mmの高反発クッションと さらに、中心からかかとにかけて約5mmのアーチ付クッションを重ね 2層のクッションが足の負担を和らげてくれます。 また、ライニングには抗菌・制菌・防臭・吸湿・速乾作用のある、さらりとしたメッシュ素材を。 中敷きの一部にも、抗菌・防臭・透湿性に優れた人工皮革を採用しています。 中敷きの刺繍デザインは高級感があり、脱ぐのが楽しくなりますね。 足に負担をかけない約2cmのローヒール。 返りが良く、グリップ力のあるソールで 地面をしっかり蹴り出すことができます。 生地には軽くて通気性が良く、色あせにくい 東レ人工皮革スエードを使用し、 パイソンフィルム加工や箔押し加工をする事で さりげないきらめき感をプラスしました。 選ぶのが楽しくなる豊かなカラーバリエーション。 フェミニンなフロントリボン、スクエアトゥの大人デザインで 季節を問わずオールシーズンご愛用頂けます。 ※靴の機能上、インソールと内側面の間は縫いとめられておりません。 ※柄の出方は個々により異なります。何卒ご了承くださいませ。 ※こちらは旧型のNo.519バレエシューズからの新型となりますが、 木型や仕様も変更となっておりますのでNo.519と足入れ感は異なります。,https://bath.fs-storage.jp/fs2cabinet/544/544213/544213-m-01-pl.jpg?v=1789032159,https://www.bath-ec.com/fs/bath/544213,バレエシューズ パンプス スクエアトゥ  ( 痛くない バレエ ぺたんこ フラ,3960 JPY,,,COULEUR VARIE,"https://bath.fs-storage.jp/fs2cabinet/544/544213/544213-m-02-pl.jpg?v=1789032159,https://bath.fs-storage.jp/fs2cabinet/544/544213/544213-m-03-pl.jpg?v=1789032159,https://bath.fs-storage.jp/fs2cabinet/544/544213/544213-m-04-pl.jpg?v=1789032159,https://bath.fs-storage.jp/fs2cabinet/544/544213/544213-m-05-pl.jpg?v=1789032159,https://bath.fs-storage.jp/fs2cabinet/544/544213/544213-m-06-pl.jpg?v=1789032159"
629201,in stock,new,No.629201 クロールバリエ スクエアトゥ パンプス 汚れたら洗濯機で丸洗いできる、ウォッシャブルシューズ「COULEUR VARIE（クロールバリエ）」。 どんなシーンでも大活躍のすっきりとしたスクエアトゥパンプス。 軽くて通気性が良く、色あせにくい東レ人工皮革スエードタイプと マットな質感の人工皮革を用いたタイプの2種類をご用意しました。 インソールは抗菌・防臭作用に優れた人工皮革を使用。 さらにつま先・指周りなどのべたつきやすい部分は 抗菌・吸湿・速乾作用のあるさらりとしたメッシュ素材に切り替え、 素足で履いても気持ちが良く、サラリとした足あたり。 土踏まずを支えるアーチクッションが足裏にフィット。 滑り止め加工を施したソール裏でしっかりと 地面を蹴りだし、快適な歩みをサポートします。 きちんと感のある歩きやすいソールで、女性らしさと清楚さを演出。 お仕事から毎日のお出かけまで、 1年を通して大活躍間違いなしのおすすめアイテムです。 ※スムースブラックはマットな人工皮革、その他はスエード調素材です。 スエード調のものは、ブラック以外は表面に細かなドット状のフィルム加工を施しています。 素材やフィルム加工の違いで、同じサイズでも足入れ感がやや異なるように感じる場合がございます。 ※スムースブラックも、他の色と同様洗濯する事ができるウォッシャブルシューズです。 ※アッパー部分に裏地との段差がわずかにございますが、 内側のメッシュ部分との切り替えの構造上のものです。,https://bath.fs-storage.jp/fs2cabinet/629/629201/629201-m-01-pl.jpg?v=1789032159,https://www.bath-ec.com/fs/bath/629201,No.629201 クロールバリエ スクエアトゥ パンプス(婦人靴 ローヒール シン,3960 JPY,,,COULEUR VARIE,"https://bath.fs-storage.jp/fs2cabinet/629/629201/629201-m-02-pl.jpg?v=1789032159,https://bath.fs-storage.jp/fs2cabinet/629/629201/629201-m-03-pl.jpg?v=1789032159,https://bath.fs-storage.jp/fs2cabinet/629/629201/629201-m-04-pl.jpg?v=1789032159"
6511-m2,out of stock,new,No.6511 バスクラフト メタリックドライビングシューズ(メンズ) 人気のカラーオーダーアイテムをすぐにお届け！ 歩きやすく、足に優しいシューズ「BATH CRAFT（バスクラフト）」。 人気のメンズドライビングシューズにメタリックカラーが登場しました。 どんなスタイルにも合うシンプルな大人デザイン。ソフトな履き心地で返りの良さも抜群! ファッションのさし色に大活躍する事間違いなしのこだわりアイテムです。 ■仕様 [材質] 人工皮革 [サイズ展開] 【25cm】【25.5cm】【26cm】【26.5cm】【27cm】【27.5cm】【28cm】 [ソール高さ] 1.0cm [生産国] 中国(染色は日本) ※製品染め留意点 1. 実際の商品の色味と、モニター上の色味の違いについて お使いのパソコンのモニターによっては、実際の色味と多少異なって見える場合があります。あらかじめご了承ください。 2.水に濡れた状態や摩擦によって多少色落ちすることがあります。 多少の色落ちにより、淡い色のソックスなど色が移行することがあります。淡い色目のソックスなど履かれる場合はご注意ください。 3.色ムラ、色の濃淡について この商品は製品になった状態から染色する独自の方法をとっています。そのため、多少の色ムラ、濃淡が出てきます。職人が一点一点染め上げております。その一点一点違う”味”をご理解していただいた上で、商品をお楽しみいただければと思います。 4. 同じ色を2足購入、2回目以降のご購入の方へ この商品は一点一点染色しており、同じ色の再現性については、多少色が異なることがあります。同じ色でも多少の濃淡がございますのでご了承ください。 [検索用キーワード] 【靴 レディース】【婦人靴】【歩きやすい】【疲れにくい】【履きやすい】【痛くない】【クロールバリエ】【神戸】,https://bath.fs-storage.jp/fs2cabinet/651/6511-m2/6511-m2-m-01-pl.jpg?v=1789032159,https://www.bath-ec.com/fs/bath/6511-m2,No.6511-m2/メンズ/紳士/こだわりのメタリックドライビング  M2.クリーム/,2200 JPY,,,COULEUR VARIE,https://bath.fs-storage.jp/fs2cabinet/651/6511-m2/6511-m2-m-02-pl.jpg?v=1789032159
6511-m40,in stock,new,No.6511 バスクラフト メタリックドライビングシューズ(メンズ) 人気のカラーオーダーアイテムをすぐにお届け！ 歩きやすく、足に優しいシューズ「BATH CRAFT（バスクラフト）」。 人気のメンズドライビングシューズにメタリックカラーが登場しました。 どんなスタイルにも合うシンプルな大人デザイン。ソフトな履き心地で返りの良さも抜群! ファッションのさし色に大活躍する事間違いなしのこだわりアイテムです。 ■仕様 [材質] 人工皮革 [サイズ展開] 【25cm】【25.5cm】【26cm】【26.5cm】【27cm】【27.5cm】【28cm】 [ソール高さ] 1.0cm [生産国] 中国(染色は日本) ※製品染め留意点 1. 実際の商品の色味と、モニター上の色味の違いについて お使いのパソコンのモニターによっては、実際の色味と多少異なって見える場合があります。あらかじめご了承ください。 2.水に濡れた状態や摩擦によって多少色落ちすることがあります。 多少の色落ちにより、淡い色のソックスなど色が移行することがあります。淡い色目のソックスなど履かれる場合はご注意ください。 3.色ムラ、色の濃淡について この商品は製品になった状態から染色する独自の方法をとっています。そのため、多少の色ムラ、濃淡が出てきます。職人が一点一点染め上げております。その一点一点違う”味”をご理解していただいた上で、商品をお楽しみいただければと思います。 4. 同じ色を2足購入、2回目以降のご購入の方へ この商品は一点一点染色しており、同じ色の再現性については、多少色が異なることがあります。同じ色でも多少の濃淡がございますのでご了承ください。 [検索用キーワード] 【靴 レディース】【婦人靴】【歩きやすい】【疲れにくい】【履きやすい】【痛くない】【クロールバリエ】【神戸】,https://bath.fs-storage.jp/fs2cabinet/651/6511-m40/6511-m40-m-01-pl.jpg?v=1789032159,https://www.bath-ec.com/fs/bath/6511-m40,No.6511-m40/メンズ/紳士/こだわりのメタリックドライビング M40.シガレッ,2200 JPY,,,COULEUR VARIE,https://bath.fs-storage.jp/fs2cabinet/651/6511-m40/6511-m40-m-02-pl.jpg?v=1789032159
6601,in stock,new,No.6601 クロールバリエ メンズ モカシン ローファー 汚れたら洗濯機で丸洗いできる、ウォッシャブルシューズ「COULEUR VARIE（クロールバリエ）」。 待望のメンズラインのモカシンローファーが登場！ 縁周りはバイカラーデザインになっており ファッションコーデのアクセントや 服装に合わせやすいカラー展開が魅力的。 生地には軽くて通気性が良く、色あせにくい 東レの人工皮革を使用しています。 約0.8cmの厚みのインソールの ふわりとしたクッション性も嬉しいポイントです。,https://bath.fs-storage.jp/fs2cabinet/660/6601/6601-m-01-pl.jpg?v=1789032159,https://www.bath-ec.com/fs/bath/6601,No.6601 クロールバリエ メンズ モカシン ローファー  (男性 洗える  痛く,3960 JPY,,,COULEUR VARIE,"https://bath.fs-storage.jp/fs2cabinet/660/6601/6601-m-02-pl.jpg?v=1789032159,https://bath.fs-storage.jp/fs2cabinet/660/6601/6601-m-03-pl.jpg?v=1789032159,https://bath.fs-storage.jp/fs2cabinet/660/6601/6601-m-04-pl.jpg?v=1789032159"
694nav-r,in stock,new,No.694 クロールバリエ シークレットヒール バレエシューズ 汚れたら洗濯機で丸洗いできる、ウォッシャブルシューズ「COULEUR VARIE（クロールバリエ）」。 幅広い世代の女性に愛されてきた日本製ロングセラーバレエシューズ。 インソールは抗菌防臭に優れたシルバーカラーの人工皮革を採用。 外からは分からない約2.5cmのインヒール仕様で とても歩きやすく、足長効果もばっちり。 生地には軽くて通気性が良く、色あせにくい 東レ人工皮革スエードを使用。 とても柔らかな履き心地で 1年を通して快適にお履きいただけます。 クロールバリエならではの多彩なカラーバリエーション、 小さいサイズの21cmから、大きいサイズの25cmまでの幅広いサイズ展開。 あなたにぴったりな１足を探してみてくださいね。 ※色柄の出方は個々により異なり、左右非対称になります。 商品の特性をご理解いただき、アシンメトリーデザインをお楽しみください。,https://bath.fs-storage.jp/fs2cabinet/694/694nav-r/694nav-r-m-01-pl.jpg?v=1789032159,https://www.bath-ec.com/fs/bath/694nav-r,No.694 クロールバリエ シークレットヒール バレエシューズ【定番人気商品,13860 JPY,,,COULEUR VARIE,"https://bath.fs-storage.jp/fs2cabinet/694/694nav-r/694nav-r-m-02-pl.jpg?v=1789032159,https://bath.fs-storage.jp/fs2cabinet/694/694nav-r/694nav-r-m-03-pl.jpg?v=1789032159,https://bath.fs-storage.jp/fs2cabinet/694/694nav-r/694nav-r-m-04-pl.jpg?v=1789032159,https://bath.fs-storage.jp/fs2cabinet/694/694nav-r/694nav-r-m-05-pl.jpg?v=1789032159,https://bath.fs-storage.jp/fs2cabinet/694/694nav-r/694nav-r-m-06-pl.jpg?v=1789032159"
8515,in stock,new,No.8515 バスクラフト 2WAY ショルダーバッグ 百貨店でも定番の後染めアイテム「バスクラフト」。 2WAYでご利用いただけるロングショルダー付きバッグが新登場！ 斜めがけもできるロングショルダーは取り外し可能なので ハンドバッグとしてもご利用いただけます。,https://bath.fs-storage.jp/fs2cabinet/851/8515/8515-m-01-pl.jpg?v=1789032159,https://www.bath-ec.com/fs/bath/8515,※返品・交換不可No.8515 バスクラフト 2WAY ショルダーバッグ (軽い  コン,7700 JPY,,,COULEUR VARIE,
878260,in stock,new,No.878260 クロールバリエ ファー スニーカー 汚れたら洗濯機で丸洗いできる、ウォッシャブルシューズ「COULEUR VARIE（クロールバリエ）」。 ボリュームのあるファーは付け外しができる2WAYスタイル。 それぞれの雰囲気を楽しめコーディネートの幅が広がります。 インソールは抗菌・吸水・速乾・防臭作用のある さらりとしたメッシュ素材で 気になる靴の中の不快感を軽減してくれます。 約2.5cmのインヒールが入っているのでさりげなくスタイルアップ。 さらにクッション性のあるインヒールなので、 歩行時の衝撃も吸収、疲れを軽減してくれます。 生地には軽くて通気性が良く、色あせにくい 東レ人工皮革スエードを使用しています。 ボリュームのある見た目ですが、片足約250gと軽量で重さをあまり感じません。 甲は面ファスナーを使っているのでサイズ調整が可能です。 3Eでゆったりとした履き心地です。 ※洗濯の際、パールのビジューがついておりますので脱水時はタオルで包んでください。,https://bath.fs-storage.jp/fs2cabinet/878/878260/878260-m-01-pl.jpg?v=1789032159,https://www.bath-ec.com/fs/bath/878260,COULEUR VARIE(クロールバリエ)No.878260 クロールバリエ エコファー スニ,4400 JPY,,,COULEUR VARIE,"https://bath.fs-storage.jp/fs2cabinet/878/878260/878260-m-02-pl.jpg?v=1789032159,https://bath.fs-storage.jp/fs2cabinet/878/878260/878260-m-03-pl.jpg?v=1789032159,https://bath.fs-storage.jp/fs2cabinet/878/878260/878260-m-04-pl.jpg?v=1789032159,https://bath.fs-storage.jp/fs2cabinet/878/878260/878260-m-05-pl.jpg?v=1789032159,https://bath.fs-storage.jp/fs2cabinet/878/878260/878260-m-06-pl.jpg?v=1789032159"
4726-2,out of stock,new,No.4726 クロールバリエ お財布ポシェット ちょっとそこまで、のお供に。 小ぶりなのにたっぷり収納できるミニショルダーバッグ。 大きく口の開くメインファスナーを開けると ポケットと仕切りで細かく収納ができる優れもの！ 18秋冬カラーには使いやすくアクセントにもなる新色をご用意しました。 斜めがけもできるロングショルダーは取り外し可能なので ミニクラッチバッグ風にもお持ちいただけます。 日常使いからご旅行まで様々なシーンに 便利で賢い、ちょっぴり自慢したくなるアイテムです。 ◎お手入れ時のご注意◎ やわらかいブラシなどで軽く汚れを払った後、手洗いができます。（洗濯機のご使用はお避けください） 洗剤は漂白剤、柔軟仕上げ剤、蛍光剤の入っていない中性剤をお使いください。 手洗いの際、力を入れすぎると素材の風合いを損なうことがありますので、やさしく洗ってください。 （つけおき洗いはお避けください） その後は形を整えて風通しの良い日陰で充分に乾かしてください。 （アイロンやドライヤーなどの高熱による乾燥はお避けください） ※柄の出方は個々により異なります。,https://bath.fs-storage.jp/fs2cabinet/472/4726-2/4726-2-m-01-pl.jpg?v=1789032159,https://www.bath-ec.com/fs/bath/4726-2,No.4726 クロールバリエ 2wayお財布ポシェット●スペシャルセール※交換返,6930 JPY,4548360000000,,COULEUR VARIE,https://bath.fs-storage.jp/fs2cabinet/472/4726-2/4726-2-m-02-pl.jpg?v=1789032159
929201,in stock,new,No.929201 クロールバリエ ストラップ パンプス(スエードタイプ） 汚れたら洗濯機で丸洗いできる、お手入れ簡単「COULEUR VARIE（クロールバリエ）」。 安定感のある歩行がうれしい日本製ストラップパンプス。 優しい印象のすくみカラーが新たに登場しました。 いろんな色と相性がいいので使いやすく、ワンポイントカラーとしてもマストです。 生地は軽くて通気性が良く、色あせにくい東レ人工皮革スエードを使用。 ワンポイントの刺繍はシンプルなデザインのアクセントになる。 丸みのあるコロンとしたつま先の形「オブリークトゥ（オブリックトゥ）」。 親指に高さがあり、足の指の流れに沿って設計されているので 長時間履いても足が痛くなりにくいデザインです。 ストラップは面ファスナータイプなので お好みに合わせてサイズ感を調節できます。 インソールは前部分は、抗菌防臭・速乾・吸汗・通気性に優れたさらりとしたメッシュ素材。 後ろ部分にも抗菌・防臭・透湿性のある素材を使用しています。 また、土踏まずを支えるアーチクッションで、足の疲れを緩和します。 クロールバリエの人気の木型を使ったローヒールデザイン。 パンツにもスカートにも合わせやすいデザインで、毎日のお出かけにお使いいただけます 。,https://bath.fs-storage.jp/fs2cabinet/929/929201/929201-m-01-pl.jpg?v=1789032159,https://www.bath-ec.com/fs/bath/929201,No.929201 クロールバリエ ストラップ パンプス（スエードタイプ）(メリー,3300 JPY,,,COULEUR VARIE,"https://bath.fs-storage.jp/fs2cabinet/929/929201/929201-m-02-pl.jpg?v=1789032159,https://bath.fs-storage.jp/fs2cabinet/929/929201/929201-m-03-pl.jpg?v=1789032159,https://bath.fs-storage.jp/fs2cabinet/929/929201/929201-m-04-pl.jpg?v=1789032159,https://bath.fs-storage.jp/fs2cabinet/929/929201/929201-m-05-pl.jpg?v=1789032159,https://bath.fs-storage.jp/fs2cabinet/929/929201/929201-m-06-pl.jpg?v=1789032159"
385n-bl,in stock,new,"No.385N クロールバリエ 軽量 パンプス 汚れたら洗濯機で丸洗いできる、ウォッシャブルシューズ「COULEUR VARIE（クロールバリエ）」。 こちらはクロールバリエのロングセラー商品、 軽量パンプスNO,385のリニューアルタイプになります。 通常より手間のかかるプラット製法を採用し、 巻革を使うことによって甲材を引っ張らないため 素材が足に馴染みやすく包み込むような履き心地に。 インソールにはさらりとしたメッシュ素材を使用しているので 素足で履いても気持ちの良い足入れ感。 また、中足骨パッドが足裏の負担を分散させ快適な歩みをサポートします。 サイドのライニング(裏地)にクッション材を採用し、フィット感がアップ。 履きこみもやや浅めになり、スッキリとした印象に。 「クロールバリエ」は洗えるシューズ。 こちらのスムースタイプも通常のスエード風タイプと同様 弊社独自の開発により、水洗いや洗濯機でのお手入れが可能です。 すっきりとしたシンプルデザイン。 女性らしい丸いトゥに、程よい高さのヒール。 お出かけから、お仕事・冠婚葬祭まで大活躍間違いなし。 21cmから25.5cmまで豊富なサイズ展開をご用意しています。",https://bath.fs-storage.jp/fs2cabinet/385/385n-bl/385n-bl-m-01-pl.jpg?v=1789032159,https://www.bath-ec.com/fs/bath/385n-bl,No.385N クロールバリエ 軽量パンプス【定番人気商品】●スペシャルセール,11880 JPY,,,COULEUR VARIE,"https://bath.fs-storage.jp/fs2cabinet/385/385n-bl/385n-bl-m-02-pl.jpg?v=1789032159,https://bath.fs-storage.jp/fs2cabinet/385/385n-bl/385n-bl-m-03-pl.jpg?v=1789032159,https://bath.fs-storage.jp/fs2cabinet/385/385n-bl/385n-bl-m-04-pl.jpg?v=1789032159,https://bath.fs-storage.jp/fs2cabinet/385/385n-bl/385n-bl-m-05-pl.jpg?v=1789032159,https://bath.fs-storage.jp/fs2cabinet/385/385n-bl/385n-bl-m-06-pl.jpg?v=1789032159"
951201,in stock,new,No.951201 クロールバリエ ビット付き フラットシューズ 汚れたら洗濯機で丸洗いできる、ウォッシャブルシューズ「COULEUR VARIE（クロールバリエ）」。 50周年記念の際に登場した復刻デザインのビットローファー。 甲部分にゴールドカラーのビットモチーフをプラスし、洗練された上品な雰囲気に。 インソールとライニングの一部には 抗菌・防臭効果ある素材を使用し、気になる臭いを抑え、蒸れやべたつきを軽減。 インソール全体に約3mmの高反発クッションを敷き、柔らかく気持ちの良い足あたりです。 生地には軽くて通気性が良く、色あせにくい 東レ人工皮革スエードを使用しています。 カジュアルにもきれいめにも◎ シンプルデザインで様々なスタイリングと相性がよく、幅広いカラー展開でご用意しております。 幅広さんにもおすすめの足幅ゆったり設計です。 ※通販関係では「オフホワイト」を「ライトベージュ」と表記している場合がございます。 ※お手入れについて こちらの商品は装飾金具がついていますので、洗濯機をご利用の際はタオルに包んでお手入れしてください。 無題ドキュメント,https://bath.fs-storage.jp/fs2cabinet/951/951201/951201-m-01-pl.jpg?v=1789032159,https://www.bath-ec.com/fs/bath/951201,No.951201 クロールバリエ ビットモチーフ ローファー●スペシャルセール※,3960 JPY,,,COULEUR VARIE,"https://bath.fs-storage.jp/fs2cabinet/951/951201/951201-m-02-pl.jpg?v=1789032159,https://bath.fs-storage.jp/fs2cabinet/951/951201/951201-m-03-pl.jpg?v=1789032159,https://bath.fs-storage.jp/fs2cabinet/951/951201/951201-m-04-pl.jpg?v=1789032159"
974206,in stock,new,NO.974206 クロールバリエ 軽量 クロスオープントゥ パンプス 汚れたら洗濯機で丸洗いできる、ウォッシャブルシューズ「COULEUR VARIE（クロールバリエ）」。 人気の軽量シリーズからシンプルデザインの軽量オープントゥパンプス。 毎日履きたくなる夏らしいローウエッジパンプス。 クロスのデザインは足元をすっきり美しくみせてくれます。 生地は軽くて通気性が良く、色あせにくい東レ人工皮革スエードを使用。 軽さと屈曲性に富んだプラット製法を用いた柔らかな足あたり。 甲材を強く引っ張って成型しないため、甲材の伸縮性が保持され 足を包み込むようなソフトな履き心地です。 インソールは汗をかいても乾きやすいメッシュ素材を使用。 中足骨パット入りで足裏のアーチを支えて歩行の疲れを軽減。,https://bath.fs-storage.jp/fs2cabinet/974/974206/974206-m-01-pl.jpg?v=1789032159,https://www.bath-ec.com/fs/bath/974206,NO.974206 クロールバリエ 軽量 クロスオープントゥ パンプス/●スペシャル,2970 JPY,,,COULEUR VARIE,"https://bath.fs-storage.jp/fs2cabinet/974/974206/974206-m-02-pl.jpg?v=1789032159,https://bath.fs-storage.jp/fs2cabinet/974/974206/974206-m-03-pl.jpg?v=1789032159,https://bath.fs-storage.jp/fs2cabinet/974/974206/974206-m-04-pl.jpg?v=1789032159,https://bath.fs-storage.jp/fs2cabinet/974/974206/974206-m-05-pl.jpg?v=1789032159,https://bath.fs-storage.jp/fs2cabinet/974/974206/974206-m-06-pl.jpg?v=1789032159"
960101,in stock,new,No.960101 バスルーム オールウェザー スニーカー 【世の中の女性を足の悩みから解放する】 百貨店でも大人気、大人のレインシューズでおなじみの「BATH ROOM（バスルーム）」。 撥水素材を使用したシンプルなデザインのオールウェザースニーカー。 撥水材を糸に溶かし込んだニット素材のオールウェザータイプ。 晴れの日のお出かけはもちろん、急な雨にも安心です。 履き口が伸縮し、すぽっと履けるスリッポンタイプ、 靴下のようにやさしく足にフィットします。 中敷は取り外し可能なカップインソールで、外して洗えるので いつでも清潔にお使いいただけます。 メッシュ素材なのでさらりと快適。 軽くて、滑りにくい凹凸のあるソールは返りがよく歩きやすい。 シンプルなスニーカーデザインで驚くほど軽く、いつものスタイルに合わせたくなる。 天気を選ばず安心していつでもお履きいただけます。 -撥水素材について- 本商品に使用しております生地の撥水加工はご使用中の摩擦によりご使用毎に低下していきます。 市販の撥水スプレーなどでケアしていただくことをお勧めします。 ※「ネイビー」のお色は黒に近いとても深い藍色です。 ※こちらの商品は撥水仕様となっておりますが、使用状況により水がしみこむ場合がございます。 （完全防水ではありません) ※ご使用後は水分や汚れをきれいにふき取って陰干ししてください。 保管する際は直射日光を避け、湿気の少ない所で保管してください。,https://bath.fs-storage.jp/fs2cabinet/960/960101/960101-m-01-pl.jpg?v=1789032159,https://www.bath-ec.com/fs/bath/960101,No.960101 バスルーム オールウェザー レイン　スニーカー【定番人気商品】,11880 JPY,,,COULEUR VARIE,"https://bath.fs-storage.jp/fs2cabinet/960/960101/960101-m-02-pl.jpg?v=1789032159,https://bath.fs-storage.jp/fs2cabinet/960/960101/960101-m-03-pl.jpg?v=1789032159,https://bath.fs-storage.jp/fs2cabinet/960/960101/960101-m-04-pl.jpg?v=1789032159,https://bath.fs-storage.jp/fs2cabinet/960/960101/960101-m-05-pl.jpg?v=1789032159,https://bath.fs-storage.jp/fs2cabinet/960/960101/960101-m-06-pl.jpg?v=1789032159"
954851,in stock,new,No.954851 バスクラフト ソフトレースアップシューズ(レディース) 百貨店でもおなじみの歩きやすく、足に優しいシューズ「BATH CRAFT（バスクラフト）」。 素材をたっぷりと使ったしなやかで柔らかな履き心地。 足当たりが柔らかいので痛くない、履いていくうちに足になじみます。 ゴム素材のシューレースとかかとの柔らかさで足入れがスムーズです。 中敷はカップインソールを採用しているので、いつでも取り外してお手入れできます。 屈曲性に優れたソールで歩行も楽々。 ソフトな履き心地と返りの良さ。 皮革と相違ないシボ(シワ)感と上質感を損なわず 本格的な味わいが楽しめる、高級人工皮革を使用しています。 足馴染みしやすく、お手入れが簡単なのも嬉しいポイントです。 色や数に限りがございますので、この機会にチェックしてみてください。,https://bath.fs-storage.jp/fs2cabinet/954/954851/954851-m-01-pl.jpg?v=1789032159,https://www.bath-ec.com/fs/bath/954851,No.954851 バスクラフト ソフトレースアップシューズ【2E】●スペシャルセ,2970 JPY,,,COULEUR VARIE,"https://bath.fs-storage.jp/fs2cabinet/954/954851/954851-m-02-pl.jpg?v=1789032159,https://bath.fs-storage.jp/fs2cabinet/954/954851/954851-m-03-pl.jpg?v=1789032159,https://bath.fs-storage.jp/fs2cabinet/954/954851/954851-m-04-pl.jpg?v=1789032159,https://bath.fs-storage.jp/fs2cabinet/954/954851/954851-m-05-pl.jpg?v=1789032159,https://bath.fs-storage.jp/fs2cabinet/954/954851/954851-m-06-pl.jpg?v=1789032159"
978252,in stock,new,No.978252 クロールバリエ 内ボア タッセル モカシン 汚れたら洗濯機で丸洗いできる、ウォッシャブルシューズ「COULEUR VARIE（クロールバリエ）」。 あたたかいボア仕様のタッセルモカシン。 甲は手縫いのモカステッチで非常に足馴染みがよい。 中敷のアーチクッションが土踏まずを支え、足の疲れを軽減します。 ライニングは抗菌・防臭・透湿性のある素材でにおいを抑え、ムレやべたつきを軽減します。 生地には軽くて通気性に優れた、発色の良い東レ人工スエードを使用。 ソールは軽くて返りがよく、歩きややすくて足に馴染みます。 中敷がボア仕様なので寒い季節も暖かく、いろんなファッションに取り入れられます 。 ※一足一足手縫いですので、若干の個体差が生じる可能性がございますが、使用するうちに足になじみます。,https://bath.fs-storage.jp/fs2cabinet/978/978252/978252-m-01-pl.jpg?v=1789032159,https://www.bath-ec.com/fs/bath/978252,COULEUR VARIE(クロールバリエ)No.978252 クロールバリエ 内ボア タッセル,3960 JPY,,,COULEUR VARIE,"https://bath.fs-storage.jp/fs2cabinet/978/978252/978252-m-02-pl.jpg?v=1789032159,https://bath.fs-storage.jp/fs2cabinet/978/978252/978252-m-03-pl.jpg?v=1789032159"
4722,out of stock,new,ハートブラック ハートレッド ハートベージュ,https://bath.fs-storage.jp/fs2cabinet/472/4722/4722-m-01-pl.jpg?v=1789032159,https://www.bath-ec.com/fs/bath/4722,※返品・交換不可No.4722 バスルーム umbrella 雨傘 【ハートタイプ】レイ,3960 JPY,,,COULEUR VARIE,"https://bath.fs-storage.jp/fs2cabinet/472/4722/4722-m-02-pl.jpg?v=1789032159,https://bath.fs-storage.jp/fs2cabinet/472/4722/4722-m-03-pl.jpg?v=1789032159,https://bath.fs-storage.jp/fs2cabinet/472/4722/4722-m-04-pl.jpg?v=1789032159,https://bath.fs-storage.jp/fs2cabinet/472/4722/4722-m-05-pl.jpg?v=1789032159,https://bath.fs-storage.jp/fs2cabinet/472/4722/4722-m-06-pl.jpg?v=1789032159"
4723,out of stock,new,フリルブラック フリルレッド フリルベージュ,https://bath.fs-storage.jp/fs2cabinet/472/4723/4723-m-01-pl.jpg?v=1789032159,https://www.bath-ec.com/fs/bath/4723,※返品・交換不可No.4723 バスルーム umbrella 雨傘 【フリルタイプ】レイ,3960 JPY,,,COULEUR VARIE,"https://bath.fs-storage.jp/fs2cabinet/472/4723/4723-m-02-pl.jpg?v=1789032159,https://bath.fs-storage.jp/fs2cabinet/472/4723/4723-m-03-pl.jpg?v=1789032159,https://bath.fs-storage.jp/fs2cabinet/472/4723/4723-m-04-pl.jpg?v=1789032159,https://bath.fs-storage.jp/fs2cabinet/472/4723/4723-m-05-pl.jpg?v=1789032159,https://bath.fs-storage.jp/fs2cabinet/472/4723/4723-m-06-pl.jpg?v=1789032159"
385nsale,in stock,new,"No.385n クロールバリエ 軽量 パンプス 汚れたら洗濯機で丸洗いできる、ウォッシャブルシューズ「COULEUR VARIE（クロールバリエ）」。 こちらはクロールバリエのロングセラー商品、 軽量パンプスNO,385のリニューアルタイプになります。 通常より手間のかかるプラット製法を採用し、 巻革を使うことによって甲材を引っ張らないため 素材が足に馴染みやすく包み込むような履き心地に。 インソールにはさらりとしたメッシュ素材を使用しているので 素足で履いても気持ちの良い足入れ感。 また、中足骨パッドが足裏の負担を分散させ快適な歩みをサポートします。 サイドのライニング(裏地)にクッション材を採用し、フィット感がアップ。 履きこみもやや浅めになり、スッキリとした印象に。 「クロールバリエ」は洗えるシューズ。 こちらのスムースタイプも通常のスエード風タイプと同様 弊社独自の開発により、水洗いや洗濯機でのお手入れが可能です。 すっきりとしたシンプルデザイン。 女性らしい丸いトゥに、程よい高さのヒール。 お出かけから、お仕事・冠婚葬祭まで大活躍間違いなし。 21cmから25.5cmまで豊富なサイズ展開をご用意しています。",https://bath.fs-storage.jp/fs2cabinet/385/385nsale/385nsale-m-01-pl.jpg?v=1789032159,https://www.bath-ec.com/fs/bath/385nsale,No.385n クロールバリエ 軽量 パンプス●スペシャルセール※交換返品不可,3960 JPY,,,COULEUR VARIE,
051203,in stock,new,No.051203 クロールバリエ パンチングデッキシューズ 汚れたら洗濯機で丸洗いできる、ウォッシャブルシューズ「COULEUR VARIE（クロールバリエ）」。 春らしいパンチングデザインのドライビングシューズ。 ライナー素材を使わず、東レ人工スエードのダブル合わせという贅沢な仕様なのでとてもなめらかな肌触りです。 リボンに付いているシルバーの金具は高級感があり、アクセントになっています。 カジュアル過ぎないスクエアトゥなのでデイリーからちょっとしたお出かけまでコーデの幅が広がり、 足に優しいふわふわクッションも魅力◎ さらに抗菌・防臭・透湿性のある素材で気になるにおいやむれを軽減。 生地には軽くて通気性が良く、色あせにくい 東レ人工皮革スエードを使用しています。 モカステッチは一足一足丁寧な手縫いで、なじみが良く足を優しく包み込みます。 ※お手入れについて こちらの商品は装飾金具がついていますので、洗濯機をご利用の際はタオルに包んでお手入れしてください。,https://bath.fs-storage.jp/fs2cabinet/051/051203/051203-m-01-pl.jpg?v=1789032159,https://www.bath-ec.com/fs/bath/051203,No.051203 クロールバリエ パンチング デッキシューズ【2E】●スペシャルセ,3300 JPY,,,COULEUR VARIE,"https://bath.fs-storage.jp/fs2cabinet/051/051203/051203-m-02-pl.jpg?v=1789032159,https://bath.fs-storage.jp/fs2cabinet/051/051203/051203-m-03-pl.jpg?v=1789032159,https://bath.fs-storage.jp/fs2cabinet/051/051203/051203-m-04-pl.jpg?v=1789032159,https://bath.fs-storage.jp/fs2cabinet/051/051203/051203-m-05-pl.jpg?v=1789032159,https://bath.fs-storage.jp/fs2cabinet/051/051203/051203-m-06-pl.jpg?v=1789032159"
974201,in stock,new,No.974201 クロールバリエ 軽量 パンプス 汚れたら洗濯機で丸洗いできる、ウォッシャブルシューズ「COULEUR VARIE（クロールバリエ）」。 ロングセラーの超軽量パンプスがリニューアル。 従来よりヒール幅が太くなり、ソールの接地面が増えて安定感が増しました。 さらにソールの溝の形状が深くなり滑りにくい。 トゥ周りは軽さと屈曲性に富んだプラット製法を用いた柔らかな足あたり。 甲材を強く引っ張って成型しないため、甲材の伸縮性が保持され 足を包み込むようなソフトな履き心地です。 クッション性に優れたインソールにもご注目。 アーチクッションが足裏に優しくフィット。 土踏まずを支え、足裏にかかる負荷を軽減してくれます。 片足約145g(23cm)のとても軽い履き心地。 履くほどにあなたの足に馴染んできます。 生地には軽くて通気性が良く、色あせにくい 東レ人工皮革スエードを使用しています。 歩きやすいウエッジソール、シャーリングのゴム入り甲ストラップが 安定感と程よいアクセントを添えてくれます。,https://bath.fs-storage.jp/fs2cabinet/974/974201/974201-m-01-pl.jpg?v=1789032159,https://www.bath-ec.com/fs/bath/974201,No.974201/No.620 クロールバリエ 軽量 パンプス●スペシャルセール※交換,2970 JPY,,,COULEUR VARIE,"https://bath.fs-storage.jp/fs2cabinet/974/974201/974201-m-02-pl.jpg?v=1789032159,https://bath.fs-storage.jp/fs2cabinet/974/974201/974201-m-03-pl.jpg?v=1789032159,https://bath.fs-storage.jp/fs2cabinet/974/974201/974201-m-04-pl.jpg?v=1789032159,https://bath.fs-storage.jp/fs2cabinet/974/974201/974201-m-05-pl.jpg?v=1789032159,https://bath.fs-storage.jp/fs2cabinet/974/974201/974201-m-06-pl.jpg?v=1789032159"
074206,in stock,new,No.074206 クロールバリエ 軽量ドットモチーフ カットワーク パンプス 汚れたら洗濯機で丸洗いできる、ウォッシャブルシューズ「COULEUR VARIE（クロールバリエ）」。 人気の超軽量シリーズからシンプルデザインの軽量カットワークパンプス。 屈曲性が良く、足を包みこむような優しい履き心地のプラット製法採用のシューズです。 生地には軽くて通気性が良く、発色がよく色あせにくい東レ人工皮革スエードを使用。 インソールは抗菌防臭効果のある、素足でもさらさらと気持ちの良いメッシュ素材。 さらに中足骨パット入りで長時間歩いても疲れにくい。 ランダムなドットモチーフのカットワークが涼しげで可愛らしい印象。 華やかなデザインですが、落ち着いたカラーなので全身のコーディネートがしやすいのが魅力です。 足もとにアクセント。春らしいシューズでお出かけするとワクワクしますよね。 生地には軽くて通気性が良く、色あせにくい 東レ人工皮革スエードを使用しています。,https://bath.fs-storage.jp/fs2cabinet/074/074206/074206-m-01-pl.jpg?v=1789032159,https://www.bath-ec.com/fs/bath/074206,NO.074206 クロールバリエ 軽量 カットワーク パンプス/●スペシャルセール,3300 JPY,,,COULEUR VARIE,"https://bath.fs-storage.jp/fs2cabinet/074/074206/074206-m-02-pl.jpg?v=1789032159,https://bath.fs-storage.jp/fs2cabinet/074/074206/074206-m-03-pl.jpg?v=1789032159"
078801,in stock,new,No.078801H バスクラフト モカシンローファーと同型ですが、染色方法の違いにより足入れ感が若干異なります。 こちらは「後染め」のため、少しタイトな仕上がりとなります。 No.078801 バスクラフト リングベルトドライビングシューズ (レディース)【在庫販売】 歩きやすく、足に優しいシューズ「BATH CRAFT（バスクラフト）」のカラーオーダーシューズの在庫販売ページです。 カラーオーダーの受注終了のため、サイズ・カラー共に数量限定の在庫販売となります。 長年たくさんのリピーターの方にご愛顧いただいております「ドライビングシューズ」は 真っ白な靴を、京都の染色工場で職人が一足一足手染めした後染めならではの立体感のある風合い。 ドライビングシューズならではのソフトな履き心地と返りのよさ、 優しげな手縫いのモカステッチにワンベルトがアクセント。 上質感を損なわずに、つやのある本格的な革の味わいが楽しめる高級人工皮革を使用使用しています。 履いているうちにどんどんあなたの足に馴染んできます。 お手入れが簡単なのも、人工皮革のうれしいポイント。 取り外し可能なカップインソールは、立体的な形状で踵周りをしっかりとカバー。 厚めのクッション材を採用し、歩行時の衝撃を緩和します。 中底を一枚重ねることで、柔らかい履き心地と靴の安定感の両方を実現。 ドライビングシューズでありながら、日常使いや歩くことも考えたソールのつくりになっています。 21.5cmの小さいサイズから25cmの大きいサイズまで幅広く取り揃えております。 在庫販売につき、カラーやサイズに限りがございますのでぜひお見逃しなく,https://bath.fs-storage.jp/fs2cabinet/078/078801/078801-m-01-pl.jpg?v=1789032159,https://www.bath-ec.com/fs/bath/078801,No.078801 バスクラフト リングベルトドライビングシューズ 在庫販売(レデ,9900 JPY,,,COULEUR VARIE,"https://bath.fs-storage.jp/fs2cabinet/078/078801/078801-m-02-pl.jpg?v=1789032159,https://bath.fs-storage.jp/fs2cabinet/078/078801/078801-m-03-pl.jpg?v=1789032159,https://bath.fs-storage.jp/fs2cabinet/078/078801/078801-m-04-pl.jpg?v=1789032159,https://bath.fs-storage.jp/fs2cabinet/078/078801/078801-m-05-pl.jpg?v=1789032159,https://bath.fs-storage.jp/fs2cabinet/078/078801/078801-m-06-pl.jpg?v=1789032159"
4742,in stock,new,ブラック ホワイト ライトピンク,https://bath.fs-storage.jp/fs2cabinet/474/4742/4742-m-01-pl.jpg?v=1789032159,https://www.bath-ec.com/fs/bath/4742,※返品・交換不可※No.4742 バスルーム 折り畳み傘 レイン folding umbrell,3080 JPY,,,COULEUR VARIE,"https://bath.fs-storage.jp/fs2cabinet/474/4742/4742-m-02-pl.jpg?v=1789032159,https://bath.fs-storage.jp/fs2cabinet/474/4742/4742-m-03-pl.jpg?v=1789032159,https://bath.fs-storage.jp/fs2cabinet/474/4742/4742-m-04-pl.jpg?v=1789032159,https://bath.fs-storage.jp/fs2cabinet/474/4742/4742-m-05-pl.jpg?v=1789032159,https://bath.fs-storage.jp/fs2cabinet/474/4742/4742-m-06-pl.jpg?v=1789032159"
4741,in stock,new,ブラック ホワイト ライトピンク,https://bath.fs-storage.jp/fs2cabinet/474/4741/4741-m-01-pl.jpg?v=1789032159,https://www.bath-ec.com/fs/bath/4741,※返品・交換不可No.4741 バスルーム 晴雨兼用 日傘 雨傘 レイン umbrella,4620 JPY,,,COULEUR VARIE,"https://bath.fs-storage.jp/fs2cabinet/474/4741/4741-m-02-pl.jpg?v=1789032159,https://bath.fs-storage.jp/fs2cabinet/474/4741/4741-m-03-pl.jpg?v=1789032159,https://bath.fs-storage.jp/fs2cabinet/474/4741/4741-m-04-pl.jpg?v=1789032159,https://bath.fs-storage.jp/fs2cabinet/474/4741/4741-m-05-pl.jpg?v=1789032159,https://bath.fs-storage.jp/fs2cabinet/474/4741/4741-m-06-pl.jpg?v=1789032159"
694sale,in stock,new,No.694 クロールバリエ シークレットヒール バレエシューズ 汚れたら洗濯機で丸洗いできる、ウォッシャブルシューズ「COULEUR VARIE（クロールバリエ）」。 幅広い世代の女性に愛されてきた日本製ロングセラーバレエシューズ。 外からは分からない約2.5cmのインヒール仕様で とても歩きやすく、足長効果もばっちり。 インソールは抗菌防臭に優れたシルバーカラーの人工皮革を採用。 裏面に再剥離テープを貼っているので何度でも取り外しでき、 インソールだけを洗う事もできます。 生地には軽くて通気性が良く、色あせにくい 東レ人工皮革スエードを使用。 とても柔らかな履き心地で 1年を通して快適にお履きいただけます。 クロールバリエならではの多彩なカラーバリエーション、 小さいサイズの21cmから、大きいサイズの25cmまでの幅広いサイズ展開。 あなたにぴったりな１足を探してみてくださいね。 ※色柄の出方は個々により異なり、左右非対称になります。 商品の特性をご理解いただき、アシンメトリーデザインをお楽しみください。,https://bath.fs-storage.jp/fs2cabinet/694/694sale/694sale-m-01-pl.jpg?v=1789032159,https://www.bath-ec.com/fs/bath/694sale,No.694 クロールバリエ シークレットヒール バレエシューズ(日本製 国産 バ,4950 JPY,,,COULEUR VARIE,"https://bath.fs-storage.jp/fs2cabinet/694/694sale/694sale-m-02-pl.jpg?v=1789032159,https://bath.fs-storage.jp/fs2cabinet/694/694sale/694sale-m-03-pl.jpg?v=1789032159,https://bath.fs-storage.jp/fs2cabinet/694/694sale/694sale-m-04-pl.jpg?v=1789032159,https://bath.fs-storage.jp/fs2cabinet/694/694sale/694sale-m-05-pl.jpg?v=1789032159,https://bath.fs-storage.jp/fs2cabinet/694/694sale/694sale-m-06-pl.jpg?v=1789032159"
078254,in stock,new,No.078254 クロールバリエ ヒールアップ モカシン ローファー 汚れたら洗濯機で丸洗いできる、ウォッシャブルシューズ「COULEUR VARIE（クロールバリエ）」。 程よくヒールアップしたモカシンローファーは、 控えめな金具使いが上品な印象で普段使いもオフィスにもOK。 スマートなフォルムなのに足に優しくフィットするカップインソールの仕様や前側までやや厚底になった軽量設計のモールドソールを採用することで、クッション性抜群の快適な履き心地に。 グリップ力と屈曲性のあるソールでしっかり地面を蹴り出すことができる。片足約160gととても軽い履き心地です。 インソールは取り外せる抗菌・防臭・透湿性のあるカップインソールで単独でのお手入れもできるので、いつでも心地よく履くことができます。 21.5cm～25cmまでのサイズ展開で、小さいサイズから大きいサイズまでございます。,https://bath.fs-storage.jp/fs2cabinet/078/078254/078254-m-01-pl.jpg?v=1789032159,https://www.bath-ec.com/fs/bath/078254,No.078254 クロールバリエ ヒールアップ モカシン ローファー/●スペシャル,3300 JPY,,,COULEUR VARIE,https://bath.fs-storage.jp/fs2cabinet/078/078254/078254-m-02-pl.jpg?v=1789032159
544213sale2,in stock,new,No.544213 クロールバリエ スクエアトゥ バレエシューズ パンプス 汚れたら洗濯機で丸洗いできる、ウォッシャブルシューズ「COULEUR VARIE（クロールバリエ）」。 直営店・百貨店でも人気の定番ロングセラーバレエシューズです。 人気の秘密は、クロールバリエならではの優しい履き心地。 中敷全体に入った約3mmの高反発クッションと さらに、中心からかかとにかけて約5mmのアーチ付クッションを重ね 2層のクッションが足の負担を和らげてくれます。 また、ライニングには抗菌・制菌・防臭・吸湿・速乾作用のある、さらりとしたメッシュ素材を。 中敷きの一部にも、抗菌・防臭・透湿性に優れた人工皮革を採用しています。 中敷きの刺繍デザインは高級感があり、脱ぐのが楽しくなりますね。 足に負担をかけない約2cmのローヒール。 返りが良く、グリップ力のあるソールで 地面をしっかり蹴り出すことができます。 生地には軽くて通気性が良く、色あせにくい 東レ人工皮革スエードを使用し、 パイソンフィルム加工や箔押し加工をする事で さりげないきらめき感をプラスしました。 選ぶのが楽しくなる豊かなカラーバリエーション。 フェミニンなフロントリボン、スクエアトゥの大人デザインで 季節を問わずオールシーズンご愛用頂けます。 ※靴の機能上、インソールと内側面の間は縫いとめられておりません。 ※柄の出方は個々により異なります。何卒ご了承くださいませ。 ※こちらは旧型のNo.519バレエシューズからの新型となりますが、 木型や仕様も変更となっておりますのでNo.519と足入れ感は異なります。,https://bath.fs-storage.jp/fs2cabinet/544/544213sale2/544213sale2-m-01-pl.jpg?v=1789032159,https://www.bath-ec.com/fs/bath/544213sale2,No.544213 クロールバリエ スクエアトゥ リボン バレエシューズ/セール※返,5500 JPY,,,COULEUR VARIE,"https://bath.fs-storage.jp/fs2cabinet/544/544213sale2/544213sale2-m-02-pl.jpg?v=1789032159,https://bath.fs-storage.jp/fs2cabinet/544/544213sale2/544213sale2-m-03-pl.jpg?v=1789032159,https://bath.fs-storage.jp/fs2cabinet/544/544213sale2/544213sale2-m-04-pl.jpg?v=1789032159,https://bath.fs-storage.jp/fs2cabinet/544/544213sale2/544213sale2-m-05-pl.jpg?v=1789032159,https://bath.fs-storage.jp/fs2cabinet/544/544213sale2/544213sale2-m-06-pl.jpg?v=1789032159"
029253,in stock,new,No.029253 クロールバリエ ポインテッドトゥ パンプス 汚れたら洗濯機で丸洗いできる、ウォッシャブルシューズ「COULEUR VARIE（クロールバリエ）」。 どこでも活躍、毎日履けるポインテッドトゥパンプスが登場。 シンプルな細見えパンプスは上品でエレガントな深めのデザインで お仕事やオフィスはもちろん、日常使いやお出かけスタイルにもマッチ。 カラーはいろんな服装に合わせやすいダークカラーからフィルム加工まで。他のカラーと組み合わせても落ち着いた印象になり、上品な足元を演出してくれます。,https://bath.fs-storage.jp/fs2cabinet/029/029253/029253-m-01-pl.jpg?v=1789032159,https://www.bath-ec.com/fs/bath/029253,No.029253 クロールバリエ ポインテッドトゥ パンプス【2E】●スペシャルセ,3300 JPY,,,COULEUR VARIE,"https://bath.fs-storage.jp/fs2cabinet/029/029253/029253-m-02-pl.jpg?v=1789032159,https://bath.fs-storage.jp/fs2cabinet/029/029253/029253-m-03-pl.jpg?v=1789032159"
129201,in stock,new,No.129201 クロールバリエ 2WAY バブーシュ パンプス 汚れたら洗濯機で丸洗いできる、ウォッシャブルシューズ「COULEUR VARIE（クロールバリエ）」。 かかとを踏んでバブーシュにも、2WAY仕様のフラットパンプスが登場。 アウトステッチがアクセントになった2WAY仕様のパンプスは さらりと履きやすいフラットタイプ、かかとを踏んでカジュアルなバブーシュとしてもお使いいただけます。 柔らかく足馴染みがよいアッパー素材は、軽くて通気性が良く色あせにくい東レ人工皮革スエードを使用。 インソールとライニングには抗菌・防臭・透湿性のある高機能素材を採用、気になるにおいやむれを軽減します。 軽くてかえりの良いソールなので、歩きやすく毎日の足元におすすめです。 ※色名に「マイクロドット」と付く色は、光沢のある加工を施しています。(ドットシルバーとゴールドも同様に光沢がございます。),https://bath.fs-storage.jp/fs2cabinet/129/129201/129201-m-01-pl.jpg?v=1789032159,https://www.bath-ec.com/fs/bath/129201,"No.129201 クロールバリエ 2WAY バブーシュ パンプス(レオパード,ヒョウ,パ",3960 JPY,,,COULEUR VARIE,"https://bath.fs-storage.jp/fs2cabinet/129/129201/129201-m-02-pl.jpg?v=1789032159,https://bath.fs-storage.jp/fs2cabinet/129/129201/129201-m-03-pl.jpg?v=1789032159,https://bath.fs-storage.jp/fs2cabinet/129/129201/129201-m-04-pl.jpg?v=1789032159,https://bath.fs-storage.jp/fs2cabinet/129/129201/129201-m-05-pl.jpg?v=1789032159,https://bath.fs-storage.jp/fs2cabinet/129/129201/129201-m-06-pl.jpg?v=1789032159"
178202,in stock,new,No.178202 クロールバリエ シアー レースアップ スニーカー 汚れたら洗濯機で丸洗いできる、ウォッシャブルシューズ「COULEUR VARIE（クロールバリエ）」。 上品なチュール×刺繍をあしらったレースアップスニーカー。 上品でかわいい装飾にレースアップのリボンが大人かわいいデザインで心をくすぐります。 チュール部分は肌が透けて見えるさりげない透け感あり。 0.5cmのインヒール入りでスニーカーだけどすっきりと脚長効果。 中敷は足裏の形状に沿ったカップインソールで疲れを軽減。 また抗菌・防臭・透湿性のある高機能な素材なのもうれしいポイントです。 中敷を取り外せるので気になるにおいや汚れを簡単にお手入れできます。 シンプルなコーディネイトを華やかにする、スカートにもパンツにも合わせられるアイテムです。,https://bath.fs-storage.jp/fs2cabinet/178/178202/178202-m-01-pl.jpg?v=1789032159,https://www.bath-ec.com/fs/bath/178202,No.178202 クロールバリエ シアー レースアップ スニーカー【2E】●スペシ,3300 JPY,,,COULEUR VARIE,"https://bath.fs-storage.jp/fs2cabinet/178/178202/178202-m-02-pl.jpg?v=1789032159,https://bath.fs-storage.jp/fs2cabinet/178/178202/178202-m-03-pl.jpg?v=1789032159,https://bath.fs-storage.jp/fs2cabinet/178/178202/178202-m-04-pl.jpg?v=1789032159,https://bath.fs-storage.jp/fs2cabinet/178/178202/178202-m-05-pl.jpg?v=1789032159,https://bath.fs-storage.jp/fs2cabinet/178/178202/178202-m-06-pl.jpg?v=1789032159"
151202,in stock,new,No.151202 クロールバリエ リボン デッキシューズ 汚れたら洗濯機で丸洗いできる、ウォッシャブルシューズ「COULEUR VARIE（クロールバリエ）」。 様々なスタイルに合わせやすい、オールシーズン使えるシンプルデッキシューズが登場。 モカ編みのアッパーは柔らかく足馴染み抜群。 インソールは通気性の良いメッシュ素材で足裏にフィットしやすいカップインソールの仕様。 抗菌・防臭・透湿性のうれしい高機能あり。 柔らかく足馴染みがよいアッパー素材は、軽くて通気性が良く色あせにくい東レ人工皮革スエードを使用。 軽くてかえりの良いソールなので、歩きやすく毎日の足元におすすめです。 ※濡れた地面やタイルの上は滑りやすいのでご注意ください。,https://bath.fs-storage.jp/fs2cabinet/151/151202/151202-m-01-pl.jpg?v=1789032159,https://www.bath-ec.com/fs/bath/151202,No.151202 クロールバリエ リボンデッキシューズ【2E】●スペシャルセール,3300 JPY,,,COULEUR VARIE,"https://bath.fs-storage.jp/fs2cabinet/151/151202/151202-m-02-pl.jpg?v=1789032159,https://bath.fs-storage.jp/fs2cabinet/151/151202/151202-m-03-pl.jpg?v=1789032159"
694sale3,in stock,new,No.694 クロールバリエ シークレットヒール バレエシューズ 汚れたら洗濯機で丸洗いできる、ウォッシャブルシューズ「COULEUR VARIE（クロールバリエ）」。 幅広い世代の女性に愛されてきた日本製ロングセラーバレエシューズ。 外からは分からない約2.5cmのインヒール仕様で とても歩きやすく、足長効果もばっちり。 インソールは抗菌防臭に優れたシルバーカラーの人工皮革を採用。 裏面に再剥離テープを貼っているので何度でも取り外しでき、 インソールだけを洗う事もできます。 生地には軽くて通気性が良く、色あせにくい 東レ人工皮革スエードを使用。 とても柔らかな履き心地で 1年を通して快適にお履きいただけます。 クロールバリエならではの多彩なカラーバリエーション、 小さいサイズの21cmから、大きいサイズの25cmまでの幅広いサイズ展開。 あなたにぴったりな1足を探してみてくださいね。,https://bath.fs-storage.jp/fs2cabinet/694/694sale3/694sale3-m-01-pl.jpg?v=1789032159,https://www.bath-ec.com/fs/bath/694sale3,No.694 クロールバリエ シークレットヒール バレエシューズ(日本製 国産 バ,5940 JPY,,,COULEUR VARIE,"https://bath.fs-storage.jp/fs2cabinet/694/694sale3/694sale3-m-02-pl.jpg?v=1789032159,https://bath.fs-storage.jp/fs2cabinet/694/694sale3/694sale3-m-03-pl.jpg?v=1789032159,https://bath.fs-storage.jp/fs2cabinet/694/694sale3/694sale3-m-04-pl.jpg?v=1789032159,https://bath.fs-storage.jp/fs2cabinet/694/694sale3/694sale3-m-05-pl.jpg?v=1789032159,https://bath.fs-storage.jp/fs2cabinet/694/694sale3/694sale3-m-06-pl.jpg?v=1789032159"
144080,in stock,new,No.144080 クロールバリエリラクシング リボンルームシューズ ウォッシャブルシューズでお馴染みの「COULEUR VARIE(クロールバリエ)」から、室内でもお洒落に快適に過ごしたい、毎日をより心地良くするために素材にもこだわったラグジュアリーなルームシューズが登場。定評のあるクロールバリエシューズの履き心地をお家の中でも体感していただけます。もちろんウォッシャブル仕様なので、汚れたら丸洗いしていつでも清潔に心地よく過ごせます。 クロスのデザインは足を美しく華奢に見せてくれます。またクロス部分は隙間から指が出てきにくいように狭くデザインされいます。 卵殻膜プロテインと生体親和性ポリマーの融合により生まれたお肌に優しい素材「エッグベール🄬」を中敷素材に使用しています。 中敷素材「エッグベール🄬」の特長 ・帯電防止性(摩擦耐電圧)：静電気を帯びにくくします。※完全に静電気を除去する加工ではございません。 ・吸湿性・吸水性：ムレやべたつきを抑えて快適な肌触り。 自宅ではもちろん、オフィスや学校行事など様々なシーンでおすすめです。室内でも姿勢良く、手軽にスタイルアップできる約4cmヒールで、立ち姿をスラっと美しく見せてくれます。パンツ丈をヒールの高さで合わせている方も、室内で裾を引きずることがありません。小柄な方はキッチンの高さが合わない場合の高さ調整にもなります。 ※洗濯のご注意：中性洗剤をお使いください。洗濯機をご使用の場合は洗濯ネットに入れてください。※,https://bath.fs-storage.jp/fs2cabinet/144/144080/144080-m-01-pl.jpg?v=1789032159,https://www.bath-ec.com/fs/bath/144080,No.144080 クロールバリエリラクシング リボンルームシューズ/●スペシャル,2200 JPY,,,COULEUR VARIE,"https://bath.fs-storage.jp/fs2cabinet/144/144080/144080-m-02-pl.jpg?v=1789032159,https://bath.fs-storage.jp/fs2cabinet/144/144080/144080-m-03-pl.jpg?v=1789032159,https://bath.fs-storage.jp/fs2cabinet/144/144080/144080-m-04-pl.jpg?v=1789032159,https://bath.fs-storage.jp/fs2cabinet/144/144080/144080-m-05-pl.jpg?v=1789032159,https://bath.fs-storage.jp/fs2cabinet/144/144080/144080-m-06-pl.jpg?v=1789032159"
178282,in stock,new,No.178282 クロールバリエ バックル付き スクエアスリッポン 汚れたら洗濯機で丸洗いできる、ウォッシャブルシューズ「COULEUR VARIE（クロールバリエ）」。 フロントにマットゴールドのバックルをあしらったスリッポン。 クラシカルな印象で足幅も華奢に見せてくれるデザイン。 ベルト部分が伸縮するから幅広・甲高の方にもおすすめの1足。 ・ベルトの両端がゴム仕様で締め付けにくい ・取り外せるカップインソール。足裏に合う形状で疲れを軽減 ・抗菌防臭機能 気になる足のにおいを防ぐ ・インヒール こっそり美脚効果 ・3E ゆったりした履き心地,https://bath.fs-storage.jp/fs2cabinet/178/178282/178282-m-01-pl.jpg?v=1789032159,https://www.bath-ec.com/fs/bath/178282,No178282 クロールバリエ バックル付き スクエア スリッポン●スペシャルセ,4950 JPY,,,COULEUR VARIE,"https://bath.fs-storage.jp/fs2cabinet/178/178282/178282-m-02-pl.jpg?v=1789032159,https://bath.fs-storage.jp/fs2cabinet/178/178282/178282-m-03-pl.jpg?v=1789032159,https://bath.fs-storage.jp/fs2cabinet/178/178282/178282-m-04-pl.jpg?v=1789032159"
178286,in stock,new,No.178286 クロールバリエ 中綿 ボア ショートブーツ 汚れたら洗濯機で丸洗いできる、ウォッシャブルシューズ「COULEUR VARIE（クロールバリエ）」。 ボリューム感のある見た目でも片足約230ｇの軽さと柔らかさで靴下のような履き心地。 アッパー材は中綿入りで保温性も◎ 裏地と中敷も暖かなファー素材。 ・取り外せるカップインソール。足裏に合う形状で疲れを軽減 ・軽量：軽さが魅力の人気シリーズ ・あったか ・3E ゆったりした履き心地,https://bath.fs-storage.jp/fs2cabinet/178/178286/178286-m-01-pl.jpg?v=1789032159,https://www.bath-ec.com/fs/bath/178286,COULEUR VARIE(クロールバリエ)No.178286 クロールバリエ 中綿 ボア ショー,4950 JPY,,,COULEUR VARIE,"https://bath.fs-storage.jp/fs2cabinet/178/178286/178286-m-02-pl.jpg?v=1789032159,https://bath.fs-storage.jp/fs2cabinet/178/178286/178286-m-03-pl.jpg?v=1789032159,https://bath.fs-storage.jp/fs2cabinet/178/178286/178286-m-04-pl.jpg?v=1789032159,https://bath.fs-storage.jp/fs2cabinet/178/178286/178286-m-05-pl.jpg?v=1789032159,https://bath.fs-storage.jp/fs2cabinet/178/178286/178286-m-06-pl.jpg?v=1789032159"
174285,in stock,new,No.174285 クロールバリエ 軽量 ブーツ 汚れたら洗濯機で丸洗いできる、ウォッシャブルシューズ「COULEUR VARIE（クロールバリエ）」。 人気の超軽量シリーズからルゆったりルーズ感のあるショートブーツが登場。 すぽっと簡単に履けて驚くほど軽量で長時間でも快適な履き心地です。 ・軽量：軽さが魅力の人気シリーズ ・3E-4E ゆったりした履き心地,https://bath.fs-storage.jp/fs2cabinet/174/174285/174285-m-01-pl.jpg?v=1789032159,https://www.bath-ec.com/fs/bath/174285,COULEUR VARIE(クロールバリエ)No.174285 クロールバリエ 軽量 ブーツ●ス,4950 JPY,,,COULEUR VARIE,"https://bath.fs-storage.jp/fs2cabinet/174/174285/174285-m-02-pl.jpg?v=1789032159,https://bath.fs-storage.jp/fs2cabinet/174/174285/174285-m-03-pl.jpg?v=1789032159,https://bath.fs-storage.jp/fs2cabinet/174/174285/174285-m-04-pl.jpg?v=1789032159,https://bath.fs-storage.jp/fs2cabinet/174/174285/174285-m-05-pl.jpg?v=1789032159,https://bath.fs-storage.jp/fs2cabinet/174/174285/174285-m-06-pl.jpg?v=1789032159"
174551,in stock,new,"- elevage エルバージュ - ヒールの靴は足が疲れやすく、踵が抜ける、前滑りして爪先が痛くなる、そんな理由で履くことを諦めている方々にストレスなくヒールの靴を履いて颯爽と歩いてほしい。しかもそれが環境に配慮した素材で作られたものであるならさらに魅力的に感じてくれるはず。elevageはそんな価値を知る大人の女性のための体感－２センチのシューズです。 再生PET繊維を導入し環境に配慮した素材で、通気性、透湿性、耐久性に優れています。上質でソフトな手触り、美しい発色も魅力です。また、高いメンテナンス性も特徴の一つです。 高機能を活かして、飛行機や電気自動車の内装、家具などに使用されています 上品さとモード感がほど良く合わさったスクエアトゥパンプス 甲が深いデザインで歩きやすくビジネスシーンでも幅広く活躍 サイズ選び ジャストサイズでお選びください 仕様 ・サイズ展開:22.0～25.0cm ・色展開:グレー,ローズ(レッド),スムースブラック,スムーストープ,ブラック,インディゴ,グレージュ,スムースライトベージュ ・ヒールの高さ:約5cm ・ワイズ:3E ・重さ:約220g ・素材:ウルトラスエード 型番：174551",https://bath.fs-storage.jp/fs2cabinet/174/174551/174551-m-01-pl.jpg?v=1789032159,https://www.bath-ec.com/fs/bath/174551,elevage 甲深パンプス●スペシャルセール※返品・交換不可,4950 JPY,,,COULEUR VARIE,"https://bath.fs-storage.jp/fs2cabinet/174/174551/174551-m-02-pl.jpg?v=1789032159,https://bath.fs-storage.jp/fs2cabinet/174/174551/174551-m-03-pl.jpg?v=1789032159,https://bath.fs-storage.jp/fs2cabinet/174/174551/174551-m-04-pl.jpg?v=1789032159,https://bath.fs-storage.jp/fs2cabinet/174/174551/174551-m-05-pl.jpg?v=1789032159,https://bath.fs-storage.jp/fs2cabinet/174/174551/174551-m-06-pl.jpg?v=1789032159"
174552,in stock,new,- elevage エルバージュ - ヒールの靴は足が疲れやすく、踵が抜ける、前滑りして爪先が痛くなる、そんな理由で履くことを諦めている方々にストレスなくヒールの靴を履いて颯爽と歩いてほしい。しかもそれが環境に配慮した素材で作られたものであるならさらに魅力的に感じてくれるはず。elevageはそんな価値を知る大人の女性のための体感－２センチのシューズです。 再生PET繊維を導入し環境に配慮した素材で、通気性、透湿性、耐久性に優れています。上質でソフトな手触り、美しい発色も魅力です。また、高いメンテナンス性も特徴の一つです。 高機能を活かして、飛行機や電気自動車の内装、家具などに使用されています elevage シューティ パンプス感覚でサッと履ける美脚シューティ Ｖカットデザインがコーディネートに新鮮な印象を与えてくれる サイズ感について：大きめの足入れ感ですので足が細めの方は1サイズ下げてください。 ・サイズ展開:22.0～25.0cm ・サイズ感:ジャストサイズ ・カラー展開:ブラック ブラウン ベージュ ・ヒールの高さ:約7cm ・ワイズ:3E ・重さ:約250g ・素材:ウルトラスエード 型番：174552,https://bath.fs-storage.jp/fs2cabinet/174/174552/174552-m-01-pl.jpg?v=1789032159,https://www.bath-ec.com/fs/bath/174552,elevageエルバージュ NO.174552 シューティ 東レウルトラスエードを使用し,5940 JPY,,,COULEUR VARIE,"https://bath.fs-storage.jp/fs2cabinet/174/174552/174552-m-02-pl.jpg?v=1789032159,https://bath.fs-storage.jp/fs2cabinet/174/174552/174552-m-03-pl.jpg?v=1789032159,https://bath.fs-storage.jp/fs2cabinet/174/174552/174552-m-04-pl.jpg?v=1789032159,https://bath.fs-storage.jp/fs2cabinet/174/174552/174552-m-05-pl.jpg?v=1789032159,https://bath.fs-storage.jp/fs2cabinet/174/174552/174552-m-06-pl.jpg?v=1789032159"
174553,in stock,new,- elevage エルバージュ - ヒールの靴は足が疲れやすく、踵が抜ける、前滑りして爪先が痛くなる、そんな理由で履くことを諦めている方々にストレスなくヒールの靴を履いて颯爽と歩いてほしい。しかもそれが環境に配慮した素材で作られたものであるならさらに魅力的に感じてくれるはず。elevageはそんな価値を知る大人の女性のための体感－２センチのシューズです。 再生PET繊維を導入し環境に配慮した素材で、通気性、透湿性、耐久性に優れています。上質でソフトな手触り、美しい発色も魅力です。また、高いメンテナンス性も特徴の一つです。 高機能を活かして、飛行機や電気自動車の内装、家具などに使用されています elevage ショートブーツ シンプルなシルエットが大人の日常に美しくフィットするショートブーツ トレンドに左右されないスッキリしたデザインでどんなファッションにも馴染む ジャストサイズでお選びください ・サイズ展開:22.0～25.0cm ・サイズ感:ジャストサイズ ・ヒールの高さ:約5cm ・ワイズ:3E ・重さ:約260g ・素材:ウルトラスエード 型番：174553,https://bath.fs-storage.jp/fs2cabinet/174/174553/174553-m-01-pl.jpg?v=1789032159,https://www.bath-ec.com/fs/bath/174553,elevageエルバージュ　 ショートブーツ　NO.174553  東レウルトラスエード,6930 JPY,,,COULEUR VARIE,"https://bath.fs-storage.jp/fs2cabinet/174/174553/174553-m-02-pl.jpg?v=1789032159,https://bath.fs-storage.jp/fs2cabinet/174/174553/174553-m-03-pl.jpg?v=1789032159,https://bath.fs-storage.jp/fs2cabinet/174/174553/174553-m-04-pl.jpg?v=1789032159,https://bath.fs-storage.jp/fs2cabinet/174/174553/174553-m-05-pl.jpg?v=1789032159,https://bath.fs-storage.jp/fs2cabinet/174/174553/174553-m-06-pl.jpg?v=1789032159"
174554,in stock,new,- elevage エルバージュ - ヒールの靴は足が疲れやすく、踵が抜ける、前滑りして爪先が痛くなる、そんな理由で履くことを諦めている方々にストレスなくヒールの靴を履いて颯爽と歩いてほしい。しかもそれが環境に配慮した素材で作られたものであるならさらに魅力的に感じてくれるはず。elevageはそんな価値を知る大人の女性のための体感－２センチのシューズです。 再生PET繊維を導入し環境に配慮した素材で、通気性、透湿性、耐久性に優れています。上質でソフトな手触り、美しい発色も魅力です。また、高いメンテナンス性も特徴の一つです。 高機能を活かして、飛行機や電気自動車の内装、家具などに使用されています elevage ブーティ トレンド感も楽しめるフェミニンなシルエットのブーティ エレガントなポインテッドトゥと7センチのヒールが美脚見せを叶える ジャストサイズでお選びください ・サイズ展開:22.0～25.0cm ・サイズ感:ジャストサイズ ・ヒールの高さ:約7cm ・ワイズ:3E ・重さ:約280g ・素材:ウルトラスエード 型番：174554,https://bath.fs-storage.jp/fs2cabinet/174/174554/174554-m-01-pl.jpg?v=1789032159,https://www.bath-ec.com/fs/bath/174554,elevageエルバージュ NO.174554 ブーティ 東レウルトラスエードを使用した,6930 JPY,,,COULEUR VARIE,"https://bath.fs-storage.jp/fs2cabinet/174/174554/174554-m-02-pl.jpg?v=1789032159,https://bath.fs-storage.jp/fs2cabinet/174/174554/174554-m-03-pl.jpg?v=1789032159,https://bath.fs-storage.jp/fs2cabinet/174/174554/174554-m-04-pl.jpg?v=1789032159,https://bath.fs-storage.jp/fs2cabinet/174/174554/174554-m-05-pl.jpg?v=1789032159,https://bath.fs-storage.jp/fs2cabinet/174/174554/174554-m-06-pl.jpg?v=1789032159"
144081,out of stock,new,No.144081 クロールバリエリラクシング リボンバレエルームシューズ ウォッシャブルシューズでお馴染みの「COULEUR VARIE(クロールバリエ)」から、室内でもお洒落に快適に過ごしたい、毎日をより心地良くするために素材にもこだわったラグジュアリーなルームシューズが登場。定評のあるクロールバリエシューズの履き心地をお家の中でも体感していただけます。もちろんウォッシャブル仕様なので、汚れたら丸洗いしていつでも清潔に心地よく過ごせます。 クロールバリエで長年定評のあるバレエシューズのデザインをリラクシングでも。 ゆったりと足を包み込むバレエシューズタイプで心地良い履き心地。約2cmのヒールが使いやすく、さりげないスタイルアップもかなえてくれます。カラフルなカラーはバレエシューズのデザインとマッチして気分をあげてくれます。 卵殻膜プロテインと生体親和性ポリマーの融合により生まれたお肌に優しい素材「エッグベール🄬」を中敷素材に使用しています。 中敷素材「エッグベール🄬」の特長 ・帯電防止性(摩擦耐電圧)：静電気を帯びにくくします。※完全に静電気を除去する加工ではございません。 ・吸湿性・吸水性：ムレやべたつきを抑えて快適な肌触り。 室内での使用でも床を傷つけない底材、しっかりとしたクッション性。使い心地にこだわった機能性を備えております。自宅ではもちろん、オフィスや学校行事など様々なシーンでおすすめです。 ※洗濯のご注意：中性洗剤をお使いください。洗濯機をご使用の場合は洗濯ネットに入れてください。※,https://bath.fs-storage.jp/fs2cabinet/144/144081/144081-m-01-pl.jpg?v=1789032159,https://www.bath-ec.com/fs/bath/144081,No.144081 クロールバリエリラクシング リボンバレエ ルームシューズ/●ス,2200 JPY,,,COULEUR VARIE,
174554e,in stock,new,"- elevage エルバージュ - ヒールの靴は足が疲れやすく、踵が抜ける、前滑りして爪先が痛くなる、そんな理由で履くことを諦めている方々にストレスなくヒールの靴を履いて颯爽と歩いてほしい。しかもそれが環境に配慮した素材で作られたものであるならさらに魅力的に感じてくれるはず。elevageはそんな価値を知る大人の女性のための体感－２センチのシューズです。 再生PET繊維を導入し環境に配慮した素材で、通気性、透湿性、耐久性に優れています。上質でソフトな手触り、美しい発色も魅力です。また、高いメンテナンス性も特徴の一つです。 高機能を活かして、飛行機や電気自動車の内装、家具などに使用されています elevage ブーティ スエードタイプ トレンド感も楽しめるフェミニンなシルエットのブーティ エレガントなポインテッドトゥと7センチのヒールが美脚見せを叶える ジャストサイズでお選びください ・サイズ展開:22.0～25.0cm ・色展開:ベージュ,ブラック,ブルー,キャメル,ダークグリーン,ダークレッド,グレー ・サイズ感:ジャストサイズ ・ヒールの高さ:約7cm ・ワイズ:3E ・重さ:約280g ・素材:ウルトラスエード 型番：174554e ※画像はイメージです。生産にはないカラーがある可能性がございます。あらかじめご了承ください。",https://bath.fs-storage.jp/fs2cabinet/174/174554e/174554e-m-01-pl.jpg?v=1789032159,https://www.bath-ec.com/fs/bath/174554e,elevageエルバージュ 東レウルトラスエードを使用した初シューズブランドel,6930 JPY,,,COULEUR VARIE,"https://bath.fs-storage.jp/fs2cabinet/174/174554e/174554e-m-02-pl.jpg?v=1789032159,https://bath.fs-storage.jp/fs2cabinet/174/174554e/174554e-m-03-pl.jpg?v=1789032159,https://bath.fs-storage.jp/fs2cabinet/174/174554e/174554e-m-04-pl.jpg?v=1789032159,https://bath.fs-storage.jp/fs2cabinet/174/174554e/174554e-m-05-pl.jpg?v=1789032159,https://bath.fs-storage.jp/fs2cabinet/174/174554e/174554e-m-06-pl.jpg?v=1789032159"
174551e,in stock,new,- elevage エルバージュ - ヒールの靴は足が疲れやすく、踵が抜ける、前滑りして爪先が痛くなる、そんな理由で履くことを諦めている方々にストレスなくヒールの靴を履いて颯爽と歩いてほしい。しかもそれが環境に配慮した素材で作られたものであるならさらに魅力的に感じてくれるはず。elevageはそんな価値を知る大人の女性のための体感－２センチのシューズです。 再生PET繊維を導入し環境に配慮した素材で、通気性、透湿性、耐久性に優れています。上質でソフトな手触り、美しい発色も魅力です。また、高いメンテナンス性も特徴の一つです。 高機能を活かして、飛行機や電気自動車の内装、家具などに使用されています 上品さとモード感がほど良く合わさったスクエアトゥパンプス 甲が深いデザインで歩きやすくビジネスシーンでも幅広く活躍 ※こちらのページはスエードタイプとなっております。 サイズ選び ジャストサイズでお選びください 仕様 ・サイズ展開:22.0～25.0cm ・ヒールの高さ:約5cm ・ワイズ:3E ・重さ:約220g ・素材:ウルトラスエード 型番：174551e,https://bath.fs-storage.jp/fs2cabinet/174/174551e/174551e-m-01-pl.jpg?v=1789032159,https://www.bath-ec.com/fs/bath/174551e,elevage 甲深パンプス　スエード●スペシャルセール※返品・交換不可,4950 JPY,,,COULEUR VARIE,"https://bath.fs-storage.jp/fs2cabinet/174/174551e/174551e-m-02-pl.jpg?v=1789032159,https://bath.fs-storage.jp/fs2cabinet/174/174551e/174551e-m-03-pl.jpg?v=1789032159,https://bath.fs-storage.jp/fs2cabinet/174/174551e/174551e-m-04-pl.jpg?v=1789032159,https://bath.fs-storage.jp/fs2cabinet/174/174551e/174551e-m-05-pl.jpg?v=1789032159,https://bath.fs-storage.jp/fs2cabinet/174/174551e/174551e-m-06-pl.jpg?v=1789032159"
274230,in stock,new,"NO,274230 クロールバリエ 軽量 パンチングパンプス 汚れたら洗濯機で丸洗いできる、ウォッシャブルシューズ「COULEUR VARIE（クロールバリエ）」。 人気の軽量シリーズから涼し気なパンチングデザインのローヒールパンプスが登場。 足裏にフィットするカップインソールは取り外しもOK。 ・軽量：軽さが魅力の人気シリーズ ・抗菌防臭機能 気になる足のにおいを防ぐ ・3E ゆったりした履き心地 ・取り外せるカップインソール 足裏にフィットするカップインソール。アーチクッションが土踏まずを支えて疲れを軽減",https://bath.fs-storage.jp/fs2cabinet/274/274230/274230-m-01-pl.jpg?v=1789032159,https://www.bath-ec.com/fs/bath/274230,No.274230 クロールバリエ 軽量 パンチングパンプス/●スペシャルセール※,3960 JPY,,,COULEUR VARIE,"https://bath.fs-storage.jp/fs2cabinet/274/274230/274230-m-02-pl.jpg?v=1789032159,https://bath.fs-storage.jp/fs2cabinet/274/274230/274230-m-03-pl.jpg?v=1789032159,https://bath.fs-storage.jp/fs2cabinet/274/274230/274230-m-04-pl.jpg?v=1789032159,https://bath.fs-storage.jp/fs2cabinet/274/274230/274230-m-05-pl.jpg?v=1789032159,https://bath.fs-storage.jp/fs2cabinet/274/274230/274230-m-06-pl.jpg?v=1789032159"
274231,in stock,new,"NO,274231 クロールバリエ 軽量 切り替えオープントゥパンプス 汚れたら洗濯機で丸洗いできる、ウォッシャブルシューズ「COULEUR VARIE（クロールバリエ）」。 ヒールなのに驚くほど軽く、歩きやすいと人気の軽量オープントゥパンプスがリニューアル。 甲の切り替えV カットが足もとをすっきり美しく見せてくれます。 ・軽量：軽さが魅力の人気シリーズ ・抗菌防臭機能 気になる足のにおいを防ぐ ・3E ゆったりした履き心地 ・中足骨パット 足裏のアーチを支えて疲れを軽減",https://bath.fs-storage.jp/fs2cabinet/274/274231/274231-m-01-pl.jpg?v=1789032159,https://www.bath-ec.com/fs/bath/274231,No.274231 クロールバリエ 軽量 切り替えオープントゥパンプス  (軽量シリ,12870 JPY,,,COULEUR VARIE,"https://bath.fs-storage.jp/fs2cabinet/274/274231/274231-m-02-pl.jpg?v=1789032159,https://bath.fs-storage.jp/fs2cabinet/274/274231/274231-m-03-pl.jpg?v=1789032159,https://bath.fs-storage.jp/fs2cabinet/274/274231/274231-m-04-pl.jpg?v=1789032159,https://bath.fs-storage.jp/fs2cabinet/274/274231/274231-m-05-pl.jpg?v=1789032159"
274233,in stock,new,"NO,274233 クロールバリエ 軽量 バックベルト パンチングローファー 汚れたら洗濯機で丸洗いできる、ウォッシャブルシューズ「COULEUR VARIE（クロールバリエ）」。 人気の軽量シリーズからバックバンドタイプのローファーが登場。 トラッドなコインローファーデザインがきちんと感をプラスしつつ、かかとの無いバックバンドタイプで、さっと気軽に履けるのが嬉しい。 ・軽量：軽さが魅力の人気シリーズ ・抗菌防臭機能 気になる足のにおいを防ぐ ・3E ゆったりした履き心地 ・中足骨パット 足裏のアーチを支えて疲れを軽減",https://bath.fs-storage.jp/fs2cabinet/274/274233/274233-m-01-pl.jpg?v=1789032159,https://www.bath-ec.com/fs/bath/274233,No.274233 クロールバリエ 軽量 バックベルト パンチングローファー/●スペ,4950 JPY,,,COULEUR VARIE,"https://bath.fs-storage.jp/fs2cabinet/274/274233/274233-m-02-pl.jpg?v=1789032159,https://bath.fs-storage.jp/fs2cabinet/274/274233/274233-m-03-pl.jpg?v=1789032159,https://bath.fs-storage.jp/fs2cabinet/274/274233/274233-m-04-pl.jpg?v=1789032159,https://bath.fs-storage.jp/fs2cabinet/274/274233/274233-m-05-pl.jpg?v=1789032159,https://bath.fs-storage.jp/fs2cabinet/274/274233/274233-m-06-pl.jpg?v=1789032159"
278230,in stock,new,"NO,278230 クロールバリエ ニットオペラシューズ 汚れたら洗濯機で丸洗いできる、ウォッシャブルシューズ「COULEUR VARIE（クロールバリエ）」。 伸縮性のあるニットアッパーで自分の足型にフィット。 さっと気軽に履けて、きちんと感もあるオペラシューズタイプ。 ・伸縮性のあるニットアッパー ・抗菌防臭・吸湿速乾性のあるメッシュ素材の中敷。 ・3E ゆったりした履き心地",https://bath.fs-storage.jp/fs2cabinet/278/278230/278230-m-01-pl.jpg?v=1789032159,https://www.bath-ec.com/fs/bath/278230,NO.278230 クロールバリエ ニットオペラシューズ●スペシャルセール※交換,3960 JPY,,,COULEUR VARIE,"https://bath.fs-storage.jp/fs2cabinet/278/278230/278230-m-02-pl.jpg?v=1789032159,https://bath.fs-storage.jp/fs2cabinet/278/278230/278230-m-03-pl.jpg?v=1789032159,https://bath.fs-storage.jp/fs2cabinet/278/278230/278230-m-04-pl.jpg?v=1789032159,https://bath.fs-storage.jp/fs2cabinet/278/278230/278230-m-05-pl.jpg?v=1789032159,https://bath.fs-storage.jp/fs2cabinet/278/278230/278230-m-06-pl.jpg?v=1789032159"
274502,in stock,new,- elevage エルバージュ - ヒールの靴は足が疲れやすく、踵が抜ける、前滑りして爪先が痛くなる、そんな理由で履くことを諦めている方々にストレスなくヒールの靴を履いて颯爽と歩いてほしい。しかもそれが環境に配慮した素材で作られたものであるならさらに魅力的に感じてくれるはず。elevageはそんな価値を知る大人の女性のための体感－２センチのシューズです。 再生PET繊維を導入し環境に配慮した素材で、通気性、透湿性、耐久性に優れています。上質でソフトな手触り、美しい発色も魅力です。また、高いメンテナンス性も特徴の一つです。 高機能を活かして、飛行機や電気自動車の内装、家具などに使用されています ポインテッドトゥにタッセル、正統派のパンプスが洗練された美しい足もとを作ります 入学式や華やかなお席、そしてビジネスシーンまでスタイリッシュに格上げしてくれる頼もしいパンプスです サイズ選び ジャストサイズでお選びください 仕様 ・サイズ展開:22.0～25.0cm ・ヒールの高さ:約7cm ・ワイズ:3E ・重さ:約255g ・素材:ウルトラスエード 型番：274502,https://bath.fs-storage.jp/fs2cabinet/274/274502/274502-m-01-pl.jpg?v=1789032159,https://www.bath-ec.com/fs/bath/274502,274502　elevage  タッセルローファー パンプス/●スペシャルセール※交換,5500 JPY,,,COULEUR VARIE,"https://bath.fs-storage.jp/fs2cabinet/274/274502/274502-m-02-pl.jpg?v=1789032159,https://bath.fs-storage.jp/fs2cabinet/274/274502/274502-m-03-pl.jpg?v=1789032159,https://bath.fs-storage.jp/fs2cabinet/274/274502/274502-m-04-pl.jpg?v=1789032159,https://bath.fs-storage.jp/fs2cabinet/274/274502/274502-m-05-pl.jpg?v=1789032159,https://bath.fs-storage.jp/fs2cabinet/274/274502/274502-m-06-pl.jpg?v=1789032159"
274501,in stock,new,- elevage エルバージュ - ヒールの靴は足が疲れやすく、踵が抜ける、前滑りして爪先が痛くなる、そんな理由で履くことを諦めている方々にストレスなくヒールの靴を履いて颯爽と歩いてほしい。しかもそれが環境に配慮した素材で作られたものであるならさらに魅力的に感じてくれるはず。elevageはそんな価値を知る大人の女性のための体感－２センチのシューズです。 再生PET繊維を導入し環境に配慮した素材で、通気性、透湿性、耐久性に優れています。上質でソフトな手触り、美しい発色も魅力です。また、高いメンテナンス性も特徴の一つです。 高機能を活かして、飛行機や電気自動車の内装、家具などに使用されています バイカラーで足もとにアクセント 華やかで個性的な雰囲気がありながらも落ち着いた色を使っているのでコーディネート楽々 サイズ選び ジャストサイズでお選びください 仕様 ・サイズ展開:22.0～25.0cm ・ヒールの高さ:約5cm ・ワイズ:3E ・重さ:約225g ・素材:ウルトラスエード 型番：274501,https://bath.fs-storage.jp/fs2cabinet/274/274501/274501-m-01-pl.jpg?v=1789032159,https://www.bath-ec.com/fs/bath/274501,274501　elevage  バイカラーパンプス/●スペシャルセール※交換返品不可,4950 JPY,,,COULEUR VARIE,"https://bath.fs-storage.jp/fs2cabinet/274/274501/274501-m-02-pl.jpg?v=1789032159,https://bath.fs-storage.jp/fs2cabinet/274/274501/274501-m-03-pl.jpg?v=1789032159,https://bath.fs-storage.jp/fs2cabinet/274/274501/274501-m-04-pl.jpg?v=1789032159,https://bath.fs-storage.jp/fs2cabinet/274/274501/274501-m-05-pl.jpg?v=1789032159,https://bath.fs-storage.jp/fs2cabinet/274/274501/274501-m-06-pl.jpg?v=1789032159"
274236,in stock,new,"NO,274236 クロールバリエ 軽量 3way着せ替えローファー 汚れたら洗濯機で丸洗いできる、ウォッシャブルシューズ「COULEUR VARIE（クロールバリエ）」。 クロールバリエが得意とする人気の「超軽量シリーズ」と大好評の「着せ替え」をドッキングさせたハイブリッドな新作ローファーが登場。 きちんと感のあるゴールドカラーのビット飾り、フェミニンなパール調飾り、全部外してシンプルなローファー。3つの表情で様々なコーディネートに合い、しかも季節を問わず年中活躍するデザインです。 幅広ゆったりの3Eでありながら、スクエアフのシルエットが足をすっきりとキレイにみせてくれます。 ・軽量：軽さが魅力の人気シリーズ ・通気性の良いメッシュ素材の中敷・ライニング さらっとした快適な肌ざわり ・3E ゆったりした履き心地 ・カップインソール 足裏に沿いやすい形状とクッション性で歩行をサポート",https://bath.fs-storage.jp/fs2cabinet/274/274236/274236-m-01-pl.jpg?v=1789032159,https://www.bath-ec.com/fs/bath/274236,No.274236 クロールバリエ 軽量 3way着せ替えローファー/●スペシャルセー,3960 JPY,,,COULEUR VARIE,"https://bath.fs-storage.jp/fs2cabinet/274/274236/274236-m-02-pl.jpg?v=1789032159,https://bath.fs-storage.jp/fs2cabinet/274/274236/274236-m-03-pl.jpg?v=1789032159,https://bath.fs-storage.jp/fs2cabinet/274/274236/274236-m-04-pl.jpg?v=1789032159,https://bath.fs-storage.jp/fs2cabinet/274/274236/274236-m-05-pl.jpg?v=1789032159,https://bath.fs-storage.jp/fs2cabinet/274/274236/274236-m-06-pl.jpg?v=1789032159"
10063,in stock,new,No.10063 クロールバリエ 2WAY キューブバッグ クロールバリエのロングセラー商品「No.10037 2WAY ショルダーバッグ」に さらにパスケースがついてバージョンアップ！ 取り外し可能なショルダーベルトで、斜めがけでもハンドバッグとしてもご利用いただけます。 ※「No.10063 クロールバリエ 2WAY キューブバッグ」はショルダーベルトが身体に添いやすいように取付位置が変わりました。 大きく口の開くダブルファスナー仕様。 ころんと可愛い小ぶりなサイズですが しっかりとしたマチ幅があるので 携帯やポーチ・お財布等の必需品もきちんと収納。 ※ロングショルダーの色は持ち手の色と同じになります。 ※お洗濯の際は、丸洗いは避けて部分洗いをしてください。 ※ハンドバッグの型番10035・10036・10037と同サイズとなります。 ※個々により色柄の出方は異なります。また、モニター環境によって 色の再現が若干異なってまいりますので、何卒ご了承くださいませ。,https://bath.fs-storage.jp/fs2cabinet/100/10063/10063-m-01-pl.jpg?v=1789032159,https://www.bath-ec.com/fs/bath/10063,No.10063 クロールバリエ 2WAY キューブバッグ (ショルダーバッグ ハンドバ,8910 JPY,,,COULEUR VARIE,"https://bath.fs-storage.jp/fs2cabinet/100/10063/10063-m-02-pl.jpg?v=1789032159,https://bath.fs-storage.jp/fs2cabinet/100/10063/10063-m-03-pl.jpg?v=1789032159,https://bath.fs-storage.jp/fs2cabinet/100/10063/10063-m-04-pl.jpg?v=1789032159,https://bath.fs-storage.jp/fs2cabinet/100/10063/10063-m-05-pl.jpg?v=1789032159,https://bath.fs-storage.jp/fs2cabinet/100/10063/10063-m-06-pl.jpg?v=1789032159"
244232,in stock,new,NO.244232 クロールバリエ クロス ウエッジ サンダル 汚れたら洗濯機で丸洗いできる、ウォッシャブルシューズ「COULEUR VARIE（クロールバリエ）」。 ヒールが苦手でも履きやすい安定感のあるウェッジソール。 クロスベルトが足をすっきりと美しくみせてくれます。 シンプルデザインでありながら、波型のカットラインがさりげなく個性を演出。 ・抗菌防臭機能 気になる足のにおいを防ぐ ・ストラップ調節可 脱ぎ履きしやすい。 ・クッション 中足骨パッドが足裏のアーチを支えて疲れを軽減。踵・足指部分にもさらにクッションを重ねてます。,https://bath.fs-storage.jp/fs2cabinet/244/244232/244232-m-01-pl.jpg?v=1789032159,https://www.bath-ec.com/fs/bath/244232,NO.244232 クロールバリエ クロス ウエッジ サンダル【2E】●スペシャルセ,2970 JPY,,,COULEUR VARIE,"https://bath.fs-storage.jp/fs2cabinet/244/244232/244232-m-02-pl.jpg?v=1789032159,https://bath.fs-storage.jp/fs2cabinet/244/244232/244232-m-03-pl.jpg?v=1789032159,https://bath.fs-storage.jp/fs2cabinet/244/244232/244232-m-04-pl.jpg?v=1789032159,https://bath.fs-storage.jp/fs2cabinet/244/244232/244232-m-05-pl.jpg?v=1789032159,https://bath.fs-storage.jp/fs2cabinet/244/244232/244232-m-06-pl.jpg?v=1789032159"
274503,in stock,new,- elevage エルバージュ - ヒールの靴は足が疲れやすく、踵が抜ける、前滑りして爪先が痛くなる、そんな理由で履くことを諦めている方々にストレスなくヒールの靴を履いて颯爽と歩いてほしい。しかもそれが環境に配慮した素材で作られたものであるならさらに魅力的に感じてくれるはず。elevageはそんな価値を知る大人の女性のための体感－２センチのシューズです。 再生PET繊維を導入し環境に配慮した素材で、通気性、透湿性、耐久性に優れています。上質でソフトな手触り、美しい発色も魅力です。また、高いメンテナンス性も特徴の一つです。 高機能を活かして、飛行機や電気自動車の内装、家具などに使用されています 洗練されたシンプルなデザインでなので、服を選ばず、コーディネートを格上げする高級感があります。 通勤やビジネスシーンでも大活躍します。 サイズ選び ジャストサイズでお選びください 仕様 ・サイズ展開:22.0～25.0cm ・ヒールの高さ:約7cm ・ワイズ:3E ・重さ:約245g ・素材:ウルトラスエード 型番：274503,https://bath.fs-storage.jp/fs2cabinet/274/274503/274503-m-01-pl.jpg?v=1789032159,https://www.bath-ec.com/fs/bath/274503,5274503　elevage  スクエアカットパンプス/●スペシャルセール※交換返品,4950 JPY,,,COULEUR VARIE,"https://bath.fs-storage.jp/fs2cabinet/274/274503/274503-m-02-pl.jpg?v=1789032159,https://bath.fs-storage.jp/fs2cabinet/274/274503/274503-m-03-pl.jpg?v=1789032159,https://bath.fs-storage.jp/fs2cabinet/274/274503/274503-m-04-pl.jpg?v=1789032159,https://bath.fs-storage.jp/fs2cabinet/274/274503/274503-m-05-pl.jpg?v=1789032159,https://bath.fs-storage.jp/fs2cabinet/274/274503/274503-m-06-pl.jpg?v=1789032159"
10064,in stock,new,No.10064 クロールバリエ 2wayスマホ ポシェット ポケットを身につけて歩くような感覚で、スマートフォンや最低限の荷物を持ち運べるポシェット。 縦型なので前面の深めなオープンポケットにスマートフォンをそのまま収納できて、さっと出し入れができます。 背面にはカードポケット付きで、ICカードを入れておけば改札でもスムーズ。 本体は貴重品を入れるのに安心なファスナータイプ(バッグ側面)。 しかも、持ち手は取り外し可能な2WAYで、ななめ掛けができるショルダーベルトとハンドルがセットに。 使い始めたらその便利さに、手放せなくなる便利なアイテムです。 【普段使いに】 子供たちの送りお迎え、ワンちゃんのお散歩、ちょっとコンビニまで・・・ 日常によくあるちょっとしたお出かけには、スマートフォンと最低限の荷物だけを入れて、見た目もおしゃれなスマホ ポシェットがぴったり。 【職場で】 スマホのほかに手帳やペンを入れて身につけていれば、席を立って移動した際にも忘れものがなくて便利。 【休日に】 ちょっと近くのカフェでランチ、くらいなら、スマホとミニ財布と携帯除菌スプレーだけを入れて身軽にお出かけ。 【旅先で】 着替えなどのかさばる荷物は旅行バッグに、貴重品はポシェットに入れてサブバッグとして常に身につけていれば安心して楽しめます。 【バッグインバッグとして】 普段から荷物が多い方には、バッグインバッグとして利用するのがおすすめ。 貴重品を入れてバッグに入れておけば、さっとポシェットだけを持ち出すことができます。 - 2024awはクロールバリエの新作ブーツとセットアップにできる 新色も展開。 ※付属のロングショルダー・ハンドルの色は本体背面と同色です。 ※個々により色柄の出方は異なります。また、モニター環境によって色の再現が 若干異なってまいりますので、何卒ご了承くださいませ。 ◎お手入れ時のご注意◎ やわらかいブラシなどで軽く汚れを払った後、手洗いができます。（洗濯機のご使用はお避けください） 洗剤は漂白剤、柔軟仕上げ剤、蛍光剤の入っていない中性剤をお使いください。 手洗いの際、力を入れすぎると素材の風合いを損なうことがありますので、やさしく洗ってください。 （つけおき洗いはお避けください） その後は形を整えて風通しの良い日陰で充分に乾かしてください。 （アイロンやドライヤーなどの高熱による乾燥はお避けください）,https://bath.fs-storage.jp/fs2cabinet/100/10064/10064-m-01-pl.jpg?v=1789032159,https://www.bath-ec.com/fs/bath/10064,No.10064 クロールバリエ 2wayスマホ ポシェット (ショルダーバッグ ハンド,7623 JPY,,,COULEUR VARIE,"https://bath.fs-storage.jp/fs2cabinet/100/10064/10064-m-02-pl.jpg?v=1789032159,https://bath.fs-storage.jp/fs2cabinet/100/10064/10064-m-03-pl.jpg?v=1789032159,https://bath.fs-storage.jp/fs2cabinet/100/10064/10064-m-04-pl.jpg?v=1789032159,https://bath.fs-storage.jp/fs2cabinet/100/10064/10064-m-05-pl.jpg?v=1789032159,https://bath.fs-storage.jp/fs2cabinet/100/10064/10064-m-06-pl.jpg?v=1789032159"
951201sale,in stock,new,No.951201 クロールバリエ ビット付き フラットシューズ ※こちらはNo.951201 クロールバリエ ビット付き フラットシューズのセールページです※ 汚れたら洗濯機で丸洗いできる、ウォッシャブルシューズ「COULEUR VARIE（クロールバリエ）」。 50周年記念の際に登場した復刻デザインのビットローファー。 甲部分にゴールドカラーのビットモチーフをプラスし、洗練された上品な雰囲気に。 インソールとライニングの一部には 抗菌・防臭効果ある素材を使用し、気になる臭いを抑え、蒸れやべたつきを軽減。 インソール全体に約3mmの高反発クッションを敷き、柔らかく気持ちの良い足あたりです。 生地には軽くて通気性が良く、色あせにくい 東レ人工皮革スエードを使用しています。 カジュアルにもきれいめにも◎ シンプルデザインで様々なスタイリングと相性がよく、幅広いカラー展開でご用意しております。 幅広さんにもおすすめの足幅ゆったり設計です。 ※通販関係では「オフホワイト」を「ライトベージュ」と表記している場合がございます。 ※お手入れについて こちらの商品は装飾金具がついていますので、洗濯機をご利用の際はタオルに包んでお手入れしてください。,https://bath.fs-storage.jp/fs2cabinet/951/951201sale/951201sale-m-01-pl.jpg?v=1789032159,https://www.bath-ec.com/fs/bath/951201sale,"No.951201 クロールバリエ ビットモチーフ ローファー(レオパード,ヒョウ,",3960 JPY,,,COULEUR VARIE,"https://bath.fs-storage.jp/fs2cabinet/951/951201sale/951201sale-m-02-pl.jpg?v=1789032159,https://bath.fs-storage.jp/fs2cabinet/951/951201sale/951201sale-m-03-pl.jpg?v=1789032159"
694sale1,in stock,new,No.694 クロールバリエ シークレットヒール バレエシューズのセールページです ★ No.694 クロールバリエ シークレットヒール バレエシューズ 汚れたら洗濯機で丸洗いできる、ウォッシャブルシューズ「COULEUR VARIE（クロールバリエ）」。 幅広い世代の女性に愛されてきた日本製ロングセラーバレエシューズ。 外からは分からない約2.5cmのインヒール仕様で とても歩きやすく、足長効果もばっちり。 インソールは抗菌防臭に優れたシルバーカラーの人工皮革を採用。 裏面に再剥離テープを貼っているので何度でも取り外しでき、 インソールだけを洗う事もできます。 生地には軽くて通気性が良く、色あせにくい 東レ人工皮革スエードを使用。 とても柔らかな履き心地で 1年を通して快適にお履きいただけます。 クロールバリエならではの多彩なカラーバリエーション、 小さいサイズの21cmから、大きいサイズの25cmまでの幅広いサイズ展開。 あなたにぴったりな１足を探してみてくださいね。 ※色柄の出方は個々により異なり、左右非対称になります。 商品の特性をご理解いただき、アシンメトリーデザインをお楽しみください。,https://bath.fs-storage.jp/fs2cabinet/694/694sale1/694sale1-m-01-pl.jpg?v=1789032159,https://www.bath-ec.com/fs/bath/694sale1,No.694 クロールバリエ シークレットヒール バレエシューズ●スペシャルセ,6930 JPY,,,COULEUR VARIE,"https://bath.fs-storage.jp/fs2cabinet/694/694sale1/694sale1-m-02-pl.jpg?v=1789032159,https://bath.fs-storage.jp/fs2cabinet/694/694sale1/694sale1-m-03-pl.jpg?v=1789032159,https://bath.fs-storage.jp/fs2cabinet/694/694sale1/694sale1-m-04-pl.jpg?v=1789032159"
274287,in stock,new,No.274287 クロールバリエ 軽量ストラップパンプス 汚れたら洗濯機で丸洗いできる、ウォッシャブルシューズ「COULEUR VARIE（クロールバリエ）」。 人気の軽量シリーズから普段にもお仕事にも使いやすいストラップパンプスが登場。 履き口周りに施した千鳥ステッチがさりげないアクセント。 ・ストラップの端はゴム仕様で、脱ぎ履きがしやすく窮屈感のない履き心地。 ・甲のV カットは足をすっきりと美しくみせる効果も。 ・足裏を支える中足骨パッド入りで疲れにくい。,https://bath.fs-storage.jp/fs2cabinet/274/274287/274287-m-01-pl.jpg?v=1789032159,https://www.bath-ec.com/fs/bath/274287,No.274287 クロールバリエ 軽量ストラップパンプス(メリージェーンパンプス,7700 JPY,,,COULEUR VARIE,"https://bath.fs-storage.jp/fs2cabinet/274/274287/274287-m-02-pl.jpg?v=1789032159,https://bath.fs-storage.jp/fs2cabinet/274/274287/274287-m-03-pl.jpg?v=1789032159,https://bath.fs-storage.jp/fs2cabinet/274/274287/274287-m-04-pl.jpg?v=1789032159,https://bath.fs-storage.jp/fs2cabinet/274/274287/274287-m-05-pl.jpg?v=1789032159,https://bath.fs-storage.jp/fs2cabinet/274/274287/274287-m-06-pl.jpg?v=1789032159"
235252,in stock,new,No.235252 クロールバリエ 厚底リボンスリッポン 汚れたら洗濯機で丸洗いできる、ウォッシャブルシューズ「COULEUR VARIE（クロールバリエ）」。 立体感のあるリボンが可愛いスリッポンシューズ。 リボンは取り外してシンプルに履くこともできます。 ほどよい厚底ですっきり美脚効果も。 ・サイドゴア仕様で脱ぎ履きしやすい。 ・軽量で屈曲性の高いソール。 ・取り外せるインソールでいつでも清潔、サイズの微調整も可能。,https://bath.fs-storage.jp/fs2cabinet/235/235252/235252-m-01-pl.jpg?v=1789032159,https://www.bath-ec.com/fs/bath/235252,No.235252 クロールバリエ 厚底リボンスリッポン (リボン付きマルチウェイ),3960 JPY,,,COULEUR VARIE,"https://bath.fs-storage.jp/fs2cabinet/235/235252/235252-m-02-pl.jpg?v=1789032159,https://bath.fs-storage.jp/fs2cabinet/235/235252/235252-m-03-pl.jpg?v=1789032159,https://bath.fs-storage.jp/fs2cabinet/235/235252/235252-m-04-pl.jpg?v=1789032159,https://bath.fs-storage.jp/fs2cabinet/235/235252/235252-m-05-pl.jpg?v=1789032159"
244281,in stock,new,No.244281 ストラップ付きオブリークトゥパンプス 汚れたら洗濯機で丸洗いできる、ウォッシャブルシューズ「COULEUR VARIE（クロールバリエ）」。 ころんと丸みが可愛いオブリーク型パンプスは足指もらくちん。 甲ストラップは取り外せる2wayの仕様。 ・踵の内側はクッション入りで擦れにくく優しい足あたり ・中敷きは蒸れが気になるつま先部分は抗菌消臭メッシュ素材 ・水捌けが良く滑りにくいソール,https://bath.fs-storage.jp/fs2cabinet/244/244281/244281-m-01-pl.jpg?v=1789032159,https://www.bath-ec.com/fs/bath/244281,No.244281 クロールバリエ ストラップ付きオブリークトゥパンプス●スペシ,2970 JPY,,,COULEUR VARIE,"https://bath.fs-storage.jp/fs2cabinet/244/244281/244281-m-02-pl.jpg?v=1789032159,https://bath.fs-storage.jp/fs2cabinet/244/244281/244281-m-03-pl.jpg?v=1789032159,https://bath.fs-storage.jp/fs2cabinet/244/244281/244281-m-04-pl.jpg?v=1789032159,https://bath.fs-storage.jp/fs2cabinet/244/244281/244281-m-05-pl.jpg?v=1789032159,https://bath.fs-storage.jp/fs2cabinet/244/244281/244281-m-06-pl.jpg?v=1789032159"
244282,out of stock,new,No.244282 クロールバリエ パールリボンブーティ 汚れたら洗濯機で丸洗いできる、ウォッシャブルシューズ「COULEUR VARIE（クロールバリエ）」。 フロントのリボンとパールがアクセントのきれいめブーティ。 両サイドのゴムスリットとセンタースリットで甲を締めつけにくい優しい履き心地。 ・太めのストレートヒールで安定感も◎ ・取り外せるインソールでいつでも清潔、サイズの微調整も可能。,https://bath.fs-storage.jp/fs2cabinet/244/244282/244282-m-01-pl.jpg?v=1789032159,https://www.bath-ec.com/fs/bath/244282,COULEUR VARIE(クロールバリエ)No.244282 クロールバリエパールリボンブー,2970 JPY,,,COULEUR VARIE,"https://bath.fs-storage.jp/fs2cabinet/244/244282/244282-m-02-pl.jpg?v=1789032159,https://bath.fs-storage.jp/fs2cabinet/244/244282/244282-m-03-pl.jpg?v=1789032159"
278281,in stock,new,NO.278281 軽量 厚底ストラップスリッポン 汚れたら洗濯機で丸洗いできる、ウォッシャブルシューズ「COULEUR VARIE（クロールバリエ）」。 トラッドな印象のモンクスタイルのストラップシューズは程よいフィット感と軽量設計のソールで、足取りも軽やか。 ・ベルト端はゴム仕様で脱ぎ履きも簡単 ・踵まわりはクッション入りで擦れにくく優しい足あたりに ・取り外せるインソールでいつでも清潔、サイズの微調整も可能。,https://bath.fs-storage.jp/fs2cabinet/278/278281/278281-m-01-pl.jpg?v=1789032159,https://www.bath-ec.com/fs/bath/278281,NO.278281 軽量 厚底ストラップスリッポン ●スペシャルセール※交換返品不,4950 JPY,,,COULEUR VARIE,"https://bath.fs-storage.jp/fs2cabinet/278/278281/278281-m-02-pl.jpg?v=1789032159,https://bath.fs-storage.jp/fs2cabinet/278/278281/278281-m-03-pl.jpg?v=1789032159,https://bath.fs-storage.jp/fs2cabinet/278/278281/278281-m-04-pl.jpg?v=1789032159,https://bath.fs-storage.jp/fs2cabinet/278/278281/278281-m-05-pl.jpg?v=1789032159,https://bath.fs-storage.jp/fs2cabinet/278/278281/278281-m-06-pl.jpg?v=1789032159"
278282,in stock,new,NO.278282 ファー付きリボンモカシンシューズ 汚れたら洗濯機で丸洗いできる、ウォッシャブルシューズ「COULEUR VARIE（クロールバリエ）」。 リボンデザインと内側に覗くファーが可愛いモカシンシューズ。 内側はつま先までしっかりファーで暖かさも◎ ・サイドの隠しゴム効果で甲が締めつけにくくゆったりとした履き心地。 ・軽量設計のソールは屈曲性も高くスムーズな足運び。 ・取り外せるインソールでいつでも清潔、サイズの微調整も可能。,https://bath.fs-storage.jp/fs2cabinet/278/278282/278282-m-01-pl.jpg?v=1789032159,https://www.bath-ec.com/fs/bath/278282,COULEUR VARIE(クロールバリエ)NO.278282 クロールバリエ ファー付きリボン,4950 JPY,,,COULEUR VARIE,"https://bath.fs-storage.jp/fs2cabinet/278/278282/278282-m-02-pl.jpg?v=1789032159,https://bath.fs-storage.jp/fs2cabinet/278/278282/278282-m-03-pl.jpg?v=1789032159,https://bath.fs-storage.jp/fs2cabinet/278/278282/278282-m-04-pl.jpg?v=1789032159,https://bath.fs-storage.jp/fs2cabinet/278/278282/278282-m-05-pl.jpg?v=1789032159,https://bath.fs-storage.jp/fs2cabinet/278/278282/278282-m-06-pl.jpg?v=1789032159"
278283,in stock,new,"NO,278283 刺繍レースアップショートブーツ 汚れたら洗濯機で丸洗いできる、ウォッシャブルシューズ「COULEUR VARIE（クロールバリエ）」。 色ごとに異なるラッキーモチーフのワンポイント刺繍を施したショートブーツ。 ・内側のファスナー開閉で脱ぎ履きしやすい ・軽量設計のソールは屈曲性も高くスムーズな足運び。 ・取り外せるインソールでいつでも清潔、サイズの微調整も可能。",https://bath.fs-storage.jp/fs2cabinet/278/278283/278283-m-01-pl.jpg?v=1789032159,https://www.bath-ec.com/fs/bath/278283,COULEUR VARIE(クロールバリエ)NO.278283 クロールバリエ 刺繍レースアップ,4950 JPY,,,COULEUR VARIE,"https://bath.fs-storage.jp/fs2cabinet/278/278283/278283-m-02-pl.jpg?v=1789032159,https://bath.fs-storage.jp/fs2cabinet/278/278283/278283-m-03-pl.jpg?v=1789032159,https://bath.fs-storage.jp/fs2cabinet/278/278283/278283-m-04-pl.jpg?v=1789032159,https://bath.fs-storage.jp/fs2cabinet/278/278283/278283-m-05-pl.jpg?v=1789032159,https://bath.fs-storage.jp/fs2cabinet/278/278283/278283-m-06-pl.jpg?v=1789032159"
278284,in stock,new,NO.278284 クロールバリエ ハイカットファートリムスニーカー 汚れたら洗濯機で丸洗いできる、ウォッシャブルシューズ「COULEUR VARIE（クロールバリエ）」。 履き口に贅沢にトリミングしたファーがポイント。 暖かさも可愛さも兼ね備えたシューズです。 ・中敷きも暖かなボア素材(フェイクファーは履き口部分のみ) ・締めつけにくく脱ぎ履きしやすいゴムレース ・内側ファスナー有り ・取り外せるインソールでいつでも清潔、サイズの微調整も可能。,https://bath.fs-storage.jp/fs2cabinet/278/278284/278284-m-01-pl.jpg?v=1789032159,https://www.bath-ec.com/fs/bath/278284,COULEUR VARIE(クロールバリエ)NO.278284 クロールバリエ ハイカットファー,4950 JPY,,,COULEUR VARIE,"https://bath.fs-storage.jp/fs2cabinet/278/278284/278284-m-02-pl.jpg?v=1789032159,https://bath.fs-storage.jp/fs2cabinet/278/278284/278284-m-03-pl.jpg?v=1789032159,https://bath.fs-storage.jp/fs2cabinet/278/278284/278284-m-04-pl.jpg?v=1789032159,https://bath.fs-storage.jp/fs2cabinet/278/278284/278284-m-05-pl.jpg?v=1789032159,https://bath.fs-storage.jp/fs2cabinet/278/278284/278284-m-06-pl.jpg?v=1789032159"
4726y,in stock,new,No.4726y クロールバリエ お財布ポシェット ちょっとそこまで、のお供に。 小ぶりなのにたっぷり収納できるミニショルダーバッグ。 大きく口の開くメインファスナーを開けると ポケットと仕切りで細かく収納ができる優れもの！ 斜めがけもできるロングショルダーは取り外し可能なので クラッチバッグ風にもお持ちいただけます。 スマホも財布もこれ一つでOK。 日常使いから旅行まで様々なシーンで大活躍です。 ◎お手入れ時のご注意◎ やわらかいブラシなどで軽く汚れを払った後、手洗いができます。（洗濯機のご使用はお避けください） 洗剤は漂白剤、柔軟仕上げ剤、蛍光剤の入っていない中性剤をお使いください。 手洗いの際、力を入れすぎると素材の風合いを損なうことがありますので、やさしく洗ってください。 （つけおき洗いはお避けください） その後は形を整えて風通しの良い日陰で充分に乾かしてください。 （アイロンやドライヤーなどの高熱による乾燥はお避けください） ※柄の出方は個々により異なります。,https://bath.fs-storage.jp/fs2cabinet/472/4726y/4726y-m-01-pl.jpg?v=1789032159,https://www.bath-ec.com/fs/bath/4726y,No.4726y クロールバリエ 2wayお財布ポシェット●スペシャルセール※返品・,6930 JPY,,,COULEUR VARIE,"https://bath.fs-storage.jp/fs2cabinet/472/4726y/4726y-m-02-pl.jpg?v=1789032159,https://bath.fs-storage.jp/fs2cabinet/472/4726y/4726y-m-03-pl.jpg?v=1789032159,https://bath.fs-storage.jp/fs2cabinet/472/4726y/4726y-m-04-pl.jpg?v=1789032159,https://bath.fs-storage.jp/fs2cabinet/472/4726y/4726y-m-05-pl.jpg?v=1789032159,https://bath.fs-storage.jp/fs2cabinet/472/4726y/4726y-m-06-pl.jpg?v=1789032159"
229281,in stock,new,NO.229281 クロールバリエ サイドファスナーショートブーツ シンプルでどんなスタイルにも合わせやすいショートブーツ。 太めでフレアラインのヒールはトレンド感と安定感をプラス。 内側は蓄熱保温素材で暖かさも◎ ・太めのヒールで安定感のある履き心地 ・インナーは蓄熱保温素材サーモトロン ラジポカ®を使用。 ・サイドのファスナーで脱ぎ履きしやすい。,https://bath.fs-storage.jp/fs2cabinet/229/229281/229281-m-01-pl.jpg?v=1789032159,https://www.bath-ec.com/fs/bath/229281,COULEUR VARIE(クロールバリエ)NO.229281 クロールバリエ サイドファスナー,5500 JPY,,,COULEUR VARIE,"https://bath.fs-storage.jp/fs2cabinet/229/229281/229281-m-02-pl.jpg?v=1789032159,https://bath.fs-storage.jp/fs2cabinet/229/229281/229281-m-03-pl.jpg?v=1789032159,https://bath.fs-storage.jp/fs2cabinet/229/229281/229281-m-04-pl.jpg?v=1789032159,https://bath.fs-storage.jp/fs2cabinet/229/229281/229281-m-05-pl.jpg?v=1789032159,https://bath.fs-storage.jp/fs2cabinet/229/229281/229281-m-06-pl.jpg?v=1789032159"
274282,in stock,new,NO.274282 クロールバリエ 軽量ステッチブーツ 汚れたら洗濯機で丸洗いできる、ウォッシャブルシューズ「COULEUR VARIE（クロールバリエ）」。 ブーツインもしやすい筒幅ゆったりのミドル丈の軽量ブーツ。 履き口周りのステッチがアクセント。 ・筒周りにウレタンクッションを挟むことで、ふわっとした柔らかな履き心地。また、柔らかな筒でも脱いで倒れにくい仕様。 ・足裏を支える中足骨パッド入りで疲れにくい,https://bath.fs-storage.jp/fs2cabinet/274/274282/274282-m-01-pl.jpg?v=1789032159,https://www.bath-ec.com/fs/bath/274282,筒幅ゆったりでブーツインもしやすいNO.274282 クロールバリエ 軽量ステッ,6600 JPY,,,COULEUR VARIE,"https://bath.fs-storage.jp/fs2cabinet/274/274282/274282-m-02-pl.jpg?v=1789032159,https://bath.fs-storage.jp/fs2cabinet/274/274282/274282-m-03-pl.jpg?v=1789032159,https://bath.fs-storage.jp/fs2cabinet/274/274282/274282-m-04-pl.jpg?v=1789032159,https://bath.fs-storage.jp/fs2cabinet/274/274282/274282-m-05-pl.jpg?v=1789032159,https://bath.fs-storage.jp/fs2cabinet/274/274282/274282-m-06-pl.jpg?v=1789032159"
274283,in stock,new,NO.274283 クロールバリエ 3wayリボンショートブーツ 汚れたら洗濯機で丸洗いできる、ウォッシャブルシューズ「COULEUR VARIE（クロールバリエ）」。 折り返してアンクル丈に、伸ばしてショート丈、付属のリボンベルトを付けてキュートに。 アレンジ自在の3wayブーツ。 ・つま先まで暖かなファー素材のインナー仕様 （足裏部分はさらりとしたメッシュ材です） ・足裏を支える中足骨パッド入りで疲れにくい,https://bath.fs-storage.jp/fs2cabinet/274/274283/274283-m-01-pl.jpg?v=1789032159,https://www.bath-ec.com/fs/bath/274283,COULEUR VARIE(クロールバリエ)付属リボンとブーツ丈をアレンジできる・イ,6600 JPY,,,COULEUR VARIE,"https://bath.fs-storage.jp/fs2cabinet/274/274283/274283-m-02-pl.jpg?v=1789032159,https://bath.fs-storage.jp/fs2cabinet/274/274283/274283-m-03-pl.jpg?v=1789032159,https://bath.fs-storage.jp/fs2cabinet/274/274283/274283-m-04-pl.jpg?v=1789032159,https://bath.fs-storage.jp/fs2cabinet/274/274283/274283-m-05-pl.jpg?v=1789032159,https://bath.fs-storage.jp/fs2cabinet/274/274283/274283-m-06-pl.jpg?v=1789032159"
274285,in stock,new,NO.274285 クロールバリエ 軽量 ファー ショートブーツ 汚れたら洗濯機で丸洗いできる、ウォッシャブルシューズ「COULEUR VARIE（クロールバリエ）」。 改良を重ねて進化した、毎年人気のクロールバリエの定番ショートブーツ。 ・両サイドのダブルファスナーで脱ぎ履きしやすい ・つま先まで暖かなファー素材のインナー仕様 （足裏部分はさらりとしたメッシュ材です） ・足裏を支える中足骨パッド入りで疲れにくい 無題ドキュメント,https://bath.fs-storage.jp/fs2cabinet/274/274285/274285-m-01-pl.jpg?v=1789032159,https://www.bath-ec.com/fs/bath/274285,COULEUR VARIE(クロールバリエ)NO.274285 クロールバリエ 軽量 ファー ショ,6600 JPY,,,COULEUR VARIE,"https://bath.fs-storage.jp/fs2cabinet/274/274285/274285-m-02-pl.jpg?v=1789032159,https://bath.fs-storage.jp/fs2cabinet/274/274285/274285-m-03-pl.jpg?v=1789032159,https://bath.fs-storage.jp/fs2cabinet/274/274285/274285-m-04-pl.jpg?v=1789032159,https://bath.fs-storage.jp/fs2cabinet/274/274285/274285-m-05-pl.jpg?v=1789032159,https://bath.fs-storage.jp/fs2cabinet/274/274285/274285-m-06-pl.jpg?v=1789032159"
274284,in stock,new,NO.274284 クロールバリエ 軽量ファー付きロングブーツ 汚れたら洗濯機で丸洗いできる、ウォッシャブルシューズ「COULEUR VARIE（クロールバリエ）」。 筒幅ゆったりでインナーが暖かなファー素材の軽量ロングブーツ。 折り返しても履ける2WAYタイプ。 ・暖かなファー素材のインナー仕様(筒部分のみ) （足裏部分はさらりとしたメッシュ材です） ・足裏を支える中足骨パッド入りで疲れにくい,https://bath.fs-storage.jp/fs2cabinet/274/274284/274284-m-01-pl.jpg?v=1789032159,https://www.bath-ec.com/fs/bath/274284,COULEUR VARIE(クロールバリエ)筒幅ゆったり。折り返しても履ける2WAYタイ,6600 JPY,,,COULEUR VARIE,"https://bath.fs-storage.jp/fs2cabinet/274/274284/274284-m-02-pl.jpg?v=1789032159,https://bath.fs-storage.jp/fs2cabinet/274/274284/274284-m-03-pl.jpg?v=1789032159,https://bath.fs-storage.jp/fs2cabinet/274/274284/274284-m-04-pl.jpg?v=1789032159,https://bath.fs-storage.jp/fs2cabinet/274/274284/274284-m-05-pl.jpg?v=1789032159,https://bath.fs-storage.jp/fs2cabinet/274/274284/274284-m-06-pl.jpg?v=1789032159"
278285,in stock,new,NO.278285 クロールバリエ ボア付きモカシンブーツ 汚れたら洗濯機で丸洗いできる、ウォッシャブルシューズ「COULEUR VARIE（クロールバリエ）」。 履き口を折り返して2wayで履ける、 足馴染みの良いモカシンブーツ。つま先まで暖かな内側ボアタイプ。(中敷きは抗菌・防臭メッシュ素材) ・手縫いのモカステッチが足に馴染みやすい。 ・中敷きは蒸れにくく、乾きやすい抗菌・防臭メッシュ素材 ・取り外せるインソールでいつでも清潔、サイズの微調整も可能。,https://bath.fs-storage.jp/fs2cabinet/278/278285/278285-m-01-pl.jpg?v=1789032159,https://www.bath-ec.com/fs/bath/278285,COULEUR VARIE(クロールバリエ)NO.278285　クロールバリエ ボア付きモカシ,4950 JPY,,,COULEUR VARIE,"https://bath.fs-storage.jp/fs2cabinet/278/278285/278285-m-02-pl.jpg?v=1789032159,https://bath.fs-storage.jp/fs2cabinet/278/278285/278285-m-03-pl.jpg?v=1789032159,https://bath.fs-storage.jp/fs2cabinet/278/278285/278285-m-04-pl.jpg?v=1789032159,https://bath.fs-storage.jp/fs2cabinet/278/278285/278285-m-05-pl.jpg?v=1789032159,https://bath.fs-storage.jp/fs2cabinet/278/278285/278285-m-06-pl.jpg?v=1789032159"
278286,in stock,new,"NO,278286 クロールバリエ 刺繍ハイカットスニーカー 汚れたら洗濯機で丸洗いできる、ウォッシャブルシューズ「COULEUR VARIE（クロールバリエ）」。 ゴム紐を使用した着脱しやすいレースアップスニーカーは、甲や足首がゴムの伸縮性で圧迫感のない楽な履き心地。 デザインのポイントとなるボタニカル刺繍が秋冬コーデに程良いアクセントとなり、履き心地はスニーカー、 見た目はショートブーツ感覚でお洒落なコーディネートを叶えます。 ・インヒール×厚みのある底で美脚効果 ・締めつけにくく脱ぎ履きしやすいゴムレース ・取り外せるインソールでいつでも清潔、サイズの微調整も可能 ・内側ファスナー有り ※洗濯の際は靴ひもを本体から外して単独でお洗いください。",https://bath.fs-storage.jp/fs2cabinet/278/278286/278286-m-01-pl.jpg?v=1789032159,https://www.bath-ec.com/fs/bath/278286,COULEUR VARIE(クロールバリエ)NO.278286 クロールバリエ 刺繍ハイカットス,4950 JPY,,,COULEUR VARIE,"https://bath.fs-storage.jp/fs2cabinet/278/278286/278286-m-02-pl.jpg?v=1789032159,https://bath.fs-storage.jp/fs2cabinet/278/278286/278286-m-03-pl.jpg?v=1789032159,https://bath.fs-storage.jp/fs2cabinet/278/278286/278286-m-04-pl.jpg?v=1789032159,https://bath.fs-storage.jp/fs2cabinet/278/278286/278286-m-05-pl.jpg?v=1789032159,https://bath.fs-storage.jp/fs2cabinet/278/278286/278286-m-06-pl.jpg?v=1789032159"
174280sale1,in stock,new,No.174280sale1 クロールバリエ 軽量 クロスゴムパンプス 汚れたら洗濯機で丸洗いできる、ウォッシャブルシューズ「COULEUR VARIE（クロールバリエ）」。 クロスデザインのゴムが足を美しく見せ、フィット感もアップ。 足裏はアーチサポートクッション入りで軽やかで快適なパンプス。 ・取り外せるメッシュ素材のカップインソール。足裏に合う形状で疲れを軽減 ・抗菌防臭機能 気になる足のにおいを防ぐ ・軽量底:軽さが魅力の人気シリーズ ・3E ゆったりした履き心地 ・踵まわりに靴擦れ防止クッション,https://bath.fs-storage.jp/fs2cabinet/174/174280sale1/174280sale1-m-01-pl.jpg?v=1789032159,https://www.bath-ec.com/fs/bath/174280sale1,No174280 クロールバリエ 軽量 クロス ゴム パンプス/●スペシャルセール※,3960 JPY,,,COULEUR VARIE,"https://bath.fs-storage.jp/fs2cabinet/174/174280sale1/174280sale1-m-02-pl.jpg?v=1789032159,https://bath.fs-storage.jp/fs2cabinet/174/174280sale1/174280sale1-m-03-pl.jpg?v=1789032159,https://bath.fs-storage.jp/fs2cabinet/174/174280sale1/174280sale1-m-04-pl.jpg?v=1789032159,https://bath.fs-storage.jp/fs2cabinet/174/174280sale1/174280sale1-m-05-pl.jpg?v=1789032159,https://bath.fs-storage.jp/fs2cabinet/174/174280sale1/174280sale1-m-06-pl.jpg?v=1789032159"
944201sale2,in stock,new,No.944201 クロールバリエ スクエアトゥ バレエシューズ パンプス 汚れたら洗濯機で丸洗いできる、ウォッシャブルシューズ「COULEUR VARIE（クロールバリエ）」。 直営店・百貨店でも人気の定番ロングセラー、スクエアトゥバレエシューズのハイグレードモデルです。 生地には軽くて通気性が良く、色あせにくい東レ人工皮革スエードを使用しています。 中敷全体に入った約3mmの高反発クッションと さらに、中心からかかとにかけて約5mmのアーチ付クッションを重ね 2層のクッションが足の負担を和らげてくれます。 また、ライニングには抗菌・制菌・防臭・吸湿・速乾作用のある、さらりとしたメッシュ素材を。 中敷きの一部にも、抗菌・防臭・透湿性に優れた人工皮革を採用しています。 足に負担をかけない約2cmのローヒール。 返りが良く、グリップ力のあるソールで地面をしっかり蹴り出すことができます。 フェミニンなフロントリボン、スクエアトゥの大人デザインで 季節を問わずオールシーズンご愛用頂けます。 ※靴の機能上、インソールと内側面の間は縫いとめられておりません。 ※柄の出方は個々により異なります。何卒ご了承くださいませ。,https://bath.fs-storage.jp/fs2cabinet/944/944201sale2/944201sale2-m-01-pl.jpg?v=1789032159,https://www.bath-ec.com/fs/bath/944201sale2,COULEUR VARIE(クロールバリエ)No.944201/444230 クロールバリエ スクエア,3960 JPY,,,COULEUR VARIE,"https://bath.fs-storage.jp/fs2cabinet/944/944201sale2/944201sale2-m-02-pl.jpg?v=1789032159,https://bath.fs-storage.jp/fs2cabinet/944/944201sale2/944201sale2-m-03-pl.jpg?v=1789032159,https://bath.fs-storage.jp/fs2cabinet/944/944201sale2/944201sale2-m-04-pl.jpg?v=1789032159,https://bath.fs-storage.jp/fs2cabinet/944/944201sale2/944201sale2-m-05-pl.jpg?v=1789032159,https://bath.fs-storage.jp/fs2cabinet/944/944201sale2/944201sale2-m-06-pl.jpg?v=1789032159"
344230,in stock,new,NO.344230 クロールバリエ スクエアトウ オペラパンプス 汚れたら洗濯機で丸洗いできる、ウォッシャブルシューズ「COULEUR VARIE（クロールバリエ）」。 さっと履けて使い勝手のよいオペラシューズデザインに春らしく遊び心のある蝶々のアップリケをあしらいました。高反発クッションを採用したインソールは履き心地も抜群です。 ●3E ●アーチクッション ●抗菌防臭機能,https://bath.fs-storage.jp/fs2cabinet/344/344230/344230-m-01-pl.jpg?v=1789032159,https://www.bath-ec.com/fs/bath/344230,NO.344230 クロールバリエ スクエアトウ　オペラパンプス●スペシャルセー,3960 JPY,,,COULEUR VARIE,"https://bath.fs-storage.jp/fs2cabinet/344/344230/344230-m-02-pl.jpg?v=1789032159,https://bath.fs-storage.jp/fs2cabinet/344/344230/344230-m-03-pl.jpg?v=1789032159,https://bath.fs-storage.jp/fs2cabinet/344/344230/344230-m-04-pl.jpg?v=1789032159,https://bath.fs-storage.jp/fs2cabinet/344/344230/344230-m-05-pl.jpg?v=1789032159,https://bath.fs-storage.jp/fs2cabinet/344/344230/344230-m-06-pl.jpg?v=1789032159"
378230,in stock,new,NO.378230 クロールバリエ スタッズ付き カットワーク スニーカー 汚れたら洗濯機で丸洗いできる、ウォッシャブルシューズ「COULEUR VARIE（クロールバリエ）」。 カットワーク加工にチュール素材を重ねた透け感が春夏らしい爽やなスニーカー。 控えめに煌めくスタッズ使いもアクセント。 ゴム紐仕様で着脱しやすく、足あたりソフトな履き心地です。 ●軽量 ●3E ゆったりした履き心地 ●取り外せるインソールでいつでも清潔、サイズの微調整も可能 ●抗菌防臭機能 気になる足のにおいを防ぐ,https://bath.fs-storage.jp/fs2cabinet/378/378230/378230-m-01-pl.jpg?v=1789032159,https://www.bath-ec.com/fs/bath/378230,No.378230 クロールバリエ スタッズ付き カットワーク スニーカー/●スペシ,4950 JPY,,,COULEUR VARIE,"https://bath.fs-storage.jp/fs2cabinet/378/378230/378230-m-02-pl.jpg?v=1789032159,https://bath.fs-storage.jp/fs2cabinet/378/378230/378230-m-03-pl.jpg?v=1789032159,https://bath.fs-storage.jp/fs2cabinet/378/378230/378230-m-04-pl.jpg?v=1789032159,https://bath.fs-storage.jp/fs2cabinet/378/378230/378230-m-05-pl.jpg?v=1789032159,https://bath.fs-storage.jp/fs2cabinet/378/378230/378230-m-06-pl.jpg?v=1789032159"
378233,in stock,new,NO.378233 クロールバリエ ソフトリボンモカシン 汚れたら洗濯機で丸洗いできる、ウォッシャブルシューズ「COULEUR VARIE（クロールバリエ）」。 柔らかくフィット感が心地よいモカシンは、甲浅の履き口と幅広リボンですっきり華奢みせ効果も。 フラットソールで歩きやすく、普段使いにぴったりの1足。 ●3E ゆったりした履き心地 ●取り外せるインソールでいつでも清潔、サイズの微調整も可能 ●抗菌防臭機能 気になる足のにおいを防ぐ,https://bath.fs-storage.jp/fs2cabinet/378/378233/378233-m-01-pl.jpg?v=1789032159,https://www.bath-ec.com/fs/bath/378233,No.378233 クロールバリエ ソフトリボンモカシン/●スペシャルセール※交換,3960 JPY,,,COULEUR VARIE,"https://bath.fs-storage.jp/fs2cabinet/378/378233/378233-m-02-pl.jpg?v=1789032159,https://bath.fs-storage.jp/fs2cabinet/378/378233/378233-m-03-pl.jpg?v=1789032159,https://bath.fs-storage.jp/fs2cabinet/378/378233/378233-m-04-pl.jpg?v=1789032159,https://bath.fs-storage.jp/fs2cabinet/378/378233/378233-m-05-pl.jpg?v=1789032159,https://bath.fs-storage.jp/fs2cabinet/378/378233/378233-m-06-pl.jpg?v=1789032159"
335201,in stock,new,NO.335201 クロールバリエ ベルクロストラップ スニーカー 汚れたら洗濯機で丸洗いできる、ウォッシャブルシューズ「COULEUR VARIE（クロールバリエ）」。 ベルクロタイプのストラップデザインスニーカーは浅めの履き口でですっきりとした印象だから、 スポーティーになり過ぎずスカートなどのキレイめスタイルにもスタイリングしやすい。 面テープ留めのストラップは着脱しやすく安定感も◎ ・軽量 ・3E ゆったりした履き心地 ・取り外せるインソールでいつでも清潔、サイズの微調整も可能 ・抗菌防臭機能 気になる足のにおいを防ぐ,https://bath.fs-storage.jp/fs2cabinet/335/335201/335201-m-01-pl.jpg?v=1789032159,https://www.bath-ec.com/fs/bath/335201,NO.335201 クロールバリエ ベルクロストラップ　スニーカー●スペシャルセ,4950 JPY,,,COULEUR VARIE,"https://bath.fs-storage.jp/fs2cabinet/335/335201/335201-m-02-pl.jpg?v=1789032159,https://bath.fs-storage.jp/fs2cabinet/335/335201/335201-m-03-pl.jpg?v=1789032159,https://bath.fs-storage.jp/fs2cabinet/335/335201/335201-m-04-pl.jpg?v=1789032159,https://bath.fs-storage.jp/fs2cabinet/335/335201/335201-m-05-pl.jpg?v=1789032159,https://bath.fs-storage.jp/fs2cabinet/335/335201/335201-m-06-pl.jpg?v=1789032159"
344232,in stock,new,NO.344232クロールバリエ パールリボン バックベルト パンプス 汚れたら洗濯機で丸洗いできる、ウォッシャブルシューズ「COULEUR VARIE（クロールバリエ）」。 クラシカルなスクエアトゥのバックベルトパンプスはギャザーを寄せたリボンとパール調のモチーフがアクセント。 ゴム付きのバックベルトでさっと履けて、上品な印象なのにローヒールだから楽に履けるのも嬉しいポイント。 タイツやソックスに合わせても楽しめる1足です。 ・3E ゆったりした履き心地 ・抗菌防臭機能 気になる足のにおいを防ぐ,https://bath.fs-storage.jp/fs2cabinet/344/344232/344232-m-01-pl.jpg?v=1789032159,https://www.bath-ec.com/fs/bath/344232,NO.344232 クロールバリエ パールリボン バックベルト パンプス/●スペシャ,2970 JPY,,,COULEUR VARIE,"https://bath.fs-storage.jp/fs2cabinet/344/344232/344232-m-02-pl.jpg?v=1789032159,https://bath.fs-storage.jp/fs2cabinet/344/344232/344232-m-03-pl.jpg?v=1789032159,https://bath.fs-storage.jp/fs2cabinet/344/344232/344232-m-04-pl.jpg?v=1789032159,https://bath.fs-storage.jp/fs2cabinet/344/344232/344232-m-05-pl.jpg?v=1789032159,https://bath.fs-storage.jp/fs2cabinet/344/344232/344232-m-06-pl.jpg?v=1789032159"
344233,in stock,new,NO.344233 クロールバリエ カットワーク刺繍セパレートパンプス 汚れたら洗濯機で丸洗いできる、ウォッシャブルシューズ「COULEUR VARIE（クロールバリエ）」。 抜け感が美しいセパレートタイプのパンプスにカットワークと刺繍をあしらい、さらに明るく華やかな印象に。 夏は素足で、肌寒い日はソックスやタイツと合わせればロングシーズンで活躍します。 歩きやすいウェッジヒール、ストラップは着脱が楽なフックタイプの仕様です。 ・抗菌防臭機能 気になる足のにおいを防ぐ ・中足骨パッド 足裏のアーチを支えて疲れを軽減。踵にもクッションがあります。,https://bath.fs-storage.jp/fs2cabinet/344/344233/344233-m-01-pl.jpg?v=1789032159,https://www.bath-ec.com/fs/bath/344233,NO.344233 クロールバリエ カットワーク刺&#32353;　セパレートパンプス【2,3300 JPY,,,COULEUR VARIE,"https://bath.fs-storage.jp/fs2cabinet/344/344233/344233-m-02-pl.jpg?v=1789032159,https://bath.fs-storage.jp/fs2cabinet/344/344233/344233-m-03-pl.jpg?v=1789032159,https://bath.fs-storage.jp/fs2cabinet/344/344233/344233-m-04-pl.jpg?v=1789032159,https://bath.fs-storage.jp/fs2cabinet/344/344233/344233-m-05-pl.jpg?v=1789032159,https://bath.fs-storage.jp/fs2cabinet/344/344233/344233-m-06-pl.jpg?v=1789032159"
344234,in stock,new,NO.344234 クロールバリエ セパレートメッシュ ウェッジパンプス 汚れたら洗濯機で丸洗いできる、ウォッシャブルシューズ「COULEUR VARIE（クロールバリエ）」。 涼やかなメッシュ編みのセパレートパンプス。控えめな肌見せでつま先や踵を見せたくない方にもおすすめ。 両サイドのゴムで幅が広がるので幅広の方も安心の仕様です。 歩きやすいウェッジヒール、ストラップは着脱が楽なフックタイプ。 ・3E ゆったりした履き心地 ・中足骨パッド 足裏のアーチを支えて疲れを軽減。踵にもクッションがあります。 ・抗菌防臭機能 気になる足のにおいを防ぐ,https://bath.fs-storage.jp/fs2cabinet/344/344234/344234-m-01-pl.jpg?v=1789032159,https://www.bath-ec.com/fs/bath/344234,No.344234 クロールバリエ セパレートメッシュ　ウェッジパンプス/●スペシ,4400 JPY,,,COULEUR VARIE,"https://bath.fs-storage.jp/fs2cabinet/344/344234/344234-m-02-pl.jpg?v=1789032159,https://bath.fs-storage.jp/fs2cabinet/344/344234/344234-m-03-pl.jpg?v=1789032159,https://bath.fs-storage.jp/fs2cabinet/344/344234/344234-m-04-pl.jpg?v=1789032159,https://bath.fs-storage.jp/fs2cabinet/344/344234/344234-m-05-pl.jpg?v=1789032159,https://bath.fs-storage.jp/fs2cabinet/344/344234/344234-m-06-pl.jpg?v=1789032159"
374231,in stock,new,NO.374231 クロールバリエ 軽量ハンドステッチオープントウパンプス 汚れたら洗濯機で丸洗いできる、ウォッシャブルシューズ「COULEUR VARIE（クロールバリエ）」。 人気の軽量シリーズから格子にあしらったハンドステッチが印象的なオープントゥパンプスが登場。甲のトップに入れた小さなゴムスリットが詰まりがちなスクエアカットの窮屈感から解放します。 ・軽量：軽さが魅力の人気シリーズ ・中足骨：足裏のアーチを支えて疲れを軽減 ・メッシュ素材の中敷：足あたりがサラサラで快適 ・3E：ゆったりした履き心地,https://bath.fs-storage.jp/fs2cabinet/374/374231/374231-m-01-pl.jpg?v=1789032159,https://www.bath-ec.com/fs/bath/374231,NO.374231 クロールバリエ 軽量ハンドステッチオープントウパンプス/●スペ,3960 JPY,,,COULEUR VARIE,"https://bath.fs-storage.jp/fs2cabinet/374/374231/374231-m-02-pl.jpg?v=1789032159,https://bath.fs-storage.jp/fs2cabinet/374/374231/374231-m-03-pl.jpg?v=1789032159,https://bath.fs-storage.jp/fs2cabinet/374/374231/374231-m-04-pl.jpg?v=1789032159,https://bath.fs-storage.jp/fs2cabinet/374/374231/374231-m-05-pl.jpg?v=1789032159,https://bath.fs-storage.jp/fs2cabinet/374/374231/374231-m-06-pl.jpg?v=1789032159"
378231,in stock,new,NO.378231 クロールバリエ ビット付き ニットローファー シンプルなビット金具付きのローファーをニット素材で仕立て、優しく新鮮な 印象に。オフィスシーンでも違和感なく履けるきちんと感をもちながら、柔ら かなニット素材が足全体を包み込むような安心感のある履き心地。さっと履け て軽量設計だから、ご旅行のセカンドシューズとしてもおすすめです。 ・抗菌防臭機能：気になる足のにおいを防ぐ ・3E：ゆったりした履き心地,https://bath.fs-storage.jp/fs2cabinet/378/378231/378231-m-01-pl.jpg?v=1789032159,https://www.bath-ec.com/fs/bath/378231,No.378231 クロールバリエ ビット付き ニットローファー/●スペシャルセー,4950 JPY,,,COULEUR VARIE,"https://bath.fs-storage.jp/fs2cabinet/378/378231/378231-m-02-pl.jpg?v=1789032159,https://bath.fs-storage.jp/fs2cabinet/378/378231/378231-m-03-pl.jpg?v=1789032159,https://bath.fs-storage.jp/fs2cabinet/378/378231/378231-m-04-pl.jpg?v=1789032159,https://bath.fs-storage.jp/fs2cabinet/378/378231/378231-m-05-pl.jpg?v=1789032159,https://bath.fs-storage.jp/fs2cabinet/378/378231/378231-m-06-pl.jpg?v=1789032159"
378232,in stock,new,NO.378232 クロールバリエ タッセルバブーシュスリッポン 汚れたら洗濯機で丸洗いできる、ウォッシャブルシューズ「COULEUR VARIE（クロールバリエ）」。 かかとを踏んでも履ける2WAYタイプのエスパドリーユ風のスリッポン。カジュアルスタイルも上品にもみせてくれるすっきりしたフォルムです。両サイドにはゴムスリットを入れ、窮屈感のないリラックスした履き心地に。かかと周りにはゴムシャーリングを入れ、脱げにくくしています。 ※全ての色に光沢のある加工を施しています ・取り外せるインソールでいつでも清潔、サイズの微調整も可能 ・抗菌防臭機能：気になる足のにおいを防ぐ,https://bath.fs-storage.jp/fs2cabinet/378/378232/378232-m-01-pl.jpg?v=1789032159,https://www.bath-ec.com/fs/bath/378232,No.378232 クロールバリエ タッセルバブーシュスリッポン【2E】●スペシャ,4950 JPY,,,COULEUR VARIE,"https://bath.fs-storage.jp/fs2cabinet/378/378232/378232-m-02-pl.jpg?v=1789032159,https://bath.fs-storage.jp/fs2cabinet/378/378232/378232-m-03-pl.jpg?v=1789032159,https://bath.fs-storage.jp/fs2cabinet/378/378232/378232-m-04-pl.jpg?v=1789032159,https://bath.fs-storage.jp/fs2cabinet/378/378232/378232-m-05-pl.jpg?v=1789032159,https://bath.fs-storage.jp/fs2cabinet/378/378232/378232-m-06-pl.jpg?v=1789032159"
378234,in stock,new,NO.378234 クロールバリエ ことりっぷコラボ ソフトレースアップシューズ 汚れたら洗濯機で丸洗いできる、ウォッシャブルシューズ「COULEUR VARIE（クロールバリエ）」と 女性に大人気の旅行ガイドブック「ことりっぷ」とクロールバリエのコラボレーション。 すっきりとミニマルなレースアップシューズはきちんと感もありながら柔らかくストレスフリーな履き心地。 旅先でも日常でも、オンオフ選ばずさまざまなシーンで活躍します。 シューレースは伸縮性のあるゴム紐で、脱ぎ履きしやすくなっています。カラーごとに異なるカラフルなメッシュインソールもポイント。 ・軽量 軽さが魅力の人気シリーズ ・メッシュの中敷 サラサラ快適なメッシュ素材,https://bath.fs-storage.jp/fs2cabinet/378/378234/378234-m-01-pl.jpg?v=1789032159,https://www.bath-ec.com/fs/bath/378234,No.378234 クロールバリエ ことりっぷコラボ ソフトレースアップシューズ【,4950 JPY,,,COULEUR VARIE,"https://bath.fs-storage.jp/fs2cabinet/378/378234/378234-m-02-pl.jpg?v=1789032159,https://bath.fs-storage.jp/fs2cabinet/378/378234/378234-m-03-pl.jpg?v=1789032159,https://bath.fs-storage.jp/fs2cabinet/378/378234/378234-m-04-pl.jpg?v=1789032159,https://bath.fs-storage.jp/fs2cabinet/378/378234/378234-m-05-pl.jpg?v=1789032159,https://bath.fs-storage.jp/fs2cabinet/378/378234/378234-m-06-pl.jpg?v=1789032159"
378235,in stock,new,NO.378235 クロールバリエ ことりっぷコラボ ニットオペラシューズ 汚れたら洗濯機で丸洗いできる、ウォッシャブルシューズ「COULEUR VARIE（クロールバリエ）」と 女性に大人気の旅行ガイドブック「ことりっぷ」とクロールバリエのコラボレーション。 マニッシュなオペラシューズを柔らかくフィット感が心地よいニット素材で仕立てました。さっと履けて使い勝手が良く、 約140ｇ※と軽量だから旅行の際のセカンドシューズとしてもおすすめ。 カラーはコーディネートに馴染みやすく、優しい色合いの5色から。 ※23.0cm片側の重量です。 ・軽量 ・3E :ゆったりした履き心地 ・抗菌防臭機能 :気になる足のにおいを防ぐ,https://bath.fs-storage.jp/fs2cabinet/378/378235/378235-m-01-pl.jpg?v=1789032159,https://www.bath-ec.com/fs/bath/378235,No.378235 クロールバリエ ことりっぷコラボ ニットオペラシューズ/●スペ,4950 JPY,,,COULEUR VARIE,"https://bath.fs-storage.jp/fs2cabinet/378/378235/378235-m-02-pl.jpg?v=1789032159,https://bath.fs-storage.jp/fs2cabinet/378/378235/378235-m-03-pl.jpg?v=1789032159,https://bath.fs-storage.jp/fs2cabinet/378/378235/378235-m-04-pl.jpg?v=1789032159,https://bath.fs-storage.jp/fs2cabinet/378/378235/378235-m-05-pl.jpg?v=1789032159,https://bath.fs-storage.jp/fs2cabinet/378/378235/378235-m-06-pl.jpg?v=1789032159"
374230,in stock,new,NO.374230 クロールバリエ 3WAY着せ替えローファー 汚れたら洗濯機で丸洗いできる、ウォッシャブルシューズ「COULEUR VARIE（クロールバリエ）」。 スクエアオフのフォルムが足をすっきりと綺麗に見せながら、つま先部分は厚みをもたせてゆったりと履ける構造のローファーです。 2種類の飾り付きで、ビットやビジューの飾りで華やかに、飾りを外せばシンプルにも。 表情の変わる 3WAYで様々なコーディネートに合わせていただけます。程よい高さの約4cmのウエッジソールは安定感も抜群です。 ・軽量： 軽さが魅力の人気シリーズ ・3E：ゆったりした履き心地 ・メッシュの中敷： サラサラ快適なメッシュ素材 ・取り外せるインソールでいつでも清潔、サイズの微調整も可能,https://bath.fs-storage.jp/fs2cabinet/374/374230/374230-m-01-pl.jpg?v=1789032159,https://www.bath-ec.com/fs/bath/374230,No.374230　クロールバリエ 3WAY着せ替えローファー/●スペシャルセール※,3960 JPY,,,COULEUR VARIE,"https://bath.fs-storage.jp/fs2cabinet/374/374230/374230-m-02-pl.jpg?v=1789032159,https://bath.fs-storage.jp/fs2cabinet/374/374230/374230-m-03-pl.jpg?v=1789032159,https://bath.fs-storage.jp/fs2cabinet/374/374230/374230-m-04-pl.jpg?v=1789032159,https://bath.fs-storage.jp/fs2cabinet/374/374230/374230-m-05-pl.jpg?v=1789032159,https://bath.fs-storage.jp/fs2cabinet/374/374230/374230-m-06-pl.jpg?v=1789032159"
10045y,in stock,new,NO.10045Y クロールバリエ多収納2WAYバッグ ポケットが沢山ありしっかり収納ができるのにきちんと感のあるスマートな佇まいのバッグ。 服装や気分に合わせてショルダーストラップが取り外せる2wayタイプです。 ※個々により色柄の出方は異なります。また、モニター環境によって色の再現が 若干異なってまいりますので、何卒ご了承くださいませ。 ◎お手入れ時のご注意◎ やわらかいブラシなどで軽く汚れを払った後、手洗いができます。（洗濯機のご使用はお避けください） 洗剤は漂白剤、柔軟仕上げ剤、蛍光剤の入っていない中性剤をお使いください。 手洗いの際、力を入れすぎると素材の風合いを損なうことがありますので、やさしく洗ってください。 （つけおき洗いはお避けください） その後は形を整えて風通しの良い日陰で充分に乾かしてください。 （アイロンやドライヤーなどの高熱による乾燥はお避けください）,https://bath.fs-storage.jp/fs2cabinet/100/10045y/10045y-m-01-pl.jpg?v=1789032159,https://www.bath-ec.com/fs/bath/10045y,NO.10045Y クロールバリエ多収納2WAYバッグ【定番人気商品】●スペシャルセ,11880 JPY,,,COULEUR VARIE,"https://bath.fs-storage.jp/fs2cabinet/100/10045y/10045y-m-02-pl.jpg?v=1789032159,https://bath.fs-storage.jp/fs2cabinet/100/10045y/10045y-m-03-pl.jpg?v=1789032159,https://bath.fs-storage.jp/fs2cabinet/100/10045y/10045y-m-04-pl.jpg?v=1789032159,https://bath.fs-storage.jp/fs2cabinet/100/10045y/10045y-m-05-pl.jpg?v=1789032159,https://bath.fs-storage.jp/fs2cabinet/100/10045y/10045y-m-06-pl.jpg?v=1789032159"
329231,in stock,new,NO.329231 クロールバリエ バイカラーミュールローファー 汚れたら洗濯機で丸洗いできる、ウォッシャブルシューズ「COULEUR VARIE（クロールバリエ）」。 スタイリッシュなビットローファーデザインを気軽にさっと履けるミュールタイプにアレンジ。 トレンド感のあるバイカラー使いのデザインはベーシックスタイルに取り入れるだけで旬な着こなしに。 ゴールドカラーのビット金具で高級感をプラスした、大人カジュアルに合わせたい1足です。 ・抗菌防臭機能 気になる足のにおいを防ぐ,https://bath.fs-storage.jp/fs2cabinet/329/329231/329231-m-01-pl.jpg?v=1789032159,https://www.bath-ec.com/fs/bath/329231,No.329231 クロールバリエ バイカラーミュールローファー 【2E】●スペシャ,4400 JPY,,,COULEUR VARIE,"https://bath.fs-storage.jp/fs2cabinet/329/329231/329231-m-02-pl.jpg?v=1789032159,https://bath.fs-storage.jp/fs2cabinet/329/329231/329231-m-03-pl.jpg?v=1789032159,https://bath.fs-storage.jp/fs2cabinet/329/329231/329231-m-04-pl.jpg?v=1789032159,https://bath.fs-storage.jp/fs2cabinet/329/329231/329231-m-05-pl.jpg?v=1789032159,https://bath.fs-storage.jp/fs2cabinet/329/329231/329231-m-06-pl.jpg?v=1789032159"
378330,in stock,new,NO.378330 バスクラフト カットワークサボサンダル【在庫販売】 百貨店・直営店で大好評の「BATH CRAFT（バスクラフト）」。 履き口まわりに細やかなカットワーク加工を施したサボサンダル。 さっと履けて脱ぎ履きしやすく、足に柔らかく馴染む心地よさで普段使いはもちろん、旅先やオフィスでのセカンドシューズとしても。 素材は皮革と相違ないシボ（シワ）感と上質感を損なわずに 本格的な味わいが楽しめる高級人工皮革を使用しており、 皮革よりお手入れが簡単なのも嬉しいポイントです。,https://bath.fs-storage.jp/fs2cabinet/378/378330/378330-m-01-pl.jpg?v=1789032159,https://www.bath-ec.com/fs/bath/378330,NO.378330 バスクラフト カットワークサボサンダル【2E】●スペシャルセー,4950 JPY,,,COULEUR VARIE,"https://bath.fs-storage.jp/fs2cabinet/378/378330/378330-m-02-pl.jpg?v=1789032159,https://bath.fs-storage.jp/fs2cabinet/378/378330/378330-m-03-pl.jpg?v=1789032159,https://bath.fs-storage.jp/fs2cabinet/378/378330/378330-m-04-pl.jpg?v=1789032159,https://bath.fs-storage.jp/fs2cabinet/378/378330/378330-m-05-pl.jpg?v=1789032159,https://bath.fs-storage.jp/fs2cabinet/378/378330/378330-m-06-pl.jpg?v=1789032159"
078801h,in stock,new,No.078801H バスクラフト リングベルトドライビングシューズ 在庫販売(レディース) 歩きやすく、足に優しいシューズ「BATH CRAFT（バスクラフト）」のカラーオーダーシューズを サイズ・カラー数量限定ですぐにお届け！ 百貨店・直営店でも人気の定番ロングセラー商品。 歩きやすく、足に優しいシューズ「BATH CRAFT（バスクラフト）」のカラーオーダーシリーズのドライビングシューズをすぐお手元にお届けできる、在庫販売ページです。 長年にわたってリピーターの方にご愛顧いただいているドライビングシューズは、ソフトな履き心地と返りのよさが好評です。 優しげな手縫いのモカステッチにワンベルトがアクセント。 上質感を損なわずに、つやのある本格的な革の味わいが楽しめる高級人工皮革を使用。 履いているうちにどんどんあなたの足に馴染んできます。 お手入れが簡単なのも、人工皮革のうれしいポイント。 取り外し可能なカップインソールは、立体的な形状で踵周りをしっかりとカバー。 厚めのクッション材を採用し、歩行時の衝撃を緩和します。 中底を一枚重ねることで、柔らかい履き心地と靴の安定感の両方を実現。 ドライビングシューズでありながら、日常使いや歩くことも考えたソールのつくりになっています。 21.5cmの小さいサイズから25cmの大きいサイズまで幅広く取り揃えております。 在庫販売につき、カラーやサイズに限りがございますのでぜひお見逃しなく ※カラーオーダーと色表記は異なりますが同色です。 ネイビー=33番(ネイビーブルー) ダークオレンジ＝ 38番(ダークオレンジ) ブラック＝ 50番(ブラック) ダークレッド＝ 37番(ストロングレッド) オフホワイト＝ 100番(オフホワイト) グレー ＝74番(グレー) ブラウン＝ 40番(シガレットブラウン) ゴールド ＝M2番(メタリッククリーム) グレーメタリック＝ M74番(メタリックグレー) ブロンズ＝ M40番(メタリックシガレットブラウン),https://bath.fs-storage.jp/fs2cabinet/078/078801h/078801h-m-01-pl.jpg?v=1789032159,https://www.bath-ec.com/fs/bath/078801h,No.078801H バスクラフト リングベルトドライビングシューズ 在庫販売(レデ,9900 JPY,,,COULEUR VARIE,"https://bath.fs-storage.jp/fs2cabinet/078/078801h/078801h-m-02-pl.jpg?v=1789032159,https://bath.fs-storage.jp/fs2cabinet/078/078801h/078801h-m-03-pl.jpg?v=1789032159,https://bath.fs-storage.jp/fs2cabinet/078/078801h/078801h-m-04-pl.jpg?v=1789032159,https://bath.fs-storage.jp/fs2cabinet/078/078801h/078801h-m-05-pl.jpg?v=1789032159,https://bath.fs-storage.jp/fs2cabinet/078/078801h/078801h-m-06-pl.jpg?v=1789032159"
978803h,in stock,new,No.978803H バスクラフト 定番 モカシンローファー(レディース)【在庫販売】 歩きやすく、足に優しいシューズ「BATH CRAFT（バスクラフト）」のカラーオーダーシューズの同型を サイズ・カラー数量限定ですぐにお届け！ 百貨店・直営店でも定番人気のロングセラー商品であるモカシンローファー。 製品染め(靴の状態にした後に染色)のカラーオーダーとは異なり、原反染め(靴の状態にする前に染色)にすることで 柔らかい足あたりはそのままに、若干ゆったりとした足入れ感になりました。 つや感とハリのある素材は、皮革と相違ないシボ（シワ）感と上質感が魅力。 本格的な味わいを楽しめる高級人工皮革を使用しています。 また、皮革よりお手入れが簡単なのも嬉しいポイントです。 取り外し可能なインソールにはクッション素材を貼り合わせ、優しい足あたりに。 ソフトな履き心地と返りのよさ、優しげな手縫いのモカステッチ。 どんなスタイルにも合うシンプルな大人デザインのローファーです。 ※カラーオーダーと色表記は異なりますが同色です。 ブラック=50番(ブラック) ダークブラウン＝ 39番(ダークブラウン) ダークレッド＝ 37番(ストロングレッド) グレイッシュブルー＝ 140番(ディープグレイッシュブルー) カーキ＝ 117番(オリーブカーキ) ライトグレー ＝52番(アイスグレー) ネイビー＝ 33番(ネイビーブルー) オーク ＝53番(グレイッシュオーク) ホワイト＝ 1番(ホワイト),https://bath.fs-storage.jp/fs2cabinet/978/978803h/978803h-m-01-pl.jpg?v=1789032159,https://www.bath-ec.com/fs/bath/978803h,No.978803H バスクラフト モカシンローファー レディース【2E】●スペシャ,9900 JPY,,,COULEUR VARIE,"https://bath.fs-storage.jp/fs2cabinet/978/978803h/978803h-m-02-pl.jpg?v=1789032159,https://bath.fs-storage.jp/fs2cabinet/978/978803h/978803h-m-03-pl.jpg?v=1789032159,https://bath.fs-storage.jp/fs2cabinet/978/978803h/978803h-m-04-pl.jpg?v=1789032159,https://bath.fs-storage.jp/fs2cabinet/978/978803h/978803h-m-05-pl.jpg?v=1789032159,https://bath.fs-storage.jp/fs2cabinet/978/978803h/978803h-m-06-pl.jpg?v=1789032159"
074601-2,in stock,new,こちらは同型の074601とは異なり、グレージュカラーのソールを使用しています。 グレージュのソールカラーが落ち着いた雰囲気のカジュアルすぎない大人のスニーカー。 汚れやキズが目立ちにくく、ファッションに馴染みやすいところもポイント。 ・アッパー材防水・耐滑ソール（厨房用の靴底と同素材） ・抗菌防臭、吸湿速乾中敷 ・かかとに衝撃吸収クッション入りカップインソール ・かかとは芯がない柔らかい仕様で脱ぎ履きしやすく、擦れにくい ・踏み出しやすいローリング形状のソール ・表材1枚使いに縫い目の少ないシームレス仕様で、肌に吸い付くような心地よい足入れ感 ・優れたストレッチ性でどんな足型にもフィットしやすい ・表面の耐久性、耐摩耗性に優れ、傷やシワを軽減 ・防水性に優れ、天候に左右されないオールウェザー対応 ※「マットブラック」は生産時期の違いによって多少の色味の違いがございます。 型番：074601-2,https://bath.fs-storage.jp/fs2cabinet/074/074601-2/074601-2-m-01-pl.jpg?v=1789032159,https://www.bath-ec.com/fs/bath/074601-2,NO.074601 newmoニューモ  クラリーノ 厚底ストレッチスニーカー●スペシャ,13860 JPY,,,COULEUR VARIE,"https://bath.fs-storage.jp/fs2cabinet/074/074601-2/074601-2-m-02-pl.jpg?v=1789032159,https://bath.fs-storage.jp/fs2cabinet/074/074601-2/074601-2-m-03-pl.jpg?v=1789032159,https://bath.fs-storage.jp/fs2cabinet/074/074601-2/074601-2-m-04-pl.jpg?v=1789032159,https://bath.fs-storage.jp/fs2cabinet/074/074601-2/074601-2-m-05-pl.jpg?v=1789032159,https://bath.fs-storage.jp/fs2cabinet/074/074601-2/074601-2-m-06-pl.jpg?v=1789032159"
174603-2,in stock,new,雨の日も、晴れの日も。 軽やかな一歩を、〈ニューモ〉とともに。 クラリーノ〈トリベラ〉が叶えるのは、素足のような軽やかさと足にやさしく寄り添うフィット感。 そのストレスフリーな履き心地が、毎日の歩行を快適にサポートします。 高いストレッチ性とシームレスな設計で、足への負担を軽減。 長時間の歩行でも、やさしく包み込むような快適さが続きます。 さらに防水性も兼ね備え、雨の日でも安心。 天気に左右されず、いつでも晴れの日と変わらない心地よさ。 柔らかく、軽く、そして自由。 〈トリベラ〉が実現した新しいフィット感を、あなたの毎日に。 ※newmo〈ニューモ〉はウォッシャブルシューズではありません ※急な雨には対応できますが、完全防水ではありません こちらは同型の174603とは異なり、グレージュカラーのソールを使用しています。 グレージュのソールカラーが落ち着いた雰囲気のレースアップシューズ。 汚れやキズが目立ちにくく、ファッションに馴染みやすいところもポイント。 見た目を裏切る、驚くほど柔らかなエナメル素材で動きもしなやか。 足もとにほど良くマニッシュテイストをプラスすれば、大人の女性らしいこなれたスタイルの完成です。 ※オフホワイトとトープはエナメル調の素材です。 型番：174603-2,https://bath.fs-storage.jp/fs2cabinet/174/174603-2/174603-2-m-01-pl.jpg?v=1789032159,https://www.bath-ec.com/fs/bath/174603-2,NO.174603 newmo ニューモ クラリーノ ストレッチ レースアップシューズ●,13860 JPY,,,COULEUR VARIE,"https://bath.fs-storage.jp/fs2cabinet/174/174603-2/174603-2-m-02-pl.jpg?v=1789032159,https://bath.fs-storage.jp/fs2cabinet/174/174603-2/174603-2-m-03-pl.jpg?v=1789032159,https://bath.fs-storage.jp/fs2cabinet/174/174603-2/174603-2-m-04-pl.jpg?v=1789032159,https://bath.fs-storage.jp/fs2cabinet/174/174603-2/174603-2-m-05-pl.jpg?v=1789032159,https://bath.fs-storage.jp/fs2cabinet/174/174603-2/174603-2-m-06-pl.jpg?v=1789032159"
174652,in stock,new,雨の日も、晴れの日も。 軽やかな一歩を、〈ニューモ〉とともに。 クラリーノ〈トリベラ〉が叶えるのは、素足のような軽やかさと足にやさしく寄り添うフィット感。 そのストレスフリーな履き心地が、毎日の歩行を快適にサポートします。 高いストレッチ性とシームレスな設計で、足への負担を軽減。 長時間の歩行でも、やさしく包み込むような快適さが続きます。 さらに防水性も兼ね備え、雨の日でも安心。 天気に左右されず、いつでも晴れの日と変わらない心地よさ。 柔らかく、軽く、そして自由。 〈トリベラ〉が実現した新しいフィット感を、あなたの毎日に。 ※newmo〈ニューモ〉はウォッシャブルシューズではありません ※急な雨には対応できますが、完全防水ではありません トラディショナルな雰囲気の中にも、ワークブーツのようなトレンドのテイストを取り入れたデザインで、カジュアルにもキレイめにもスタイリングしやすいショートブーツ。 レインブーツとしても使えるので季節を問わず一年を通して大活躍すること間違いありません。 ※「ブラック」「オフホワイト」は生産時期の違いによって多少の色味の違いがございます。 型番：174652,https://bath.fs-storage.jp/fs2cabinet/174/174652/174652-m-01-pl.jpg?v=1789032159,https://www.bath-ec.com/fs/bath/174652,NO.174652 newmo クラリーノ ストレッチ ショートブーツ●スペシャルセール,15840 JPY,,,COULEUR VARIE,
274651,in stock,new,雨の日も、晴れの日も。 軽やかな一歩を、〈ニューモ〉とともに。 クラリーノ〈トリベラ〉が叶えるのは、素足のような軽やかさと足にやさしく寄り添うフィット感。 そのストレスフリーな履き心地が、毎日の歩行を快適にサポートします。 高いストレッチ性とシームレスな設計で、足への負担を軽減。 長時間の歩行でも、やさしく包み込むような快適さが続きます。 さらに防水性も兼ね備え、雨の日でも安心。 天気に左右されず、いつでも晴れの日と変わらない心地よさ。 柔らかく、軽く、そして自由。 〈トリベラ〉が実現した新しいフィット感を、あなたの毎日に。 ※newmo〈ニューモ〉はウォッシャブルシューズではありません ※急な雨には対応できますが、完全防水ではありません 1足で3つの表情を持つスニーカーのように楽なパンプス。 すっきりとしたスクエアトウで、甘さを抑えたメリージェーンに仕上げました。 ストラップ付け外しや付ける位置で雰囲気がガラッと変わるので日々のお出かけやビジネスシーン、冠婚葬祭まで幅広くカバーできます。 型番：274651,https://bath.fs-storage.jp/fs2cabinet/274/274651/274651-m-01-pl.jpg?v=1789032159,https://www.bath-ec.com/fs/bath/274651,newmo ニューモ　クラリーノ　ストレッチ　スクエアカットパンプス(スクエ,5940 JPY,,,COULEUR VARIE,"https://bath.fs-storage.jp/fs2cabinet/274/274651/274651-m-02-pl.jpg?v=1789032159,https://bath.fs-storage.jp/fs2cabinet/274/274651/274651-m-03-pl.jpg?v=1789032159,https://bath.fs-storage.jp/fs2cabinet/274/274651/274651-m-04-pl.jpg?v=1789032159,https://bath.fs-storage.jp/fs2cabinet/274/274651/274651-m-05-pl.jpg?v=1789032159,https://bath.fs-storage.jp/fs2cabinet/274/274651/274651-m-06-pl.jpg?v=1789032159"
174602,in stock,new,子供っぽくない大人のハイカットスニーカー ロゴの無いミニマルデザインだからスタイリングしやすくコーディネートの幅も広がります 細っそりした木型を使ったカジュアル過ぎない綺麗めのスニーカーです トレンドのパラコード風の替え紐が付属されており、ブーツのようにも 使えます。 シンプルな白紐と付け替えることで表情が変わり、コーディネートに合わせて楽しめます。 型番：174602,https://bath.fs-storage.jp/fs2cabinet/174/174602/174602-m-01-pl.jpg?v=1789032159,https://www.bath-ec.com/fs/bath/174602,NO.174602 newmo クラリーノ ストレッチ ハイカットスニーカー●スペシャル,13860 JPY,,,COULEUR VARIE,
174604,out of stock,new,雨の日もキラキラのストーンで気分も上々 ボリュームのあるフレアソールはニュアンスカラーのグレージュ 大人の女性らしい こなれた雰囲気を作ります 汚れやキズが目立ちにくいのも嬉しいポイント 型番：174604,https://bath.fs-storage.jp/fs2cabinet/174/174604/174604-m-01-pl.jpg?v=1789032159,https://www.bath-ec.com/fs/bath/174604,174604　newmo クラリーノ 2WAY ストレッチスリッポン/●スペシャルセール,3960 JPY,,,COULEUR VARIE,
174651,in stock,new,newmo クラリーノ 厚底マルチカラーシューズ ほっそりフェイスと三連のストラップがエレガント マルチカラーがアクセント。スニーカーソールの軽快さとエレガントな雰囲気を併せ持つバランスの良いシューズです。ストラップはゴムや面テープで調節できるので、むくみ対策も万全です。見た目に反して3E～4Eのワイズがあるので外反母趾にも優しくフィット 型番：174651,https://bath.fs-storage.jp/fs2cabinet/174/174651/174651-m-01-pl.jpg?v=1789032159,https://www.bath-ec.com/fs/bath/174651,NO.174651 newmo クラリーノ　厚底マルチカラーシューズ●スペシャルセール,4950 JPY,,,COULEUR VARIE,"https://bath.fs-storage.jp/fs2cabinet/174/174651/174651-m-02-pl.jpg?v=1789032159,https://bath.fs-storage.jp/fs2cabinet/174/174651/174651-m-03-pl.jpg?v=1789032159,https://bath.fs-storage.jp/fs2cabinet/174/174651/174651-m-04-pl.jpg?v=1789032159,https://bath.fs-storage.jp/fs2cabinet/174/174651/174651-m-05-pl.jpg?v=1789032159,https://bath.fs-storage.jp/fs2cabinet/174/174651/174651-m-06-pl.jpg?v=1789032159"
074652,in stock,new,シルバーのラインが足もとを引き締め、カジュアルな中にもスッキリ綺麗な印象を与えます。厚底でクッション性も高く疲れを軽減します。 型番：074652,https://bath.fs-storage.jp/fs2cabinet/074/074652/074652-m-01-pl.jpg?v=1789032159,https://www.bath-ec.com/fs/bath/074652,074652　newmo シルバーコンビ ストレッチスリッポン/●スペシャルセール※,3960 JPY,,,COULEUR VARIE,"https://bath.fs-storage.jp/fs2cabinet/074/074652/074652-m-02-pl.jpg?v=1789032159,https://bath.fs-storage.jp/fs2cabinet/074/074652/074652-m-03-pl.jpg?v=1789032159,https://bath.fs-storage.jp/fs2cabinet/074/074652/074652-m-04-pl.jpg?v=1789032159,https://bath.fs-storage.jp/fs2cabinet/074/074652/074652-m-05-pl.jpg?v=1789032159,https://bath.fs-storage.jp/fs2cabinet/074/074652/074652-m-06-pl.jpg?v=1789032159"
229601,in stock,new,雨の日も、晴れの日も。 軽やかな一歩を、〈ニューモ〉とともに。 クラリーノ〈トリベラ〉が叶えるのは、素足のような軽やかさと足にやさしく寄り添うフィット感。 そのストレスフリーな履き心地が、毎日の歩行を快適にサポートします。 高いストレッチ性とシームレスな設計で、足への負担を軽減。 長時間の歩行でも、やさしく包み込むような快適さが続きます。 さらに防水性も兼ね備え、雨の日でも安心。 天気に左右されず、いつでも晴れの日と変わらない心地よさ。 柔らかく、軽く、そして自由。 〈トリベラ〉が実現した新しいフィット感を、あなたの毎日に。 ※newmo〈ニューモ〉はウォッシャブルシューズではありません ※急な雨には対応できますが、完全防水ではありません スクエアトゥに甲深デザイン。大人のバレエシューズで弾む足どり 履き口のグログランテープは伸縮素材なのでフィット感があり、とても歩きやすいです 素足はもちろん、ストッキング、タイツ、靴下など、レッグウエアとも相性が良く、通年いろいろなコーデをお楽しみいただけます ■サイズ選び ゆったりしていますが、ジャストサイズをお選びください 型番：229601,https://bath.fs-storage.jp/fs2cabinet/229/229601/229601-m-01-pl.jpg?v=1789032159,https://www.bath-ec.com/fs/bath/229601,newmo ニューモ　クラリーノ　ストレッチ　バレエシューズ●スペシャルセー,3960 JPY,,,COULEUR VARIE,"https://bath.fs-storage.jp/fs2cabinet/229/229601/229601-m-02-pl.jpg?v=1789032159,https://bath.fs-storage.jp/fs2cabinet/229/229601/229601-m-03-pl.jpg?v=1789032159,https://bath.fs-storage.jp/fs2cabinet/229/229601/229601-m-04-pl.jpg?v=1789032159,https://bath.fs-storage.jp/fs2cabinet/229/229601/229601-m-05-pl.jpg?v=1789032159,https://bath.fs-storage.jp/fs2cabinet/229/229601/229601-m-06-pl.jpg?v=1789032159"
229602,in stock,new,スクエアトゥにスクエアカット。足をスッキリ美しく見せながらも、走れるパンプス！ こんな楽な履き心地のパンプスならビジネスシーンから冠婚葬祭、ちょっとしたおでかけも、家から出て帰るまでストレスなく履き続けることができます ブラック以外はバイカラーのヒールで、ほど良いアクセントになります 型番：229602,https://bath.fs-storage.jp/fs2cabinet/229/229602/229602-m-01-pl.jpg?v=1789032159,https://www.bath-ec.com/fs/bath/229602,newmo ニューモ　クラリーノ　ストレッチ　スクエアカットパンプス●スペシ,5940 JPY,,,COULEUR VARIE,
229651,in stock,new,シンプルでどんなファッションにもマッチ。 甲を覆ったデザインが足をしっかりホールドし、太めのヒールで安定感もあります。 履き口のグログランテープにも伸縮性があるので、アッパーの伸縮性を妨げることなく足に心地よくフィットします。 型番：229651,https://bath.fs-storage.jp/fs2cabinet/229/229651/229651-m-01-pl.jpg?v=1789032159,https://www.bath-ec.com/fs/bath/229651,No.229651　newmo　クラリーノ　ストレッチシューティ/●スペシャルセール,4950 JPY,,,COULEUR VARIE,"https://bath.fs-storage.jp/fs2cabinet/229/229651/229651-m-02-pl.jpg?v=1789032159,https://bath.fs-storage.jp/fs2cabinet/229/229651/229651-m-03-pl.jpg?v=1789032159,https://bath.fs-storage.jp/fs2cabinet/229/229651/229651-m-04-pl.jpg?v=1789032159,https://bath.fs-storage.jp/fs2cabinet/229/229651/229651-m-05-pl.jpg?v=1789032159,https://bath.fs-storage.jp/fs2cabinet/229/229651/229651-m-06-pl.jpg?v=1789032159"
274601,in stock,new,ほっそりフォルムのオペラシューズにシャンパンゴールドのビットで大人カジュアルを格上げ スッキリしたラインですが、足を入れるとゆったり。左右にスリットがあり、甲の高さに合わせてフィットするので甲高、幅広の方や、むくみにも安心です 合わせる服によってカジュアルにもエレガントにも使える万能シューズです。 型番：274601,https://bath.fs-storage.jp/fs2cabinet/274/274601/274601-m-01-pl.jpg?v=1789032159,https://www.bath-ec.com/fs/bath/274601,NO.274601 newmo ニューモ クラリーノ　ストレッチ　オペラシューズ●スペ,5940 JPY,,,COULEUR VARIE,
074601,in stock,new,雨の日も、晴れの日も。 軽やかな一歩を、〈ニューモ〉とともに。 クラリーノ〈トリベラ〉が叶えるのは、素足のような軽やかさと足にやさしく寄り添うフィット感。 そのストレスフリーな履き心地が、毎日の歩行を快適にサポートします。 高いストレッチ性とシームレスな設計で、足への負担を軽減。 長時間の歩行でも、やさしく包み込むような快適さが続きます。 さらに防水性も兼ね備え、雨の日でも安心。 天気に左右されず、いつでも晴れの日と変わらない心地よさ。 柔らかく、軽く、そして自由。 〈トリベラ〉が実現した新しいフィット感を、あなたの毎日に。 ※newmo〈ニューモ〉はウォッシャブルシューズではありません ※急な雨には対応できますが、完全防水ではありません こちらは同型の074601-2とは異なり、ホワイトカラーのソールを使用しています。 ・アッパー材防水・耐滑ソール（厨房用の靴底と同素材） ・抗菌防臭、吸湿速乾中敷 ・かかとに衝撃吸収クッション入りカップインソール ・かかとは芯がない柔らかい仕様で脱ぎ履きしやすく、擦れにくい ・踏み出しやすいローリング形状のソール ・表材1枚使いに縫い目の少ないシームレス仕様で、肌に吸い付くような心地よい足入れ感 ・優れたストレッチ性でどんな足型にもフィットしやすい ・表面の耐久性、耐摩耗性に優れ、傷やシワを軽減 ・防水性に優れ、天候に左右されないオールウェザー対応 型番：074601,https://bath.fs-storage.jp/fs2cabinet/074/074601/074601-m-01-pl.jpg?v=1789032159,https://www.bath-ec.com/fs/bath/074601,NO.074601 newmoニューモ クラリーノ 厚底ストレッチスニーカー●スペシャ,13860 JPY,,,COULEUR VARIE,"https://bath.fs-storage.jp/fs2cabinet/074/074601/074601-m-02-pl.jpg?v=1789032159,https://bath.fs-storage.jp/fs2cabinet/074/074601/074601-m-03-pl.jpg?v=1789032159,https://bath.fs-storage.jp/fs2cabinet/074/074601/074601-m-04-pl.jpg?v=1789032159,https://bath.fs-storage.jp/fs2cabinet/074/074601/074601-m-05-pl.jpg?v=1789032159,https://bath.fs-storage.jp/fs2cabinet/074/074601/074601-m-06-pl.jpg?v=1789032159"
385nsale3,in stock,new,"No.385N クロールバリエ 軽量 パンプスのセールページです ★ No.385N クロールバリエ 軽量 パンプス 汚れたら洗濯機で丸洗いできる、ウォッシャブルシューズ「COULEUR VARIE（クロールバリエ）」。 こちらはクロールバリエのロングセラー商品、 軽量パンプスNO,385のリニューアルタイプになります。 通常より手間のかかるプラット製法を採用し、 巻革を使うことによって甲材を引っ張らないため 素材が足に馴染みやすく包み込むような履き心地に。 インソールにはさらりとしたメッシュ素材を使用しているので 素足で履いても気持ちの良い足入れ感。 また、中足骨パッドが足裏の負担を分散させ快適な歩みをサポートします。 サイドのライニング(裏地)にクッション材を採用し、フィット感がアップ。 履きこみもやや浅めになり、スッキリとした印象に。 すっきりとしたシンプルデザイン。 女性らしい丸いトゥに、程よい高さのヒール。 お出かけから、お仕事・冠婚葬祭まで大活躍間違いなし。 21cmから25.5cmまで豊富なサイズ展開をご用意しています。 無題ドキュメント",https://bath.fs-storage.jp/fs2cabinet/385/385nsale3/385nsale3-m-01-pl.jpg?v=1789032159,https://www.bath-ec.com/fs/bath/385nsale3,No.385n クロールバリエ 軽量 パンプス/●スペシャルセール※交換返品不可,6930 JPY,,,COULEUR VARIE,"https://bath.fs-storage.jp/fs2cabinet/385/385nsale3/385nsale3-m-02-pl.jpg?v=1789032159,https://bath.fs-storage.jp/fs2cabinet/385/385nsale3/385nsale3-m-03-pl.jpg?v=1789032159,https://bath.fs-storage.jp/fs2cabinet/385/385nsale3/385nsale3-m-04-pl.jpg?v=1789032159"
694sale4,in stock,new,No.694 クロールバリエ シークレットヒール バレエシューズのセールページです ★ No.694 クロールバリエ シークレットヒール バレエシューズ 汚れたら洗濯機で丸洗いできる、ウォッシャブルシューズ「COULEUR VARIE（クロールバリエ）」。 幅広い世代の女性に愛されてきた日本製ロングセラーバレエシューズ。 外からは分からない約2.5cmのインヒール仕様で とても歩きやすく、足長効果もばっちり。 インソールは抗菌防臭に優れたシルバーカラーの人工皮革を採用。 裏面に再剥離テープを貼っているので何度でも取り外しでき、 インソールだけを洗う事もできます。 生地には軽くて通気性が良く、色あせにくい 東レ人工皮革スエードを使用。 とても柔らかな履き心地で 1年を通して快適にお履きいただけます。 クロールバリエならではの多彩なカラーバリエーション、 小さいサイズの21cmから、大きいサイズの25cmまでの幅広いサイズ展開。 あなたにぴったりな１足を探してみてくださいね。 ※色柄の出方は個々により異なり、左右非対称になります。 商品の特性をご理解いただき、アシンメトリーデザインをお楽しみください。,https://bath.fs-storage.jp/fs2cabinet/694/694sale4/694sale4-m-01-pl.jpg?v=1789032159,https://www.bath-ec.com/fs/bath/694sale4,No.694 クロールバリエ シークレットヒール バレエシューズ/●スペシャルセ,6930 JPY,,,COULEUR VARIE,"https://bath.fs-storage.jp/fs2cabinet/694/694sale4/694sale4-m-02-pl.jpg?v=1789032159,https://bath.fs-storage.jp/fs2cabinet/694/694sale4/694sale4-m-03-pl.jpg?v=1789032159,https://bath.fs-storage.jp/fs2cabinet/694/694sale4/694sale4-m-04-pl.jpg?v=1789032159,https://bath.fs-storage.jp/fs2cabinet/694/694sale4/694sale4-m-05-pl.jpg?v=1789032159"
629201sale1,in stock,new,No.629201 クロールバリエ スクエアトゥ パンプスのセールページです ★ No.629201 クロールバリエ スクエアトゥ パンプス 汚れたら洗濯機で丸洗いできる、ウォッシャブルシューズ「COULEUR VARIE（クロールバリエ）」。 どんなシーンでも大活躍のすっきりとしたスクエアトゥパンプス。 インソールは抗菌・防臭作用に優れた人工皮革を使用。 さらにつま先・指周りなどのべたつきやすい部分は 抗菌・吸湿・速乾作用のあるさらりとしたメッシュ素材に切り替え、 素足で履いても気持ちが良く、サラリとした足あたり。 土踏まずを支えるアーチクッションが足裏にフィット。 滑り止め加工を施したソール裏でしっかりと 地面を蹴りだし、快適な歩みをサポートします。 きちんと感のある歩きやすいソールで、女性らしさと清楚さを演出。 お仕事から毎日のお出かけまで、 1年を通して大活躍間違いなしのおすすめアイテムです。 表面に細かなドット状のフィルム加工を施しています。 素材やフィルム加工の違いで、同じサイズでも足入れ感がやや異なるように感じる場合がございます。 ※アッパー部分に裏地との段差がわずかにございますが、 内側のメッシュ部分との切り替えの構造上のものです。,https://bath.fs-storage.jp/fs2cabinet/629/629201sale1/629201sale1-m-01-pl.jpg?v=1789032159,https://www.bath-ec.com/fs/bath/629201sale1,No.629201 クロールバリエ スクエアトゥ パンプス(婦人靴 ローヒール   シ,3300 JPY,,,COULEUR VARIE,"https://bath.fs-storage.jp/fs2cabinet/629/629201sale1/629201sale1-m-02-pl.jpg?v=1789032159,https://bath.fs-storage.jp/fs2cabinet/629/629201sale1/629201sale1-m-03-pl.jpg?v=1789032159,https://bath.fs-storage.jp/fs2cabinet/629/629201sale1/629201sale1-m-04-pl.jpg?v=1789032159,https://bath.fs-storage.jp/fs2cabinet/629/629201sale1/629201sale1-m-05-pl.jpg?v=1789032159"
378830,in stock,new,No.378830 バスクラフト パンチングリボンモカシン（レディース） 【在庫販売】 百貨店・直営店で大好評の「BATH CRAFT（バスクラフト）カラーオーダー シリーズ」の2023年春夏新作パンチングリボンモカシン。 カラーオーダーの受注は終了しましたが、大好評のため、すぐお手元にお届けできる 数量限定の在庫販売となって再登場しました。 ちょこんとリボンがかわいい、浅履きの手編みモカシンは、靴全体にドットのパンチングを施して軽やかに仕上げています。 さっと気軽に履けて、屈曲性に優れ、足を包み込むようなソフトな履き心地です。 素材は皮革と相違ないシボ（シワ）感と上質感を損なわずに 本格的な味わいが楽しめる高級人工皮革を使用しており、 皮革よりお手入れが簡単なのも嬉しいポイントです。,https://bath.fs-storage.jp/fs2cabinet/378/378830/378830-m-01-pl.jpg?v=1789032159,https://www.bath-ec.com/fs/bath/378830,No.378830 バスクラフト パンチングリボンモカシン【2E】●スペシャルセー,3960 JPY,,,COULEUR VARIE,"https://bath.fs-storage.jp/fs2cabinet/378/378830/378830-m-02-pl.jpg?v=1789032159,https://bath.fs-storage.jp/fs2cabinet/378/378830/378830-m-03-pl.jpg?v=1789032159,https://bath.fs-storage.jp/fs2cabinet/378/378830/378830-m-04-pl.jpg?v=1789032159,https://bath.fs-storage.jp/fs2cabinet/378/378830/378830-m-05-pl.jpg?v=1789032159,https://bath.fs-storage.jp/fs2cabinet/378/378830/378830-m-06-pl.jpg?v=1789032159"
374601,in stock,new,履いた瞬間から足に心地良く馴染むスリッポン。 かかとを踏んでサンダル感覚でも履ける2WAY仕様で、きちんとモードにも、リラックスモードにも。 トゥのバイカラー使いは足元にアクセントをプラスし、シンプルコーデもスタイリッシュで垢抜けた印象に変わります。 型番：374601,https://bath.fs-storage.jp/fs2cabinet/374/374601/374601-m-01-pl.jpg?v=1789032159,https://www.bath-ec.com/fs/bath/374601,NO.374601 newmo ニューモ クラリーノ　オールウェザーソフトスリッポン●,13860 JPY,,,COULEUR VARIE,"https://bath.fs-storage.jp/fs2cabinet/374/374601/374601-m-02-pl.jpg?v=1789032159,https://bath.fs-storage.jp/fs2cabinet/374/374601/374601-m-03-pl.jpg?v=1789032159,https://bath.fs-storage.jp/fs2cabinet/374/374601/374601-m-04-pl.jpg?v=1789032159,https://bath.fs-storage.jp/fs2cabinet/374/374601/374601-m-05-pl.jpg?v=1789032159,https://bath.fs-storage.jp/fs2cabinet/374/374601/374601-m-06-pl.jpg?v=1789032159"
074603,in stock,new,・アッパー材防水・耐滑ソール（厨房用の靴底と同素材） ・抗菌防臭、吸湿速乾中敷 ・足裏全面に高反発クッションを内蔵 ・足を覆う面積が多く、外反や内反など見せたくない部分をカバーしやすいデザイン ・表材1枚使いに縫い目の少ないシームレス仕様で、ダイレクトに素材の柔らかさを体感できる ・優れたストレッチ性でどんな足型にもフィットしやすい ・表面の耐久性、耐摩耗性に優れ、傷やシワを軽減 ・防水性に優れ、天候に左右されないオールウェザー対応 型番：074603,https://bath.fs-storage.jp/fs2cabinet/074/074603/074603-m-01-pl.jpg?v=1789032159,https://www.bath-ec.com/fs/bath/074603,NO.074603 newmo ニューモ　クラリーノ　厚底ストレッチサンダル●スペシャ,4950 JPY,,,COULEUR VARIE,"https://bath.fs-storage.jp/fs2cabinet/074/074603/074603-m-02-pl.jpg?v=1789032159,https://bath.fs-storage.jp/fs2cabinet/074/074603/074603-m-03-pl.jpg?v=1789032159,https://bath.fs-storage.jp/fs2cabinet/074/074603/074603-m-04-pl.jpg?v=1789032159,https://bath.fs-storage.jp/fs2cabinet/074/074603/074603-m-05-pl.jpg?v=1789032159,https://bath.fs-storage.jp/fs2cabinet/074/074603/074603-m-06-pl.jpg?v=1789032159"
074604,in stock,new,・表材一枚使いに縫い目の少ないシームレス仕様で、ダイレクトに素材の柔らかさを体感できる ・優れたストレッチ性でどんな足型にもフィット ・年齢とともに足の形が変化しても、いつまでも変わらないフィット感 ・トレンド感のあるキャタピラーソールが程よいスポーツテイスト ・一度金具を調節すれば脱ぎ履き楽々 ・シルバーとのコンビが足もとをスッキリ引き締めてシャープな印象 ・脚を長く、美しく見せるクロスデザイン ・抗菌防臭、吸湿速乾中敷 ・足裏全面に高反発クッションを内蔵 ・表面の耐久性、耐摩耗性に優れ、傷やシワを軽減 ・防水性に優れ、天候に左右されないオールウェザー対応 型番：074604,https://bath.fs-storage.jp/fs2cabinet/074/074604/074604-m-01-pl.jpg?v=1789032159,https://www.bath-ec.com/fs/bath/074604,newmo ニューモ　クラリーノ　クロスベルトストレッチサンダル●スペシャル,4950 JPY,,,COULEUR VARIE,https://bath.fs-storage.jp/fs2cabinet/074/074604/074604-m-02-pl.jpg?v=1789032159
074605,in stock,new,・表材一枚使いに縫い目の少ないシームレス仕様で、ダイレクトに素材の柔らかさを体感できる ・優れたストレッチ性でどんな足型にもフィット ・年齢とともに足の形が変化しても、いつまでも変わらないフィット感 ・トレンド感のあるキャタピラーソールが程よいスポーツテイスト ・面テープの調節でいつでもジャストフィット ・甲を幅広く覆っているので安定感があり歩きやすい ・どんなファッションにも似合うシンプルデザイン ・抗菌防臭、吸湿速乾中敷 ・足裏全面に高反発クッションを内蔵 ・表面の耐久性、耐摩耗性に優れ、傷やシワを軽減 ・防水性に優れ、天候に左右されないオールウェザー対応 型番：074605,https://bath.fs-storage.jp/fs2cabinet/074/074605/074605-m-01-pl.jpg?v=1789032159,https://www.bath-ec.com/fs/bath/074605,newmo ニューモ　クラリーノ　セパレートストレッチサンダル●スペシャルセ,4950 JPY,,,COULEUR VARIE,"https://bath.fs-storage.jp/fs2cabinet/074/074605/074605-m-02-pl.jpg?v=1789032159,https://bath.fs-storage.jp/fs2cabinet/074/074605/074605-m-03-pl.jpg?v=1789032159,https://bath.fs-storage.jp/fs2cabinet/074/074605/074605-m-04-pl.jpg?v=1789032159,https://bath.fs-storage.jp/fs2cabinet/074/074605/074605-m-05-pl.jpg?v=1789032159,https://bath.fs-storage.jp/fs2cabinet/074/074605/074605-m-06-pl.jpg?v=1789032159"
074655,in stock,new,Vの切り替えで脚をスッキリ美しく シンプルなデザインとボリュームのある厚底の組み合わせがコーディネートの幅を広げます。 型番：074655,https://bath.fs-storage.jp/fs2cabinet/074/074655/074655-m-01-pl.jpg?v=1789032159,https://www.bath-ec.com/fs/bath/074655,No.074655 newmo ニューモ　クラリーノ　厚底ストレッチ　ショートブーツ●,5940 JPY,,,COULEUR VARIE,"https://bath.fs-storage.jp/fs2cabinet/074/074655/074655-m-02-pl.jpg?v=1789032159,https://bath.fs-storage.jp/fs2cabinet/074/074655/074655-m-03-pl.jpg?v=1789032159,https://bath.fs-storage.jp/fs2cabinet/074/074655/074655-m-04-pl.jpg?v=1789032159,https://bath.fs-storage.jp/fs2cabinet/074/074655/074655-m-05-pl.jpg?v=1789032159,https://bath.fs-storage.jp/fs2cabinet/074/074655/074655-m-06-pl.jpg?v=1789032159"
129601,in stock,new,雨の日も、晴れの日も。 軽やかな一歩を、〈ニューモ〉とともに。 クラリーノ〈トリベラ〉が叶えるのは、素足のような軽やかさと足にやさしく寄り添うフィット感。 そのストレスフリーな履き心地が、毎日の歩行を快適にサポートします。 高いストレッチ性とシームレスな設計で、足への負担を軽減。 長時間の歩行でも、やさしく包み込むような快適さが続きます。 さらに防水性も兼ね備え、雨の日でも安心。 天気に左右されず、いつでも晴れの日と変わらない心地よさ。 柔らかく、軽く、そして自由。 〈トリベラ〉が実現した新しいフィット感を、あなたの毎日に。 ※newmo〈ニューモ〉はウォッシャブルシューズではありません ※急な雨には対応できますが、完全防水ではありません スクエアトゥが美しい、モード感漂うオープンサンダル フラットでストレスフリーの履き心地でありながら、ビジネスシーンにも使える洗練されたきちんと感があります。ワンマイルのお買い物から特別な日のお出かけまで、スタイリングに軽やかで上品な印象を与えます。 型番：129601,https://bath.fs-storage.jp/fs2cabinet/129/129601/129601-m-01-pl.jpg?v=1789032159,https://www.bath-ec.com/fs/bath/129601,NO.129601 newmo ニューモ　クラリーノ セパレート ストレッチサンダル●ス,5940 JPY,,,COULEUR VARIE,"https://bath.fs-storage.jp/fs2cabinet/129/129601/129601-m-02-pl.jpg?v=1789032159,https://bath.fs-storage.jp/fs2cabinet/129/129601/129601-m-03-pl.jpg?v=1789032159,https://bath.fs-storage.jp/fs2cabinet/129/129601/129601-m-04-pl.jpg?v=1789032159,https://bath.fs-storage.jp/fs2cabinet/129/129601/129601-m-05-pl.jpg?v=1789032159,https://bath.fs-storage.jp/fs2cabinet/129/129601/129601-m-06-pl.jpg?v=1789032159"
174605,in stock,new,深めのVカットが脚を細っそり美しく見せます ウエッジソールのような安定感でヒールにありがちなグラグラ感はありません 表面感の違う素材のバイカラーで足もとにアクセントをプラス 型番：174605,https://bath.fs-storage.jp/fs2cabinet/174/174605/174605-m-01-pl.jpg?v=1789032159,https://www.bath-ec.com/fs/bath/174605,NO.174605 newmo ニューモ　クラリーノ 甲深ストレッチミュール●スペシャ,3960 JPY,,,COULEUR VARIE,"https://bath.fs-storage.jp/fs2cabinet/174/174605/174605-m-02-pl.jpg?v=1789032159,https://bath.fs-storage.jp/fs2cabinet/174/174605/174605-m-03-pl.jpg?v=1789032159,https://bath.fs-storage.jp/fs2cabinet/174/174605/174605-m-04-pl.jpg?v=1789032159,https://bath.fs-storage.jp/fs2cabinet/174/174605/174605-m-05-pl.jpg?v=1789032159,https://bath.fs-storage.jp/fs2cabinet/174/174605/174605-m-06-pl.jpg?v=1789032159"
229603,in stock,new,さっと履くだけでモード感溢れる、大人カジュアルにぴったりの トングタイプのサンダル トレンドのスクエアトゥでインソールに覗かせたアウトステッチがアクセント。 アッパー素材は優れたストレッチ性でトングタイプでも指に負担がかからず 優しく柔らかな履き心地です。 型番：229603,https://bath.fs-storage.jp/fs2cabinet/229/229603/229603-m-01-pl.jpg?v=1789032159,https://www.bath-ec.com/fs/bath/229603,NO.229603 newmo ニューモ　クラリーノ ストレッチ トングサンダル●スペシ,3960 JPY,,,COULEUR VARIE,"https://bath.fs-storage.jp/fs2cabinet/229/229603/229603-m-02-pl.jpg?v=1789032159,https://bath.fs-storage.jp/fs2cabinet/229/229603/229603-m-03-pl.jpg?v=1789032159,https://bath.fs-storage.jp/fs2cabinet/229/229603/229603-m-04-pl.jpg?v=1789032159,https://bath.fs-storage.jp/fs2cabinet/229/229603/229603-m-05-pl.jpg?v=1789032159,https://bath.fs-storage.jp/fs2cabinet/229/229603/229603-m-06-pl.jpg?v=1789032159"
229604,in stock,new,雨の日も、晴れの日も。 軽やかな一歩を、〈ニューモ〉とともに。 クラリーノ〈トリベラ〉が叶えるのは、素足のような軽やかさと足にやさしく寄り添うフィット感。 そのストレスフリーな履き心地が、毎日の歩行を快適にサポートします。 高いストレッチ性とシームレスな設計で、足への負担を軽減。 長時間の歩行でも、やさしく包み込むような快適さが続きます。 さらに防水性も兼ね備え、雨の日でも安心。 天気に左右されず、いつでも晴れの日と変わらない心地よさ。 柔らかく、軽く、そして自由。 〈トリベラ〉が実現した新しいフィット感を、あなたの毎日に。 ※newmo〈ニューモ〉はウォッシャブルシューズではありません ※急な雨には対応できますが、完全防水ではありません スクエアトゥが足元にトレンド感をプラス。 底周りのアウトステッチが印象的なすっきりしたフォルムのバックベルトサンダル 被りが深めのデザインは肌を露出しすぎず上品な印象に。 アッパー素材は優れたストレッチ性であらゆる足型にフィットし、 太めのストレートヒールは安定感も抜群です。 型番：229604,https://bath.fs-storage.jp/fs2cabinet/229/229604/229604-m-01-pl.jpg?v=1789032159,https://www.bath-ec.com/fs/bath/229604,NO.229604 newmo ニューモ　クラリーノ ストレッチ スクエアトゥサンダル●,3960 JPY,,,COULEUR VARIE,"https://bath.fs-storage.jp/fs2cabinet/229/229604/229604-m-02-pl.jpg?v=1789032159,https://bath.fs-storage.jp/fs2cabinet/229/229604/229604-m-03-pl.jpg?v=1789032159,https://bath.fs-storage.jp/fs2cabinet/229/229604/229604-m-04-pl.jpg?v=1789032159,https://bath.fs-storage.jp/fs2cabinet/229/229604/229604-m-05-pl.jpg?v=1789032159,https://bath.fs-storage.jp/fs2cabinet/229/229604/229604-m-06-pl.jpg?v=1789032159"
329281,in stock,new,NO.329281クロールバリエ2WAY スクエアトゥ リボンパンプス 汚れたら洗濯機で丸洗いできる、ウォッシャブルシューズ「COULEUR VARIE（クロールバリエ）」。 取り外し可能なリボン飾り付きのパンプスは甘すぎないスクエアトゥのフォルムが上品な印象。 リボン飾りの付け外しで表情が変えられ、デイリー使いから通勤スタイル、オケージョンシーンまで様々な場面で活躍します。 リボン飾りは艷やかなグログラン素材にゴールドの金具をあしらい、クラシカルな雰囲気に。 ヒールの苦手な方にもトライしやすい約3cmの控えめヒールです。 ●抗菌防臭機能 気になる足のにおいを防ぐ,https://bath.fs-storage.jp/fs2cabinet/329/329281/329281-m-01-pl.jpg?v=1789032159,https://www.bath-ec.com/fs/bath/329281,"No,329281クロールバリエ2WAY スクエアトゥ リボンパンプス (リボン付きマ",4950 JPY,,,COULEUR VARIE,"https://bath.fs-storage.jp/fs2cabinet/329/329281/329281-m-02-pl.jpg?v=1789032159,https://bath.fs-storage.jp/fs2cabinet/329/329281/329281-m-03-pl.jpg?v=1789032159,https://bath.fs-storage.jp/fs2cabinet/329/329281/329281-m-04-pl.jpg?v=1789032159,https://bath.fs-storage.jp/fs2cabinet/329/329281/329281-m-05-pl.jpg?v=1789032159,https://bath.fs-storage.jp/fs2cabinet/329/329281/329281-m-06-pl.jpg?v=1789032159"
378281,in stock,new,No.378281クロールバリエレースアップモカシン 汚れたら洗濯機で丸洗いできる、ウォッシャブルシューズ「COULEUR VARIE（クロールバリエ）」。 クロールバリエで定番人気のレースアップタイプのモカシン。 すっきりしたフォルムでもシューレースがゴム仕様だから締めつけにくく、快適な履き心地です。 足の動きに合わせてフィットしてくれる屈曲性のよい、軽量設計のソールも履きやすさ、歩きやすさのポイントです。 ●軽量 ●3E ゆったりした履き心地 ●取り外せるインソールでいつでも清潔、サイズの微調整も可能 ●抗菌防臭機能 気になる足のにおいを防ぐ,https://bath.fs-storage.jp/fs2cabinet/378/378281/378281-m-01-pl.jpg?v=1789032159,https://www.bath-ec.com/fs/bath/378281,着脱しやすいゴム紐仕様No.378281クロールバリエレースアップモカシン●ス,4950 JPY,,,COULEUR VARIE,"https://bath.fs-storage.jp/fs2cabinet/378/378281/378281-m-02-pl.jpg?v=1789032159,https://bath.fs-storage.jp/fs2cabinet/378/378281/378281-m-03-pl.jpg?v=1789032159,https://bath.fs-storage.jp/fs2cabinet/378/378281/378281-m-04-pl.jpg?v=1789032159,https://bath.fs-storage.jp/fs2cabinet/378/378281/378281-m-05-pl.jpg?v=1789032159,https://bath.fs-storage.jp/fs2cabinet/378/378281/378281-m-06-pl.jpg?v=1789032159"
351281,in stock,new,No.351281クロールバリエフラワーペタルモカシン 汚れたら洗濯機で丸洗いできる、ウォッシャブルシューズ「COULEUR VARIE（クロールバリエ）」。 ふんわりボリューム感のあるフラワーモチーフが足元映え。 足を優しく包みこむような履き心地の柔らかモカシン。 フラワーモチーフはアッパーと同色にすることで甘さを抑え、大人可愛い1足に。 インソールは約4mmの高反発クッションが足裏を支え、フラットソールでも底付き感を感じにくい仕様です。 ・軽量 ・抗菌防臭機能 気になる足のにおいを防ぐ,https://bath.fs-storage.jp/fs2cabinet/351/351281/351281-m-01-pl.jpg?v=1789032159,https://www.bath-ec.com/fs/bath/351281,COULEUR VARIE(クロールバリエ)No.351281クロールバリエフラワーペタルモカ,4400 JPY,,,COULEUR VARIE,"https://bath.fs-storage.jp/fs2cabinet/351/351281/351281-m-02-pl.jpg?v=1789032159,https://bath.fs-storage.jp/fs2cabinet/351/351281/351281-m-03-pl.jpg?v=1789032159,https://bath.fs-storage.jp/fs2cabinet/351/351281/351281-m-04-pl.jpg?v=1789032159,https://bath.fs-storage.jp/fs2cabinet/351/351281/351281-m-05-pl.jpg?v=1789032159,https://bath.fs-storage.jp/fs2cabinet/351/351281/351281-m-06-pl.jpg?v=1789032159"
374283,in stock,new,NO.374283 クロールバリエ軽量ハンドステッチストラップシューズ 汚れたら洗濯機で丸洗いできる、ウォッシャブルシューズ「COULEUR VARIE（クロールバリエ）」。 トラッドなモンクストラップデザインにクロールバリエらしい印象的な飾りステッチを加えた1足。 やや深めの被りでソックスと合わせたコーディネートもしやすく、エレガントスタイルにもカジュアルにもOK。 シーズンレスで活躍します。 取り外せるカップインソールは土踏まずを支えるアーチクッション入りで足疲れを軽減します。 ●軽量 ●取り外せるインソールでいつでも清潔、サイズの微調整も可能 ●メッシュの中敷： サラサラ快適なメッシュ素材 ●インソールは土踏まずを支えるアーチクッション入りで足疲れを軽減します。,https://bath.fs-storage.jp/fs2cabinet/374/374283/374283-m-01-pl.jpg?v=1789032159,https://www.bath-ec.com/fs/bath/374283,No.374283クロールバリエ軽量ハンドステッチストラップシューズ【2E】●ス,4950 JPY,,,COULEUR VARIE,"https://bath.fs-storage.jp/fs2cabinet/374/374283/374283-m-02-pl.jpg?v=1789032159,https://bath.fs-storage.jp/fs2cabinet/374/374283/374283-m-03-pl.jpg?v=1789032159,https://bath.fs-storage.jp/fs2cabinet/374/374283/374283-m-04-pl.jpg?v=1789032159,https://bath.fs-storage.jp/fs2cabinet/374/374283/374283-m-05-pl.jpg?v=1789032159,https://bath.fs-storage.jp/fs2cabinet/374/374283/374283-m-06-pl.jpg?v=1789032159"
374284,in stock,new,NO.374284 クロールバリエ軽量 ソフト スクエアスリッポン 汚れたら洗濯機で丸洗いできる、ウォッシャブルシューズ「COULEUR VARIE（クロールバリエ）」。 日常使いにはもちろん、フォーマルなど幅広いシーンで履ける万能デザインのシンプルローファー。 甲がすっぽり隠れる深めの被りでも両サイドのゴムで締めつけにくく、着脱もしやすい仕様です。 安定感抜群のウェッジヒールは程よい高さの4cm、さり気なくスタイルアップを叶えます。 ライニングにはさらりとした肌当たりのメッシュにふんわりとしたウレタンクッションを挟み、 履き心地のソフトさと快適さも追求しました。 靴底には前と後ろの2面に厨房用のラバー材を貼り、滑りにくい意匠になっています。 ●軽量： 軽さが魅力の人気シリーズ ●3E：ゆったりした履き心地 ●メッシュの中敷： サラサラ快適なメッシュ素材 ●取り外せるインソールでいつでも清潔、サイズの微調整も可能 ●インソールは土踏まずを支えるアーチクッション入りで足疲れを軽減します。,https://bath.fs-storage.jp/fs2cabinet/374/374284/374284-m-01-pl.jpg?v=1789032159,https://www.bath-ec.com/fs/bath/374284,No.374284クロールバリエ軽量 ソフト スクエアスリッポン●スペシャルセー,12870 JPY,,,COULEUR VARIE,"https://bath.fs-storage.jp/fs2cabinet/374/374284/374284-m-02-pl.jpg?v=1789032159,https://bath.fs-storage.jp/fs2cabinet/374/374284/374284-m-03-pl.jpg?v=1789032159,https://bath.fs-storage.jp/fs2cabinet/374/374284/374284-m-04-pl.jpg?v=1789032159,https://bath.fs-storage.jp/fs2cabinet/374/374284/374284-m-05-pl.jpg?v=1789032159,https://bath.fs-storage.jp/fs2cabinet/374/374284/374284-m-06-pl.jpg?v=1789032159"
074651,in stock,new,スリットの開きで一人ひとりの甲の高さや幅にジャストフィット。ピーチスキンのようななめらかさとメタリックながらマットな質感、どちらも高級感のある風合いが魅力です。 型番：074651,https://bath.fs-storage.jp/fs2cabinet/074/074651/074651-m-01-pl.jpg?v=1789032159,https://www.bath-ec.com/fs/bath/074651,newmo センタースリット ストレッチスリッポン,3300 JPY,,,COULEUR VARIE,https://bath.fs-storage.jp/fs2cabinet/074/074651/074651-m-02-pl.jpg?v=1789032159
374281,in stock,new,No.374281クロールバリエ軽量ダブルファスナーショートブーツ (直営・ネット先行販売) 汚れたら洗濯機で丸洗いできる、ウォッシャブルシューズ「COULEUR VARIE（クロールバリエ）」。 両サイドのファスナーで着脱らくちん、軽量設計でつま先ゆったりストレスフリーな履き心地。 クロールバリエで長年人気の型のショートブーツです。 取り外せるカップインソールは土踏まずを支えるアーチクッション入りで足疲れを軽減し、 靴底には前と後ろの2面に厨房用のラバー材を貼り、滑りにくい意匠になっています。 ●軽量 ●取り外せるインソールでいつでも清潔、サイズの微調整も可能 ●メッシュの中敷： サラサラ快適なメッシュ素材 ●インソールは土踏まずを支えるアーチクッション入りで足疲れを軽減します。,https://bath.fs-storage.jp/fs2cabinet/374/374281/374281-m-01-pl.jpg?v=1789032159,https://www.bath-ec.com/fs/bath/374281,COULEUR VARIE(クロールバリエ)クロールバリエでロングセラー!両サイドのフ,6600 JPY,,,COULEUR VARIE,"https://bath.fs-storage.jp/fs2cabinet/374/374281/374281-m-02-pl.jpg?v=1789032159,https://bath.fs-storage.jp/fs2cabinet/374/374281/374281-m-03-pl.jpg?v=1789032159,https://bath.fs-storage.jp/fs2cabinet/374/374281/374281-m-04-pl.jpg?v=1789032159,https://bath.fs-storage.jp/fs2cabinet/374/374281/374281-m-05-pl.jpg?v=1789032159,https://bath.fs-storage.jp/fs2cabinet/374/374281/374281-m-06-pl.jpg?v=1789032159"
374282,in stock,new,"No,374282クロールバリエ軽量ニットコンビシューティ 汚れたら洗濯機で丸洗いできる、ウォッシャブルシューズ「COULEUR VARIE（クロールバリエ）」。 人気の軽量シリーズからニットコンビのきれいめシューティが登場。 伸縮性のあるニットの履き口は大きく開いて脱ぎ履きしやすく、甲が締め付けにくいので甲高の方にもおすすめ。 5.5cmの程よいヒール高でスタイルアップも叶えつつ、ウェッジソールタイプだから安定感も抜群。 取り外せるカップインソールでいつでも清潔、サイズの微調整も可能です。 ●軽量 ●取り外せるインソールでいつでも清潔、サイズの微調整も可能 ●メッシュの中敷： サラサラ快適なメッシュ素材 ●インソールは土踏まずを支えるアーチクッション入りで足疲れを軽減します。",https://bath.fs-storage.jp/fs2cabinet/374/374282/374282-m-01-pl.jpg?v=1789032159,https://www.bath-ec.com/fs/bath/374282,人気の軽量シリーズからニットコンビのきれいめシューティが登場No.374282,4950 JPY,,,COULEUR VARIE,"https://bath.fs-storage.jp/fs2cabinet/374/374282/374282-m-02-pl.jpg?v=1789032159,https://bath.fs-storage.jp/fs2cabinet/374/374282/374282-m-03-pl.jpg?v=1789032159,https://bath.fs-storage.jp/fs2cabinet/374/374282/374282-m-04-pl.jpg?v=1789032159,https://bath.fs-storage.jp/fs2cabinet/374/374282/374282-m-05-pl.jpg?v=1789032159,https://bath.fs-storage.jp/fs2cabinet/374/374282/374282-m-06-pl.jpg?v=1789032159"
335282,in stock,new,No.335282 クロールバリエ×ことりっぷ軽量 切り替えニットショートブーツ 汚れたら洗濯機で丸洗いできる、ウォッシャブルシューズ「COULEUR VARIE（クロールバリエ）」。 女性に大人気の旅雑誌 ことりっぷ とクロールバリエのコラボレーションシューズ。 『2泊3日の旅行でも疲れない、ずっと歩いていられるブーツ』をコンセプトに出来上がりました。 履き口は伸縮性のあるニット素材を使用し、まるで靴下のような柔らかな履き心地。 着脱のしやすさも嬉しいポイント。 ソールは接地面に向けてやや広がったフレアソールで安定感抜群なのに驚くほど軽く、旅行やたくさん歩きたいときに頼もしい1足です。 インソールは取り外しができる仕様でいつでも清潔に保て、サイズの微調整も可能です。 ・軽量 ・3E ゆったりした履き心地 ・取り外せるインソールでいつでも清潔、サイズの微調整も可能 ・抗菌防臭機能 気になる足のにおいを防ぐ,https://bath.fs-storage.jp/fs2cabinet/335/335282/335282-m-01-pl.jpg?v=1789032159,https://www.bath-ec.com/fs/bath/335282,クロールバリエ×ことりっぷコラボ/女性に大人気の旅雑誌 ことりっぷ とク,6050 JPY,,,COULEUR VARIE,"https://bath.fs-storage.jp/fs2cabinet/335/335282/335282-m-02-pl.jpg?v=1789032159,https://bath.fs-storage.jp/fs2cabinet/335/335282/335282-m-03-pl.jpg?v=1789032159,https://bath.fs-storage.jp/fs2cabinet/335/335282/335282-m-04-pl.jpg?v=1789032159,https://bath.fs-storage.jp/fs2cabinet/335/335282/335282-m-05-pl.jpg?v=1789032159,https://bath.fs-storage.jp/fs2cabinet/335/335282/335282-m-06-pl.jpg?v=1789032159"
351282,in stock,new,No.351282クロールバリエ×ことりっぷ ソフトスクエアフラットローファー 汚れたら洗濯機で丸洗いできる、ウォッシャブルシューズ「COULEUR VARIE（クロールバリエ）」。 女性に大人気の旅雑誌 ことりっぷ とクロールバリエのコラボレーションシューズ。 『日常でも旅行でも、どこまでも歩いて行ける、軽くて履き心地の良いローファー』をコンセプトに生まれたシューズです。 甲が隠れる履き込みの深さはソックスとの相性も◎、スクエア型のフォルムが足もとをすっきり見せてくれるのに、 履き心地はソフトでゆったりと履ける、シンプルなコインベルトデザインのローファーです。 ライニング（裏材）は足あたりの良い抗菌防臭メッシュ素材を採用、 インソールは取り外しができる仕様でいつでも清潔に保て、サイズの微調整も可能です。 ・軽量 ・3E :ゆったりした履き心地 ・抗菌防臭機能 気になる足のにおいを防ぐ,https://bath.fs-storage.jp/fs2cabinet/351/351282/351282-m-01-pl.jpg?v=1789032159,https://www.bath-ec.com/fs/bath/351282,"No,351282クロールバリエ×ことりっぷ　ソフトスクエアフラットローファー",4400 JPY,,,COULEUR VARIE,"https://bath.fs-storage.jp/fs2cabinet/351/351282/351282-m-02-pl.jpg?v=1789032159,https://bath.fs-storage.jp/fs2cabinet/351/351282/351282-m-03-pl.jpg?v=1789032159,https://bath.fs-storage.jp/fs2cabinet/351/351282/351282-m-04-pl.jpg?v=1789032159,https://bath.fs-storage.jp/fs2cabinet/351/351282/351282-m-05-pl.jpg?v=1789032159,https://bath.fs-storage.jp/fs2cabinet/351/351282/351282-m-06-pl.jpg?v=1789032159"
374285,in stock,new,No.374285 クロールバリエヒールアップ ステッチショートブーツ 汚れたら洗濯機で丸洗いできる、ウォッシャブルシューズ「COULEUR VARIE（クロールバリエ）」。 スクエアオフのフォルムとステッチのラインが足もとをすっきりと美しく見せてくれる内側ファスナー付きのショートブーツ。 パンツでもスカートでも合わせやすい丈感で、程よい高さの約4cmのウエッジソールは安定感も抜群です。 履き口は部分的にゴムでギャザーを寄せ、伸縮性をもたせることで歩くときの履き口の当たりを軽減してくれます。 ライニングには保温・制電機能素材 東レの を使用。 ●軽量 ●取り外せるインソールでいつでも清潔、サイズの微調整も可能 ●メッシュの中敷： サラサラ快適なメッシュ素材 ●インソールは土踏まずを支えるアーチクッション入りで足疲れを軽減します。 ●ライニングには保温・制電機能素材 東レの を使用,https://bath.fs-storage.jp/fs2cabinet/374/374285/374285-m-01-pl.jpg?v=1789032159,https://www.bath-ec.com/fs/bath/374285,No.374285 クロールバリエヒールアップ　ステッチショートブーツ●スペシャ,16830 JPY,,,COULEUR VARIE,"https://bath.fs-storage.jp/fs2cabinet/374/374285/374285-m-02-pl.jpg?v=1789032159,https://bath.fs-storage.jp/fs2cabinet/374/374285/374285-m-03-pl.jpg?v=1789032159,https://bath.fs-storage.jp/fs2cabinet/374/374285/374285-m-04-pl.jpg?v=1789032159,https://bath.fs-storage.jp/fs2cabinet/374/374285/374285-m-05-pl.jpg?v=1789032159,https://bath.fs-storage.jp/fs2cabinet/374/374285/374285-m-06-pl.jpg?v=1789032159"
329282,in stock,new,No.329282クロールバリエ カラーブロック ショートブーツ 汚れたら洗濯機で丸洗いできる、ウォッシャブルシューズ「COULEUR VARIE（クロールバリエ）」。 秋冬に欠かせない定番ショートブーツに、トリオカラーで大胆に色分けしたブロッキングブーツが登場。 暗くなりがちな秋冬のコーデも一気に垢抜けた印象にチェンジ。 前から、横から、後ろ姿と、角度によって変化する表情も楽しい。 内側は蓄熱保温素材で暖かさも◎ ●程よい高さの5cmの太ヒールで安定感のある履き心地です。 ●サイドのファスナーで脱ぎ履きしやすい ●抗菌防臭機能 気になる足のにおいを防ぐ ●インナーは蓄熱保温素材サーモトロン ラジポカ®を使用,https://bath.fs-storage.jp/fs2cabinet/329/329282/329282-m-01-pl.jpg?v=1789032159,https://www.bath-ec.com/fs/bath/329282,トリオカラーで大胆に色分けしたブロッキングブーツが登場No.329282クロー,5940 JPY,,,COULEUR VARIE,"https://bath.fs-storage.jp/fs2cabinet/329/329282/329282-m-02-pl.jpg?v=1789032159,https://bath.fs-storage.jp/fs2cabinet/329/329282/329282-m-03-pl.jpg?v=1789032159,https://bath.fs-storage.jp/fs2cabinet/329/329282/329282-m-04-pl.jpg?v=1789032159,https://bath.fs-storage.jp/fs2cabinet/329/329282/329282-m-05-pl.jpg?v=1789032159,https://bath.fs-storage.jp/fs2cabinet/329/329282/329282-m-06-pl.jpg?v=1789032159"
374280,in stock,new,NO.374280クロールバリエ3WAY着せ替えローファー(ボアインソール付) 汚れたら洗濯機で丸洗いできる、ウォッシャブルシューズ「COULEUR VARIE（クロールバリエ）」。 人気の着せ替えシリーズの新作は、オリジナルデザインのビット飾りと存在感のあるスクエアビジュー飾りの2種類の飾り付き。 外してシンプルに、付けて華やかに、表情が全く変わる3WAYローファーに、さらにボアカップインソールも付きました。 季節に応じて入れ替えることで1年中活躍し、この1足だけで6種類ものパターンを楽しむことができます。 ・3E：ゆったりした履き心地 ・取り外せるインソールでいつでも清潔、サイズの微調整も可能 ・インソールは土踏まずを支えるアーチクッション入りで足疲れを軽減します。 ・メッシュの中敷き：さらっとした肌ざわりで快適,https://bath.fs-storage.jp/fs2cabinet/374/374280/374280-m-01-pl.jpg?v=1789032159,https://www.bath-ec.com/fs/bath/374280,"COULEUR VARIE(クロールバリエ)No,374280クロールバリエ3WAY着せ替えローフ",4950 JPY,,,COULEUR VARIE,"https://bath.fs-storage.jp/fs2cabinet/374/374280/374280-m-02-pl.jpg?v=1789032159,https://bath.fs-storage.jp/fs2cabinet/374/374280/374280-m-03-pl.jpg?v=1789032159,https://bath.fs-storage.jp/fs2cabinet/374/374280/374280-m-04-pl.jpg?v=1789032159,https://bath.fs-storage.jp/fs2cabinet/374/374280/374280-m-05-pl.jpg?v=1789032159,https://bath.fs-storage.jp/fs2cabinet/374/374280/374280-m-06-pl.jpg?v=1789032159"
329601,in stock,new,甲のＶカット、スクエアオフのシルエットで足をすっきりと美しく見せるパンプス。 存在感のあるスクエア型のビジューで足元が華やかに。 素材の持ち味であるストレッチ性と柔らかな履き口、つま先に硬い芯が無い仕様で ストスフリーな履き心地です。 型番：329601,https://bath.fs-storage.jp/fs2cabinet/329/329601/329601-m-01-pl.jpg?v=1789032159,https://www.bath-ec.com/fs/bath/329601,NO.329601 newmo ニューモ クラリーノ　オールウェザー ストレッチ ビジュ,12870 JPY,,,COULEUR VARIE,"https://bath.fs-storage.jp/fs2cabinet/329/329601/329601-m-02-pl.jpg?v=1789032159,https://bath.fs-storage.jp/fs2cabinet/329/329601/329601-m-03-pl.jpg?v=1789032159,https://bath.fs-storage.jp/fs2cabinet/329/329601/329601-m-04-pl.jpg?v=1789032159,https://bath.fs-storage.jp/fs2cabinet/329/329601/329601-m-05-pl.jpg?v=1789032159,https://bath.fs-storage.jp/fs2cabinet/329/329601/329601-m-06-pl.jpg?v=1789032159"
329650,in stock,new,雨の日も、晴れの日も。 軽やかな一歩を、〈ニューモ〉とともに。 クラリーノ〈トリベラ〉が叶えるのは、素足のような軽やかさと足にやさしく寄り添うフィット感。 そのストレスフリーな履き心地が、毎日の歩行を快適にサポートします。 高いストレッチ性とシームレスな設計で、足への負担を軽減。 長時間の歩行でも、やさしく包み込むような快適さが続きます。 さらに防水性も兼ね備え、雨の日でも安心。 天気に左右されず、いつでも晴れの日と変わらない心地よさ。 柔らかく、軽く、そして自由。 〈トリベラ〉が実現した新しいフィット感を、あなたの毎日に。 ※newmo〈ニューモ〉はウォッシャブルシューズではありません ※急な雨には対応できますが、完全防水ではありません 2本のストラップを簡単に面ファスナーで調整できるスニーカー。 甲高幅広の方でも綺麗なギャザーになるようにデザインされています。 シンプルなデザインで、カジュアルはもちろん、きちんとしたスタイリングにも使える万能なアイテムです。 型番：329650,https://bath.fs-storage.jp/fs2cabinet/329/329650/329650-m-01-pl.jpg?v=1789032159,https://www.bath-ec.com/fs/bath/329650,NO.329650 newmo ニューモ クラリーノ　ダブルベルトストレッチスニーカー,4950 JPY,,,COULEUR VARIE,"https://bath.fs-storage.jp/fs2cabinet/329/329650/329650-m-02-pl.jpg?v=1789032159,https://bath.fs-storage.jp/fs2cabinet/329/329650/329650-m-03-pl.jpg?v=1789032159,https://bath.fs-storage.jp/fs2cabinet/329/329650/329650-m-04-pl.jpg?v=1789032159,https://bath.fs-storage.jp/fs2cabinet/329/329650/329650-m-05-pl.jpg?v=1789032159,https://bath.fs-storage.jp/fs2cabinet/329/329650/329650-m-06-pl.jpg?v=1789032159"
329651,in stock,new,足をすっきりと綺麗に見せてくれるスクエアオフのデザインに、モカステッチがアクセント。 はじめて履いた瞬間から足に心地良く馴染み、外反母趾やむくみやすい足にも優しくフィット。 つま先には硬い芯を使用せず、足あたりが柔らかなバレエシューズです。 抗菌防臭機能がある中敷きは、ムレやすいつま先側を速乾性のあるメッシュ生地に切り替え、快適性にもこだわりました。 型番：329651,https://bath.fs-storage.jp/fs2cabinet/329/329651/329651-m-01-pl.jpg?v=1789032159,https://www.bath-ec.com/fs/bath/329651,NO.329651 newmo ニューモ クラリーノ　モカステッチバレエシューズ●スペ,12870 JPY,,,COULEUR VARIE,"https://bath.fs-storage.jp/fs2cabinet/329/329651/329651-m-02-pl.jpg?v=1789032159,https://bath.fs-storage.jp/fs2cabinet/329/329651/329651-m-03-pl.jpg?v=1789032159,https://bath.fs-storage.jp/fs2cabinet/329/329651/329651-m-04-pl.jpg?v=1789032159,https://bath.fs-storage.jp/fs2cabinet/329/329651/329651-m-05-pl.jpg?v=1789032159,https://bath.fs-storage.jp/fs2cabinet/329/329651/329651-m-06-pl.jpg?v=1789032159"
174601,in stock,new,雨の日も、晴れの日も。 軽やかな一歩を、〈ニューモ〉とともに。 クラリーノ〈トリベラ〉が叶えるのは、素足のような軽やかさと足にやさしく寄り添うフィット感。 そのストレスフリーな履き心地が、毎日の歩行を快適にサポートします。 高いストレッチ性とシームレスな設計で、足への負担を軽減。 長時間の歩行でも、やさしく包み込むような快適さが続きます。 さらに防水性も兼ね備え、雨の日でも安心。 天気に左右されず、いつでも晴れの日と変わらない心地よさ。 柔らかく、軽く、そして自由。 〈トリベラ〉が実現した新しいフィット感を、あなたの毎日に。 ※newmo〈ニューモ〉はウォッシャブルシューズではありません ※急な雨には対応できますが、完全防水ではありません 大人トラッドスタイルに欠かせないコインローファー しなやかなエナメルや上品なパイソンなど表面感の違う素材でスタイリッシュに仕上げました ビジネスシーンからワンマイルのお出かけまで幅広く使えるアイテムです ※こちらのページの商品は、白色のソールを使用しています。 型番：174601,https://bath.fs-storage.jp/fs2cabinet/174/174601/174601-m-01-pl.jpg?v=1789032159,https://www.bath-ec.com/fs/bath/174601,NO.174601 newmo クラリーノ ストレッチ 厚底ローファー(スニーカーローフ,12870 JPY,,,COULEUR VARIE,
944201sale3,in stock,new,No.944201 クロールバリエ スクエアトゥ バレエシューズ パンプスのセールページです ★ No.944201 クロールバリエ スクエアトゥ バレエシューズ パンプス 汚れたら洗濯機で丸洗いできる、ウォッシャブルシューズ「COULEUR VARIE（クロールバリエ）」。 直営店・百貨店でも人気の定番ロングセラー、スクエアトゥバレエシューズのハイグレードモデルです。 生地には軽くて通気性が良く、色あせにくい東レ人工皮革スエードを使用しています。 中敷全体に入った約3mmの高反発クッションと さらに、中心からかかとにかけて約5mmのアーチ付クッションを重ね 2層のクッションが足の負担を和らげてくれます。 また、ライニングには抗菌・制菌・防臭・吸湿・速乾作用のある、さらりとしたメッシュ素材を。 中敷きの一部にも、抗菌・防臭・透湿性に優れた人工皮革を採用しています。 足に負担をかけない約2cmのローヒール。 返りが良く、グリップ力のあるソールで地面をしっかり蹴り出すことができます。 フェミニンなフロントリボン、スクエアトゥの大人デザインで 季節を問わずオールシーズンご愛用頂けます。 ※靴の機能上、インソールと内側面の間は縫いとめられておりません。 ※柄の出方は個々により異なります。何卒ご了承くださいませ。,https://bath.fs-storage.jp/fs2cabinet/944/944201sale3/944201sale3-m-01-pl.jpg?v=1789032159,https://www.bath-ec.com/fs/bath/944201sale3,No.944201/444230 クロールバリエ スクエアトゥ バレエパンプス●スペシャ,3960 JPY,,,COULEUR VARIE,"https://bath.fs-storage.jp/fs2cabinet/944/944201sale3/944201sale3-m-02-pl.jpg?v=1789032159,https://bath.fs-storage.jp/fs2cabinet/944/944201sale3/944201sale3-m-03-pl.jpg?v=1789032159,https://bath.fs-storage.jp/fs2cabinet/944/944201sale3/944201sale3-m-04-pl.jpg?v=1789032159,https://bath.fs-storage.jp/fs2cabinet/944/944201sale3/944201sale3-m-05-pl.jpg?v=1789032159,https://bath.fs-storage.jp/fs2cabinet/944/944201sale3/944201sale3-m-06-pl.jpg?v=1789032159"
694sale5,in stock,new,No.694 クロールバリエ シークレットヒール バレエシューズのセールページです ★ No.694 クロールバリエ シークレットヒール バレエシューズ 汚れたら洗濯機で丸洗いできる、ウォッシャブルシューズ「COULEUR VARIE（クロールバリエ）」。 幅広い世代の女性に愛されてきた日本製ロングセラーバレエシューズ。 外からは分からない約2.5cmのインヒール仕様で とても歩きやすく、足長効果もばっちり。 インソールは抗菌防臭に優れたシルバーカラーの人工皮革を採用。 裏面に再剥離テープを貼っているので何度でも取り外しでき、 インソールだけを洗う事もできます。 生地には軽くて通気性が良く、色あせにくい 東レ人工皮革スエードを使用。 とても柔らかな履き心地で 1年を通して快適にお履きいただけます。 クロールバリエならではの多彩なカラーバリエーション、 小さいサイズの21cmから、大きいサイズの25cmまでの幅広いサイズ展開。 あなたにぴったりな１足を探してみてくださいね。 ※色柄の出方は個々により異なり、左右非対称になります。 商品の特性をご理解いただき、アシンメトリーデザインをお楽しみください。,https://bath.fs-storage.jp/fs2cabinet/694/694sale5/694sale5-m-01-pl.jpg?v=1789032159,https://www.bath-ec.com/fs/bath/694sale5,No.694 クロールバリエ シークレットヒール バレエシューズ●スペシャルセ,6930 JPY,,,COULEUR VARIE,"https://bath.fs-storage.jp/fs2cabinet/694/694sale5/694sale5-m-02-pl.jpg?v=1789032159,https://bath.fs-storage.jp/fs2cabinet/694/694sale5/694sale5-m-03-pl.jpg?v=1789032159,https://bath.fs-storage.jp/fs2cabinet/694/694sale5/694sale5-m-04-pl.jpg?v=1789032159,https://bath.fs-storage.jp/fs2cabinet/694/694sale5/694sale5-m-05-pl.jpg?v=1789032159,https://bath.fs-storage.jp/fs2cabinet/694/694sale5/694sale5-m-06-pl.jpg?v=1789032159"
074653,in stock,new,つま先ほっそり、綺麗なライン 大人トラッドは充実の機能性と洗練されたフォルムで完成します 型番：074653,https://bath.fs-storage.jp/fs2cabinet/074/074653/074653-m-01-pl.jpg?v=1789032159,https://www.bath-ec.com/fs/bath/074653,NO.074653 newmo ニューモ クラリーノ モンクストラップ　シューズ●スペシ,4950 JPY,,,COULEUR VARIE,"https://bath.fs-storage.jp/fs2cabinet/074/074653/074653-m-02-pl.jpg?v=1789032159,https://bath.fs-storage.jp/fs2cabinet/074/074653/074653-m-03-pl.jpg?v=1789032159,https://bath.fs-storage.jp/fs2cabinet/074/074653/074653-m-04-pl.jpg?v=1789032159,https://bath.fs-storage.jp/fs2cabinet/074/074653/074653-m-05-pl.jpg?v=1789032159,https://bath.fs-storage.jp/fs2cabinet/074/074653/074653-m-06-pl.jpg?v=1789032159"
074654,in stock,new,甲深で抜け感のあるデザインが足を華奢に見せます。底の形状やカップインソールでパンプスとは思えない安定した歩行を叶えます。 型番：074654,https://bath.fs-storage.jp/fs2cabinet/074/074654/074654-m-01-pl.jpg?v=1789032159,https://www.bath-ec.com/fs/bath/074654,NO.074654 newmo ニューモ クラリーノ ストレッチ甲深パンプス●スペシャル,5940 JPY,,,COULEUR VARIE,"https://bath.fs-storage.jp/fs2cabinet/074/074654/074654-m-02-pl.jpg?v=1789032159,https://bath.fs-storage.jp/fs2cabinet/074/074654/074654-m-03-pl.jpg?v=1789032159"
235651,in stock,new,防水素材で軽い！サコッシュ付きで使えるリュック 水が浸み込みにくいので傘やペットボトルなどをポケットに入れることができます。使用頻度の高いものをサコッシュに入れて斜め掛けすれば両手が使えてお出かけがとても楽になります。 型番：235651,https://bath.fs-storage.jp/fs2cabinet/235/235651/235651-m-01-pl.jpg?v=1789032159,https://www.bath-ec.com/fs/bath/235651,NO.235651 newmo ニューモ クラリーノ サコッシュ付き軽量リュック●スペシ,14850 JPY,,,COULEUR VARIE,"https://bath.fs-storage.jp/fs2cabinet/235/235651/235651-m-02-pl.jpg?v=1789032159,https://bath.fs-storage.jp/fs2cabinet/235/235651/235651-m-03-pl.jpg?v=1789032159,https://bath.fs-storage.jp/fs2cabinet/235/235651/235651-m-04-pl.jpg?v=1789032159,https://bath.fs-storage.jp/fs2cabinet/235/235651/235651-m-05-pl.jpg?v=1789032159,https://bath.fs-storage.jp/fs2cabinet/235/235651/235651-m-06-pl.jpg?v=1789032159"
174603,in stock,new,雨の日も、晴れの日も。 軽やかな一歩を、〈ニューモ〉とともに。 クラリーノ〈トリベラ〉が叶えるのは、素足のような軽やかさと足にやさしく寄り添うフィット感。 そのストレスフリーな履き心地が、毎日の歩行を快適にサポートします。 高いストレッチ性とシームレスな設計で、足への負担を軽減。 長時間の歩行でも、やさしく包み込むような快適さが続きます。 さらに防水性も兼ね備え、雨の日でも安心。 天気に左右されず、いつでも晴れの日と変わらない心地よさ。 柔らかく、軽く、そして自由。 〈トリベラ〉が実現した新しいフィット感を、あなたの毎日に。 ※newmo〈ニューモ〉はウォッシャブルシューズではありません ※急な雨には対応できますが、完全防水ではありません こちらは同型の174603-2とは異なり、ホワイトカラーのソールを使用しています。 メンズライク過ぎないスッキリしたシルエットのレースアップシューズ 見た目を裏切る驚くほど柔らかいエナメル素材で動きもしなやか 足もとにマニッシュテイストをプラス、大人の女性らしいこなれたスタイルの完成です 型番：174603,https://bath.fs-storage.jp/fs2cabinet/174/174603/174603-m-01-pl.jpg?v=1789032159,https://www.bath-ec.com/fs/bath/174603,NO.174603 newmo ニューモ クラリーノ ストレッチ レースアップシューズ●,13860 JPY,,,COULEUR VARIE,"https://bath.fs-storage.jp/fs2cabinet/174/174603/174603-m-02-pl.jpg?v=1789032159,https://bath.fs-storage.jp/fs2cabinet/174/174603/174603-m-03-pl.jpg?v=1789032159,https://bath.fs-storage.jp/fs2cabinet/174/174603/174603-m-04-pl.jpg?v=1789032159,https://bath.fs-storage.jp/fs2cabinet/174/174603/174603-m-05-pl.jpg?v=1789032159,https://bath.fs-storage.jp/fs2cabinet/174/174603/174603-m-06-pl.jpg?v=1789032159"
174601-2,in stock,new,雨の日も、晴れの日も。 軽やかな一歩を、〈ニューモ〉とともに。 クラリーノ〈トリベラ〉が叶えるのは、素足のような軽やかさと足にやさしく寄り添うフィット感。 そのストレスフリーな履き心地が、毎日の歩行を快適にサポートします。 高いストレッチ性とシームレスな設計で、足への負担を軽減。 長時間の歩行でも、やさしく包み込むような快適さが続きます。 さらに防水性も兼ね備え、雨の日でも安心。 天気に左右されず、いつでも晴れの日と変わらない心地よさ。 柔らかく、軽く、そして自由。 〈トリベラ〉が実現した新しいフィット感を、あなたの毎日に。 ※newmo〈ニューモ〉はウォッシャブルシューズではありません ※急な雨には対応できますが、完全防水ではありません 大人トラッドスタイルに欠かせないコインローファー しなやかなエナメルや上品なパイソンなど表面感の違う素材でスタイリッシュに仕上げました ビジネスシーンからワンマイルのお出かけまで幅広く使えるアイテムです ※こちらのページの商品は、グレージュカラーのソールを使用しています。(ブラック、ブロンズ、ブラックエナメル、ネイビーエナメルを除く) 型番：174601-2,https://bath.fs-storage.jp/fs2cabinet/174/174601-2/174601-2-m-01-pl.jpg?v=1789032159,https://www.bath-ec.com/fs/bath/174601-2,NO.174601 newmo クラリーノ ストレッチ 厚底ローファー(スニーカーローフ,12870 JPY,,,COULEUR VARIE,"https://bath.fs-storage.jp/fs2cabinet/174/174601-2/174601-2-m-02-pl.jpg?v=1789032159,https://bath.fs-storage.jp/fs2cabinet/174/174601-2/174601-2-m-03-pl.jpg?v=1789032159,https://bath.fs-storage.jp/fs2cabinet/174/174601-2/174601-2-m-04-pl.jpg?v=1789032159,https://bath.fs-storage.jp/fs2cabinet/174/174601-2/174601-2-m-05-pl.jpg?v=1789032159,https://bath.fs-storage.jp/fs2cabinet/174/174601-2/174601-2-m-06-pl.jpg?v=1789032159"
335601,in stock,new,雨の日も、晴れの日も。 軽やかな一歩を、〈ニューモ〉とともに。 クラリーノ〈トリベラ〉が叶えるのは、素足のような軽やかさと足にやさしく寄り添うフィット感。 そのストレスフリーな履き心地が、毎日の歩行を快適にサポートします。 高いストレッチ性とシームレスな設計で、足への負担を軽減。 長時間の歩行でも、やさしく包み込むような快適さが続きます。 さらに防水性も兼ね備え、雨の日でも安心。 天気に左右されず、いつでも晴れの日と変わらない心地よさ。 柔らかく、軽く、そして自由。 〈トリベラ〉が実現した新しいフィット感を、あなたの毎日に。 ※newmo〈ニューモ〉はウォッシャブルシューズではありません ※急な雨には対応できますが、完全防水ではありません スポーティーさを抑えたストラップデザインのスニーカー。 丸みのあるトゥの形状が指先にゆとりをもたせ、優れたストレッチ性を持つアッパー素材であらゆる足型にフィットし、ストレスフリーな履き心地に。 面ファスナー留めのストラップは着脱しやすく安定感も抜群で履き口はV字のカッティングで足を美しくみせてくれます。 型番：335601,https://bath.fs-storage.jp/fs2cabinet/335/335601/335601-m-01-pl.jpg?v=1789032159,https://www.bath-ec.com/fs/bath/335601,newmo ニューモ クラリーノ　ストレッチ ワンストラップスニーカー(メリー,4950 JPY,,,COULEUR VARIE,"https://bath.fs-storage.jp/fs2cabinet/335/335601/335601-m-02-pl.jpg?v=1789032159,https://bath.fs-storage.jp/fs2cabinet/335/335601/335601-m-03-pl.jpg?v=1789032159,https://bath.fs-storage.jp/fs2cabinet/335/335601/335601-m-04-pl.jpg?v=1789032159,https://bath.fs-storage.jp/fs2cabinet/335/335601/335601-m-05-pl.jpg?v=1789032159,https://bath.fs-storage.jp/fs2cabinet/335/335601/335601-m-06-pl.jpg?v=1789032159"
444230,in stock,new,No.444230 クロールバリエ スクエアトゥバレエパンプス 汚れたら洗濯機で丸洗いできる、ウォッシャブルシューズ「COULEUR VARIE（クロールバリエ）」。 ロングセラーのスクエアトゥバレエパンプスの仕様がさらに履きやすくアップデート。 ✓履き口まわりの足あたりがより柔らかな仕様に。 ✓ソールがより滑りにくい意匠へと変更に。 艷やかなサテンやオーガンジーのリボンで全面に施された温かみのある手刺繍のアッパーは、 足もとが華やぐ特別な存在感を持つ1足です。 ・軽量 ・3E ：ゆったりした履き心地 ・抗菌防臭機能： 気になる足のにおいを防ぐ ・アーチクッション：土踏まずを支えるアーチクッション入りで足の疲れを軽減,https://bath.fs-storage.jp/fs2cabinet/444/444230/444230-m-01-pl.jpg?v=1789032159,https://www.bath-ec.com/fs/bath/444230,No.444230/944201 クロールバリエ スクエアトゥバレエパンプス●スペシャル,13860 JPY,,,COULEUR VARIE,"https://bath.fs-storage.jp/fs2cabinet/444/444230/444230-m-02-pl.jpg?v=1789032159,https://bath.fs-storage.jp/fs2cabinet/444/444230/444230-m-03-pl.jpg?v=1789032159,https://bath.fs-storage.jp/fs2cabinet/444/444230/444230-m-04-pl.jpg?v=1789032159,https://bath.fs-storage.jp/fs2cabinet/444/444230/444230-m-05-pl.jpg?v=1789032159,https://bath.fs-storage.jp/fs2cabinet/444/444230/444230-m-06-pl.jpg?v=1789032159"
929203l,in stock,new,No.929203lクロールバリエ ダブルストラップサンダル(レースレイヤード) 汚れたら洗濯機で丸洗いできる、ウォッシャブルシューズ「COULEUR VARIE（クロールバリエ）」。 ロングセラーの ダブルストラップサンダルに可愛らしいクロシェ風のレース生地を重ねた特別なデザインが登場。 シンプルながらも温もり感と可憐さのある1足です。 ・軽量 ・3E ：ゆったりした履き心地 ・抗菌防臭機能： 気になる足のにおいを防ぐ ・メッシュの中敷： サラサラ快適なメッシュ素材,https://bath.fs-storage.jp/fs2cabinet/929/929203l/929203l-m-01-pl.jpg?v=1789032159,https://www.bath-ec.com/fs/bath/929203l,No.929203L/529203クロールバリエ ダブルストラップサンダル●スペシャルセ,13860 JPY,,,COULEUR VARIE,"https://bath.fs-storage.jp/fs2cabinet/929/929203l/929203l-m-02-pl.jpg?v=1789032159,https://bath.fs-storage.jp/fs2cabinet/929/929203l/929203l-m-03-pl.jpg?v=1789032159,https://bath.fs-storage.jp/fs2cabinet/929/929203l/929203l-m-04-pl.jpg?v=1789032159,https://bath.fs-storage.jp/fs2cabinet/929/929203l/929203l-m-05-pl.jpg?v=1789032159,https://bath.fs-storage.jp/fs2cabinet/929/929203l/929203l-m-06-pl.jpg?v=1789032159"
929203m,in stock,new,No.929203mクロールバリエ ダブルストラップサンダル 汚れたら洗濯機で丸洗いできる、ウォッシャブルシューズ「COULEUR VARIE（クロールバリエ）」。 ロングセラーの ダブルストラップサンダルに アッパー素材をドット柄に切り抜き、ミックスカラーのツイード素材を覗かせたユニークで遊び心のあるデザインが登場。 ・軽量 ・3E ：ゆったりした履き心地 ・抗菌防臭機能： 気になる足のにおいを防ぐ ・メッシュの中敷： サラサラ快適なメッシュ素材,https://bath.fs-storage.jp/fs2cabinet/929/929203m/929203m-m-01-pl.jpg?v=1789032159,https://www.bath-ec.com/fs/bath/929203m,No.929203M/529203クロールバリエ ダブルストラップサンダル●スペシャルセ,3960 JPY,,,COULEUR VARIE,"https://bath.fs-storage.jp/fs2cabinet/929/929203m/929203m-m-02-pl.jpg?v=1789032159,https://bath.fs-storage.jp/fs2cabinet/929/929203m/929203m-m-03-pl.jpg?v=1789032159,https://bath.fs-storage.jp/fs2cabinet/929/929203m/929203m-m-04-pl.jpg?v=1789032159,https://bath.fs-storage.jp/fs2cabinet/929/929203m/929203m-m-05-pl.jpg?v=1789032159,https://bath.fs-storage.jp/fs2cabinet/929/929203m/929203m-m-06-pl.jpg?v=1789032159"
451230,in stock,new,No.451230クロールバリエ ニットコンビ ソフトローファー 汚れたら洗濯機で丸洗いできる、ウォッシャブルシューズ「COULEUR VARIE（クロールバリエ）」。 カラフルレトロな柄ニットとコンビになったローファー。 履いているだけで気分が上がる可愛さです。 トレンドのスクエアトゥですっきり見えるのに履き心地はソフトでゆったり。 甲を包み込む甲深デザインでしっかりと足をホールドしてくれ、 かかと抜けしにくく、安定感のある履き心地に仕上げました。 ・軽量 ・3E ：ゆったりした履き心地 ・抗菌防臭機能： 気になる足のにおいを防ぐ,https://bath.fs-storage.jp/fs2cabinet/451/451230/451230-m-01-pl.jpg?v=1789032159,https://www.bath-ec.com/fs/bath/451230,No.451230クロールバリエ ニットコンビ　ソフトローファー●スペシャルセー,3960 JPY,,,COULEUR VARIE,"https://bath.fs-storage.jp/fs2cabinet/451/451230/451230-m-02-pl.jpg?v=1789032159,https://bath.fs-storage.jp/fs2cabinet/451/451230/451230-m-03-pl.jpg?v=1789032159,https://bath.fs-storage.jp/fs2cabinet/451/451230/451230-m-04-pl.jpg?v=1789032159,https://bath.fs-storage.jp/fs2cabinet/451/451230/451230-m-05-pl.jpg?v=1789032159,https://bath.fs-storage.jp/fs2cabinet/451/451230/451230-m-06-pl.jpg?v=1789032159"
478230,in stock,new,No.478230クロールバリエ 軽量ストレッチスリッポン 汚れたら洗濯機で丸洗いできる、ウォッシャブルシューズ「COULEUR VARIE（クロールバリエ）」。 いつでも気軽に履けて、どこまでも歩いていける軽量設計のストレッチスリッポン。 すっきりしたフォルムながら甲周りは伸縮性のあるストレッチ材を、踵周りには ゴムを使うことで足にほどよくフィットしつつ、窮屈感のない履き心地に。 軽快に足元のおしゃれを楽しめる1足です。 踵を踏んでバブーシュとして履くこともできる2WAYの仕様。 ・超軽量：軽さが魅力の人気シリーズ ・3E ：ゆったりした履き心地 ・抗菌防臭機能： 気になる足のにおいを防ぐ ・カップインソール 足裏に沿いやすい形状とクッション性で歩行をサポート,https://bath.fs-storage.jp/fs2cabinet/478/478230/478230-m-01-pl.jpg?v=1789032159,https://www.bath-ec.com/fs/bath/478230,No.478230クロールバリエ 軽量ストレッチスリッポン (取扱い店舗限定カラー,7700 JPY,,,COULEUR VARIE,"https://bath.fs-storage.jp/fs2cabinet/478/478230/478230-m-02-pl.jpg?v=1789032159,https://bath.fs-storage.jp/fs2cabinet/478/478230/478230-m-03-pl.jpg?v=1789032159,https://bath.fs-storage.jp/fs2cabinet/478/478230/478230-m-04-pl.jpg?v=1789032159,https://bath.fs-storage.jp/fs2cabinet/478/478230/478230-m-05-pl.jpg?v=1789032159,https://bath.fs-storage.jp/fs2cabinet/478/478230/478230-m-06-pl.jpg?v=1789032159"
429230,in stock,new,No.429230 クロールバリエ バイカラー ラウンドトゥパンプス 汚れたら洗濯機で丸洗いできる、ウォッシャブルシューズ「COULEUR VARIE（クロールバリエ）」。 インソールのカラーとバックル飾りのカラーを合わせた、 履いても脱いでもかわいいラウンドトゥのパンプス。 バックル飾りはクリップ式で簡単に取り外し可能でシンプルに履くこともできる 様々なシーンで活躍する２WAYの仕様です。 ・軽量 ・抗菌防臭機能： 気になる足のにおいを防ぐ,https://bath.fs-storage.jp/fs2cabinet/429/429230/429230-m-01-pl.jpg?v=1789032159,https://www.bath-ec.com/fs/bath/429230,No.429230クロールバリエ バイカラー ラウンドトゥパンプス【2E】●スペシ,4950 JPY,,,COULEUR VARIE,"https://bath.fs-storage.jp/fs2cabinet/429/429230/429230-m-02-pl.jpg?v=1789032159,https://bath.fs-storage.jp/fs2cabinet/429/429230/429230-m-03-pl.jpg?v=1789032159,https://bath.fs-storage.jp/fs2cabinet/429/429230/429230-m-04-pl.jpg?v=1789032159,https://bath.fs-storage.jp/fs2cabinet/429/429230/429230-m-05-pl.jpg?v=1789032159,https://bath.fs-storage.jp/fs2cabinet/429/429230/429230-m-06-pl.jpg?v=1789032159"
474230,in stock,new,No.474230 クロールバリエ 2way着せ替えシューズ 汚れたら洗濯機で丸洗いできる、ウォッシャブルシューズ「COULEUR VARIE（クロールバリエ）」。 足がすっきりと美しく見えるオペラデザインのシューズ。 取り外し可能なオリジナルのビット飾り付きでシーンに合わせてシンプルにも華やかにも。 ほどよい高さの約4ｃｍウェッジソールは軽量設計・抜群の屈曲性で歩きやすく疲れにくい。 付け外し可能なオリジナルのビット飾りは、裏側がゴム仕様で 甲を締めつけにくく、動きやすさも◎ サイズ調整クッション付きで、足のむくみや靴下・ストッキングなどに合せて微調整が可能です。 ・超軽量：軽さが魅力の人気シリーズ ・3E相当 ：ゆったりした履き心地 ・取り外せるインソールでいつでも清潔、サイズの微調整も可能 ・メッシュの中敷： サラサラ快適なメッシュ素材 ・インソールは土踏まずを支えるアーチクッション入りで足疲れを軽減します,https://bath.fs-storage.jp/fs2cabinet/474/474230/474230-m-01-pl.jpg?v=1789032159,https://www.bath-ec.com/fs/bath/474230,No.474230 クロールバリエ 2way着せ替えシューズ●スペシャルセール※返品,3960 JPY,,,COULEUR VARIE,"https://bath.fs-storage.jp/fs2cabinet/474/474230/474230-m-02-pl.jpg?v=1789032159,https://bath.fs-storage.jp/fs2cabinet/474/474230/474230-m-03-pl.jpg?v=1789032159,https://bath.fs-storage.jp/fs2cabinet/474/474230/474230-m-04-pl.jpg?v=1789032159,https://bath.fs-storage.jp/fs2cabinet/474/474230/474230-m-05-pl.jpg?v=1789032159,https://bath.fs-storage.jp/fs2cabinet/474/474230/474230-m-06-pl.jpg?v=1789032159"
474236,in stock,new,No.474236 クロールバリエ 軽量ステッチオープントゥパンプス 汚れたら洗濯機で丸洗いできる、ウォッシャブルシューズ「COULEUR VARIE（クロールバリエ）」。 足に負担をかけにくい軽さと柔らかな履き心地が人気の軽量シリーズから 春夏らしい爽やかなカラー展開のオープントゥパンプスが登場。 アクセントに効かせたハンドステッチは爽やかなカラー展開をより一層引き立てます。 面ファスナーで自在にワイズ調整ができる、さまざまな足型にフィットしやすい仕様です。 ・超軽量：軽さが魅力の人気シリーズ ・3E ：ゆったりした履き心地 ・抗菌防臭機能： 気になる足のにおいを防ぐ ・メッシュの中敷： サラサラ快適なメッシュ素材 ・中足骨パッド：足裏を支える中足骨パッド入りで疲れにくい,https://bath.fs-storage.jp/fs2cabinet/474/474236/474236-m-01-pl.jpg?v=1789032159,https://www.bath-ec.com/fs/bath/474236,"No.474236 クロールバリエ 軽量ステッチオープントゥパンプス(幅調整,ワイ",5940 JPY,,,COULEUR VARIE,"https://bath.fs-storage.jp/fs2cabinet/474/474236/474236-m-02-pl.jpg?v=1789032159,https://bath.fs-storage.jp/fs2cabinet/474/474236/474236-m-03-pl.jpg?v=1789032159,https://bath.fs-storage.jp/fs2cabinet/474/474236/474236-m-04-pl.jpg?v=1789032159,https://bath.fs-storage.jp/fs2cabinet/474/474236/474236-m-05-pl.jpg?v=1789032159,https://bath.fs-storage.jp/fs2cabinet/474/474236/474236-m-06-pl.jpg?v=1789032159"
10045y-2,in stock,new,NO.10045y-2 クロールバリエ多収納2WAYバッグ ポケットが沢山ありしっかり収納ができるのにきちんと感のあるスマートな佇まいのバッグ。 服装や気分に合わせてショルダーストラップが取り外せる2wayタイプです。 (NO.10045y クロールバリエ多収納2WAYバッグと色違いの同一商品です。) ※個々により色柄の出方は異なります。また、モニター環境によって色の再現が 若干異なってまいりますので、何卒ご了承くださいませ。 ◎お手入れ時のご注意◎ やわらかいブラシなどで軽く汚れを払った後、手洗いができます。（洗濯機のご使用はお避けください） 洗剤は漂白剤、柔軟仕上げ剤、蛍光剤の入っていない中性剤をお使いください。 手洗いの際、力を入れすぎると素材の風合いを損なうことがありますので、やさしく洗ってください。 （つけおき洗いはお避けください） その後は形を整えて風通しの良い日陰で充分に乾かしてください。 （アイロンやドライヤーなどの高熱による乾燥はお避けください）,https://bath.fs-storage.jp/fs2cabinet/100/10045y-2/10045y-2-m-01-pl.jpg?v=1789032159,https://www.bath-ec.com/fs/bath/10045y-2,NO.10045y クロールバリエ多収納2WAYバッグ●スペシャルセール※返品・交換,11880 JPY,,,COULEUR VARIE,"https://bath.fs-storage.jp/fs2cabinet/100/10045y-2/10045y-2-m-02-pl.jpg?v=1789032159,https://bath.fs-storage.jp/fs2cabinet/100/10045y-2/10045y-2-m-03-pl.jpg?v=1789032159,https://bath.fs-storage.jp/fs2cabinet/100/10045y-2/10045y-2-m-04-pl.jpg?v=1789032159,https://bath.fs-storage.jp/fs2cabinet/100/10045y-2/10045y-2-m-05-pl.jpg?v=1789032159,https://bath.fs-storage.jp/fs2cabinet/100/10045y-2/10045y-2-m-06-pl.jpg?v=1789032159"
474231,in stock,new,No.474231クロールバリエ 軽量 ステッチバイカラーパンプス 汚れたら洗濯機で丸洗いできる、ウォッシャブルシューズ「COULEUR VARIE（クロールバリエ）」。 人気の軽量シリーズから春夏らしい爽やかなカラーリングと かかとのハンドステッチがアクセントになったオープントゥパンプスが登場。 開きを控えめにしたつま先は前滑りもしにくく、肌を見せすぎない上品な印象に。 ・軽量 ・3E ：ゆったりした履き心地 ・メッシュの中敷： サラサラ快適なメッシュ素材 ・中足骨パッド： 足裏のアーチを支えて疲れを軽減,https://bath.fs-storage.jp/fs2cabinet/474/474231/474231-m-01-pl.jpg?v=1789032159,https://www.bath-ec.com/fs/bath/474231,No.474231 クロールバリエ 軽量 ステッチバイカラーパンプス●スペシャルセ,4950 JPY,,,COULEUR VARIE,"https://bath.fs-storage.jp/fs2cabinet/474/474231/474231-m-02-pl.jpg?v=1789032159,https://bath.fs-storage.jp/fs2cabinet/474/474231/474231-m-03-pl.jpg?v=1789032159,https://bath.fs-storage.jp/fs2cabinet/474/474231/474231-m-04-pl.jpg?v=1789032159,https://bath.fs-storage.jp/fs2cabinet/474/474231/474231-m-05-pl.jpg?v=1789032159,https://bath.fs-storage.jp/fs2cabinet/474/474231/474231-m-06-pl.jpg?v=1789032159"
474232,in stock,new,No.474232クロールバリエ 軽量 切り替えバックベルト パンプス 汚れたら洗濯機で丸洗いできる、ウォッシャブルシューズ「COULEUR VARIE（クロールバリエ）」。 程よい約5cmのヒール高がすっきり脚長に見せてくれる バックバンドのパンプスは前後のバイカラーが目を惹くポイント。 きちんと見えるのに驚きの軽さと柔らかな履き心地でさっと履ける気軽さも◎ ・軽量 ・3E ：ゆったりした履き心地 ・メッシュの中敷： サラサラ快適なメッシュ素材 ・中足骨パッド： 足裏のアーチを支えて疲れを軽減,https://bath.fs-storage.jp/fs2cabinet/474/474232/474232-m-01-pl.jpg?v=1789032159,https://www.bath-ec.com/fs/bath/474232,No.474232クロールバリエ 　軽量 切り替えバックベルト  パンプス/●スペシ,5940 JPY,,,COULEUR VARIE,"https://bath.fs-storage.jp/fs2cabinet/474/474232/474232-m-02-pl.jpg?v=1789032159,https://bath.fs-storage.jp/fs2cabinet/474/474232/474232-m-03-pl.jpg?v=1789032159,https://bath.fs-storage.jp/fs2cabinet/474/474232/474232-m-04-pl.jpg?v=1789032159,https://bath.fs-storage.jp/fs2cabinet/474/474232/474232-m-05-pl.jpg?v=1789032159,https://bath.fs-storage.jp/fs2cabinet/474/474232/474232-m-06-pl.jpg?v=1789032159"
429232,in stock,new,No.429232 クロールバリエ レースアップスリッポン 汚れたら洗濯機で丸洗いできる、ウォッシャブルシューズ「COULEUR VARIE（クロールバリエ）」。 指先がゆったりと作られたオブリークトゥの型を甲材を一枚仕立てで ソフトでリラックス感のある履き心地に仕上げたスリッポンタイプのレースアップシューズ。 少し浅めの履きこみがスニーカーほどカジュアル過ぎず、パンプスよりもかしこまらない、 楽に履けるのに程よく上品で女性らしいイメージです。 かかとを踏んで履くこともできる2WAYの仕様。 ・3E ：ゆったりした履き心地 ・抗菌防臭機能： 気になる足のにおいを防ぐ,https://bath.fs-storage.jp/fs2cabinet/429/429232/429232-m-01-pl.jpg?v=1789032159,https://www.bath-ec.com/fs/bath/429232,〇No.429232 クロールバリエ レースアップスリッポン●スペシャルセール※,14850 JPY,,,COULEUR VARIE,"https://bath.fs-storage.jp/fs2cabinet/429/429232/429232-m-02-pl.jpg?v=1789032159,https://bath.fs-storage.jp/fs2cabinet/429/429232/429232-m-03-pl.jpg?v=1789032159,https://bath.fs-storage.jp/fs2cabinet/429/429232/429232-m-04-pl.jpg?v=1789032159,https://bath.fs-storage.jp/fs2cabinet/429/429232/429232-m-05-pl.jpg?v=1789032159,https://bath.fs-storage.jp/fs2cabinet/429/429232/429232-m-06-pl.jpg?v=1789032159"
429233,in stock,new,No.429233 クロールバリエ ステッチ オープントゥ パンプス(WEB/一部店舗限定アイテム) 汚れたら洗濯機で丸洗いできる、ウォッシャブルシューズ「COULEUR VARIE（クロールバリエ）」。 底周りのアウトステッチが使いが印象的なオープントゥパンプスは トレンドのスクエアトゥですっきりとした足元に。 カジュアルスタイルにもエレガントスタイルにも合わせやすく、 控えめなつま先開きと被りが深めのデザインは肌を見せすぎず、上品な印象です。 太めのストレートヒールで安定感も◎ ・抗菌防臭機能：気になる足のにおいを防ぐ,https://bath.fs-storage.jp/fs2cabinet/429/429233/429233-m-01-pl.jpg?v=1789032159,https://www.bath-ec.com/fs/bath/429233,No.429233 クロールバリエ ステッチ　オープントゥ　パンプス(WEB/一部店舗,3960 JPY,,,COULEUR VARIE,"https://bath.fs-storage.jp/fs2cabinet/429/429233/429233-m-02-pl.jpg?v=1789032159,https://bath.fs-storage.jp/fs2cabinet/429/429233/429233-m-03-pl.jpg?v=1789032159,https://bath.fs-storage.jp/fs2cabinet/429/429233/429233-m-04-pl.jpg?v=1789032159,https://bath.fs-storage.jp/fs2cabinet/429/429233/429233-m-05-pl.jpg?v=1789032159,https://bath.fs-storage.jp/fs2cabinet/429/429233/429233-m-06-pl.jpg?v=1789032159"
435202,in stock,new,No.435202 クロールバリエ メッシュスポーティサンダル 汚れたら洗濯機で丸洗いできる、ウォッシャブルシューズ「COULEUR VARIE（クロールバリエ）」。 クッション性の高い、メッシュラッセル生地をアッパーに使用した スポーティなサンダルはソールも程よいボリュームで歩きやすく安定感のある履き心地。 2本のストラップがが細部までアジャストでき、さまざまな足型にフィットしやすい仕様です。 ・軽量 ・3E相当 ：ゆったりした履き心地 ・足裏に沿った立体的な中敷きが足指のおさまりを良くし軽快な歩行をサポート ・抗菌防臭機能：気になる足のにおいを防ぐ,https://bath.fs-storage.jp/fs2cabinet/435/435202/435202-m-01-pl.jpg?v=1789032159,https://www.bath-ec.com/fs/bath/435202,"No.435202 クロールバリエ メッシュスポーティサンダル(幅調整,ワイズ調整,",4950 JPY,,,COULEUR VARIE,"https://bath.fs-storage.jp/fs2cabinet/435/435202/435202-m-02-pl.jpg?v=1789032159,https://bath.fs-storage.jp/fs2cabinet/435/435202/435202-m-03-pl.jpg?v=1789032159,https://bath.fs-storage.jp/fs2cabinet/435/435202/435202-m-04-pl.jpg?v=1789032159,https://bath.fs-storage.jp/fs2cabinet/435/435202/435202-m-05-pl.jpg?v=1789032159,https://bath.fs-storage.jp/fs2cabinet/435/435202/435202-m-06-pl.jpg?v=1789032159"
474233,in stock,new,No.474233 クロールバリエ 軽量 クロスベルトサンダル 汚れたら洗濯機で丸洗いできる、ウォッシャブルシューズ「COULEUR VARIE（クロールバリエ）」。 人気のクロスデザインの軽量サンダルがさらに履きやすくリニューアルして登場。 ソールは前後の高低差はそのままに全体にやや厚みをプラスし、クッション性がアップしました。 広くなったワイズでゆったりした足入れながら前後とも面テープで調整ができ、様々な足型にフィットします。 中敷は接触冷感・スポーツ素材の”キュープラテ”を採用しています。 ・超軽量：軽さが魅力の人気シリーズ ・3E相当 ：ゆったりした履き心地 ・メッシュの中敷： サラサラ快適なメッシュ素材 ・足裏に沿った立体的な中敷きが足指のおさまりを良くし軽快な歩行をサポート,https://bath.fs-storage.jp/fs2cabinet/474/474233/474233-m-01-pl.jpg?v=1789032159,https://www.bath-ec.com/fs/bath/474233,"No.474233 クロールバリエ 軽量 クロスベルトサンダル(幅調整,ワイズ調整,",11880 JPY,,,COULEUR VARIE,"https://bath.fs-storage.jp/fs2cabinet/474/474233/474233-m-02-pl.jpg?v=1789032159,https://bath.fs-storage.jp/fs2cabinet/474/474233/474233-m-03-pl.jpg?v=1789032159,https://bath.fs-storage.jp/fs2cabinet/474/474233/474233-m-04-pl.jpg?v=1789032159,https://bath.fs-storage.jp/fs2cabinet/474/474233/474233-m-05-pl.jpg?v=1789032159,https://bath.fs-storage.jp/fs2cabinet/474/474233/474233-m-06-pl.jpg?v=1789032159"
454101,in stock,new,No.454101 バスルーム オールウェザー レイン スリッポン 百貨店でも大人気、大人のレインシューズでおなじみの「BATH ROOM（バスルーム）」。 撥水性のあるニット素材を使用した人気のオールウェザースニーカーの新デザインが登場。 クロスの甲ゴムは足元がすっきり見えてフィット感も抜群。 アッパーはほのかにラメを効かせた大人っぽい仕上がり。 ・軽量 ・3E ：ゆったりした履き心地 ・メッシュの中敷：サラサラ快適なメッシュ素材 ・カップインソール：足裏に沿う形状で疲れを軽減 ※こちらの商品は撥水仕様となっておりますが、使用状況により水がしみこむ場合がございます。 （完全防水ではありません) ※ご使用後は水分や汚れをきれいにふき取って陰干ししてください。 保管する際は直射日光を避け、湿気の少ない所で保管してください。 -撥水素材について- 本商品に使用しております生地の撥水加工はご使用中の摩擦によりご使用毎に低下していきます。 市販の撥水スプレーなどでケアしていただくことをお勧めします。,https://bath.fs-storage.jp/fs2cabinet/454/454101/454101-m-01-pl.jpg?v=1789032159,https://www.bath-ec.com/fs/bath/454101,No.454101 バスルーム オールウェザー レイン スリッポン●スペシャルセー,4950 JPY,,,COULEUR VARIE,"https://bath.fs-storage.jp/fs2cabinet/454/454101/454101-m-02-pl.jpg?v=1789032159,https://bath.fs-storage.jp/fs2cabinet/454/454101/454101-m-03-pl.jpg?v=1789032159,https://bath.fs-storage.jp/fs2cabinet/454/454101/454101-m-04-pl.jpg?v=1789032159,https://bath.fs-storage.jp/fs2cabinet/454/454101/454101-m-05-pl.jpg?v=1789032159,https://bath.fs-storage.jp/fs2cabinet/454/454101/454101-m-06-pl.jpg?v=1789032159"
454102,in stock,new,No.454102 バスルーム オールウェザー ハイカットスニーカー 百貨店でも大人気、大人のレインシューズでおなじみの「BATH ROOM（バスルーム）」。 撥水性のあるニット素材を使用した人気のオールウェザースニーカーのハイカットデザインが登場。 そのままで履いても、折り返して履いても◎ アッパーはほのかにラメを効かせて大人っぽい仕上がりに。 ・軽量 ・3E ：ゆったりした履き心地 ・メッシュの中敷：サラサラ快適なメッシュ素材 ・カップインソール：足裏に沿う形状で疲れを軽減 ※こちらの商品は撥水仕様となっておりますが、使用状況により水がしみこむ場合がございます。 （完全防水ではありません) ※ご使用後は水分や汚れをきれいにふき取って陰干ししてください。 保管する際は直射日光を避け、湿気の少ない所で保管してください。 -撥水素材について- 本商品に使用しております生地の撥水加工はご使用中の摩擦によりご使用毎に低下していきます。 市販の撥水スプレーなどでケアしていただくことをお勧めします。,https://bath.fs-storage.jp/fs2cabinet/454/454102/454102-m-01-pl.jpg?v=1789032159,https://www.bath-ec.com/fs/bath/454102,No.454102 バスルーム オールウェザー ハイカットスニーカー●スペシャルセ,5500 JPY,,,COULEUR VARIE,"https://bath.fs-storage.jp/fs2cabinet/454/454102/454102-m-02-pl.jpg?v=1789032159,https://bath.fs-storage.jp/fs2cabinet/454/454102/454102-m-03-pl.jpg?v=1789032159,https://bath.fs-storage.jp/fs2cabinet/454/454102/454102-m-04-pl.jpg?v=1789032159,https://bath.fs-storage.jp/fs2cabinet/454/454102/454102-m-05-pl.jpg?v=1789032159,https://bath.fs-storage.jp/fs2cabinet/454/454102/454102-m-06-pl.jpg?v=1789032159"
444230m,in stock,new,No.444230M クロールバリエ スクエアトゥバレエパンプス 汚れたら洗濯機で丸洗いできる、ウォッシャブルシューズ「COULEUR VARIE（クロールバリエ）」。 ロングセラーのスクエアトゥバレエパンプスの仕様がさらに履きやすくアップデート。 ✓履き口まわりの足あたりがより柔らかな仕様に。 ✓ソールがより滑りにくい意匠へと変更に。 光沢のある材料を手作業でメッシュ編みにしたシンプルで上品なデザイン。 イントレチャート×スクエアトウバレエのデザインがコーディネートを格上げしてくれます。 履き心地にも配慮した柔らかな足あたり。 ・軽量 ・3E ：ゆったりした履き心地 ・抗菌防臭機能： 気になる足のにおいを防ぐ ・アーチクッション：土踏まずを支えるアーチクッション入りで足の疲れを軽減 ※同型のNo.444230 クロールバリエ スクエアトゥバレエパンプス( https://www.bath-ec.com/fs/bath/444230 )とは一部仕様が異なります。(ライニング資材),https://bath.fs-storage.jp/fs2cabinet/444/444230m/444230m-m-01-pl.jpg?v=1789032159,https://www.bath-ec.com/fs/bath/444230m,No.444230M /944201クロールバリエ スクエアトゥバレエパンプス●スペシャ,8910 JPY,,,COULEUR VARIE,"https://bath.fs-storage.jp/fs2cabinet/444/444230m/444230m-m-02-pl.jpg?v=1789032159,https://bath.fs-storage.jp/fs2cabinet/444/444230m/444230m-m-03-pl.jpg?v=1789032159,https://bath.fs-storage.jp/fs2cabinet/444/444230m/444230m-m-04-pl.jpg?v=1789032159,https://bath.fs-storage.jp/fs2cabinet/444/444230m/444230m-m-05-pl.jpg?v=1789032159,https://bath.fs-storage.jp/fs2cabinet/444/444230m/444230m-m-06-pl.jpg?v=1789032159"
429601,in stock,new,雨の日も、晴れの日も。 軽やかな一歩を、〈ニューモ〉とともに。 クラリーノ〈トリベラ〉が叶えるのは、素足のような軽やかさと足にやさしく寄り添うフィット感。 そのストレスフリーな履き心地が、毎日の歩行を快適にサポートします。 高いストレッチ性とシームレスな設計で、足への負担を軽減。 長時間の歩行でも、やさしく包み込むような快適さが続きます。 さらに防水性も兼ね備え、雨の日でも安心。 天気に左右されず、いつでも晴れの日と変わらない心地よさ。 柔らかく、軽く、そして自由。 〈トリベラ〉が実現した新しいフィット感を、あなたの毎日に。 ※newmo〈ニューモ〉はウォッシャブルシューズではありません ※急な雨には対応できますが、完全防水ではありません スポーティーな印象をプラスしたトレンドのグルカデザイン。 控えめな肌見せでソックスとも合わせやすいため、ロングシーズン活躍します。 足首を留めるベルトには面ファスナーを使用。調整ができるため、歩行の際のかかとの脱げも軽減します。 中敷には抗菌防臭機能のある素材 を使用。 中敷全体に約５mmのクッションを入れているので、フラットなデザインでありながら足あたりがソフトです。 ※スネーク柄は左右で柄の出方が異なることがあります。予めご了承ください。 型番：429601,https://bath.fs-storage.jp/fs2cabinet/429/429601/429601-m-01-pl.jpg?v=1789032159,https://www.bath-ec.com/fs/bath/429601,NO.429601 newmo ニューモ　クラリーノ ストレッチ グルカサンダル●スペシ,12870 JPY,,,COULEUR VARIE,"https://bath.fs-storage.jp/fs2cabinet/429/429601/429601-m-02-pl.jpg?v=1789032159,https://bath.fs-storage.jp/fs2cabinet/429/429601/429601-m-03-pl.jpg?v=1789032159,https://bath.fs-storage.jp/fs2cabinet/429/429601/429601-m-04-pl.jpg?v=1789032159,https://bath.fs-storage.jp/fs2cabinet/429/429601/429601-m-05-pl.jpg?v=1789032159,https://bath.fs-storage.jp/fs2cabinet/429/429601/429601-m-06-pl.jpg?v=1789032159"
429602,in stock,new,甲ストラップのストレッチ性と、足首ストラップの一部に挟んだウレタンクッションの柔らかさが心地よいサンダル。 アシンメトリーな足首のアッパーラインは足元を美しく見せてくれます。 足首を留めるベルトには面ファスナーを使用。調整ができるため、歩行の際のかかとの脱げも軽減します。 中敷には抗菌防臭機能のある素材 を使用。 中敷全体に約５mmのクッションを入れているので、フラットなデザインでありながら足あたりがソフトです。 型番：429602,https://bath.fs-storage.jp/fs2cabinet/429/429602/429602-m-01-pl.jpg?v=1789032159,https://www.bath-ec.com/fs/bath/429602,NO.429602 newmo ニューモ　クラリーノ ストレッチセパレートサンダル●ス,12870 JPY,,,COULEUR VARIE,"https://bath.fs-storage.jp/fs2cabinet/429/429602/429602-m-02-pl.jpg?v=1789032159,https://bath.fs-storage.jp/fs2cabinet/429/429602/429602-m-03-pl.jpg?v=1789032159,https://bath.fs-storage.jp/fs2cabinet/429/429602/429602-m-04-pl.jpg?v=1789032159,https://bath.fs-storage.jp/fs2cabinet/429/429602/429602-m-05-pl.jpg?v=1789032159,https://bath.fs-storage.jp/fs2cabinet/429/429602/429602-m-06-pl.jpg?v=1789032159"
444280,in stock,new,No.444280 クロールバリエ 刺繍 スクエアパンプス 汚れたら洗濯機で丸洗いできる、ウォッシャブルシューズ「COULEUR VARIE（クロールバリエ）」。 すっぽり深めの被りでスリッポン感覚で履けるパンプスはフロントのボタニカル刺繍が可愛いアクセント。 ぺたんこすぎない約2cmのウェッジヒールで歩きやすく、ふかふかの高反発クッション＋アーチクッションで足裏もしっかりサポート。 中敷きには抗菌防臭・透湿性、ライニング(メッシュ素材)には抗菌防臭・吸湿速乾性のある素材を使用しているのでムレにくく快適。 3E相当のゆったりとした履き心地で、ソックスとのスタイリング相性も◎ ・3E ：ゆったりした履き心地 ・抗菌防臭機能： 気になる足のにおいを防ぐ ・アーチクッション：土踏まずを支えるアーチクッション入りで足の疲れを軽減,https://bath.fs-storage.jp/fs2cabinet/444/444280/444280-m-01-pl.jpg?v=1789032159,https://www.bath-ec.com/fs/bath/444280,COULEUR VARIE(クロールバリエ)No.444280 クロールバリエ 刺繍 スクエアパ,5500 JPY,,,COULEUR VARIE,"https://bath.fs-storage.jp/fs2cabinet/444/444280/444280-m-02-pl.jpg?v=1789032159,https://bath.fs-storage.jp/fs2cabinet/444/444280/444280-m-03-pl.jpg?v=1789032159,https://bath.fs-storage.jp/fs2cabinet/444/444280/444280-m-04-pl.jpg?v=1789032159,https://bath.fs-storage.jp/fs2cabinet/444/444280/444280-m-05-pl.jpg?v=1789032159,https://bath.fs-storage.jp/fs2cabinet/444/444280/444280-m-06-pl.jpg?v=1789032159"
454180,in stock,new,No.454180 バスルーム オールウェザ－ 撥水ニットスリッポン 百貨店でも大人気、大人のレインシューズでおなじみの「BATH ROOM（バスルーム）」。 脱ぎ履きしやすいかかとの形状で手を使わずにするんと履けるスリッポンスニーカー。 深すぎない程よい甲の被りがカジュアル過ぎず上品な印象で着脱もよりスムーズ。 急に雨でも安心のアッパー撥水仕様です。（完全防水ではありません） ・軽量 ・3E :ゆったりした履き心地 ・メッシュの中敷： サラサラ快適なメッシュ素材 ・カップインソール： 足裏に沿いやすい形状とクッション性で歩行をサポート,https://bath.fs-storage.jp/fs2cabinet/454/454180/454180-m-01-pl.jpg?v=1789032159,https://www.bath-ec.com/fs/bath/454180,No.454180 バスルーム オールウェザ－ 撥水ニットスリッポン●スペシャルセ,11880 JPY,,,COULEUR VARIE,"https://bath.fs-storage.jp/fs2cabinet/454/454180/454180-m-02-pl.jpg?v=1789032159,https://bath.fs-storage.jp/fs2cabinet/454/454180/454180-m-03-pl.jpg?v=1789032159,https://bath.fs-storage.jp/fs2cabinet/454/454180/454180-m-04-pl.jpg?v=1789032159,https://bath.fs-storage.jp/fs2cabinet/454/454180/454180-m-05-pl.jpg?v=1789032159,https://bath.fs-storage.jp/fs2cabinet/454/454180/454180-m-06-pl.jpg?v=1789032159"
474280,in stock,new,No.474280 クロールバリエ 幅が調整できるパンプス 汚れたら洗濯機で丸洗いできる、ウォッシャブルシューズ「COULEUR VARIE（クロールバリエ）」。 人気の軽量シリーズから足のかたちや状態に合わせてワンタッチで甲周りと幅を自在にアジャストできるウェッジパンプスが登場。 シンプスなデザインながら、太番手の糸を使用したカラーステッチをアクセントに効かせることで大人らしい可愛らしさを演出しつつ、足もとがすっきり見える効果も。 面ファスナーは広げて履いても目立ちにくいアッパー材と同色の仕様です。 ・3E :ゆったりした履き心地 ・メッシュの中敷： サラサラ快適なメッシュ素材 ・カップインソール： 足裏に沿いやすい形状とクッション性で歩行をサポート ・抗菌防臭機能： 気になる足のにおいを防ぐ,https://bath.fs-storage.jp/fs2cabinet/474/474280/474280-m-01-pl.jpg?v=1789032159,https://www.bath-ec.com/fs/bath/474280,"No.474280 クロールバリエ 幅が調整できるパンプス(幅調整,ワイズ調整,幅を",4950 JPY,,,COULEUR VARIE,"https://bath.fs-storage.jp/fs2cabinet/474/474280/474280-m-02-pl.jpg?v=1789032159,https://bath.fs-storage.jp/fs2cabinet/474/474280/474280-m-03-pl.jpg?v=1789032159,https://bath.fs-storage.jp/fs2cabinet/474/474280/474280-m-04-pl.jpg?v=1789032159,https://bath.fs-storage.jp/fs2cabinet/474/474280/474280-m-05-pl.jpg?v=1789032159,https://bath.fs-storage.jp/fs2cabinet/474/474280/474280-m-06-pl.jpg?v=1789032159"
444230n,in stock,new,No.444230N /944201クロールバリエ スクエアトゥバレエパンプス 汚れたら洗濯機で丸洗いできる、ウォッシャブルシューズ「COULEUR VARIE（クロールバリエ）」。 すっきり見えるのにゆったりした履き心地と抜群のクッション性が人気。 改良を重ねながら進化するロングセラーのスクエアトゥバレエパンプスです。 お客様からのご要望も多かった日常使いにちょうど良く、 合わせるファッションを選ばない 飾りや刺繍のないシンプルデザインが登場。 ・軽量 ・3E ：ゆったりした履き心地 ・抗菌防臭機能： 気になる足のにおいを防ぐ ・アーチクッション：土踏まずを支えるアーチクッション入りで足の疲れを軽減,https://bath.fs-storage.jp/fs2cabinet/444/444230n/444230n-m-01-pl.jpg?v=1789032159,https://www.bath-ec.com/fs/bath/444230n,No.444230N /944201クロールバリエ スクエアトゥバレエパンプス(バレエコア,12870 JPY,,,COULEUR VARIE,"https://bath.fs-storage.jp/fs2cabinet/444/444230n/444230n-m-02-pl.jpg?v=1789032159,https://bath.fs-storage.jp/fs2cabinet/444/444230n/444230n-m-03-pl.jpg?v=1789032159,https://bath.fs-storage.jp/fs2cabinet/444/444230n/444230n-m-04-pl.jpg?v=1789032159,https://bath.fs-storage.jp/fs2cabinet/444/444230n/444230n-m-05-pl.jpg?v=1789032159,https://bath.fs-storage.jp/fs2cabinet/444/444230n/444230n-m-06-pl.jpg?v=1789032159"
444230t,in stock,new,No.444230T /944201クロールバリエ スクエアトゥバレエパンプス (ツイード調) 汚れたら洗濯機で丸洗いできる、ウォッシャブルシューズ「COULEUR VARIE（クロールバリエ）」。 すっきり見えるのにゆったりした履き心地と抜群のクッション性が人気。 改良を重ねながら進化するロングセラーのスクエアトゥバレエパンプスです。 トレンドのツイード素材と上質な東レ人工スエードを 秋冬らしいカラーリングで組み合わせた1足。 履いたときはもちろん、脱いだときも可愛い配色にこだわりました。 ・軽量 ・3E ：ゆったりした履き心地 ・抗菌防臭機能： 気になる足のにおいを防ぐ ・アーチクッション：土踏まずを支えるアーチクッション入りで足の疲れを軽減,https://bath.fs-storage.jp/fs2cabinet/444/444230t/444230t-m-01-pl.jpg?v=1789032159,https://www.bath-ec.com/fs/bath/444230t,No.444230T /944201クロールバリエ スクエアトゥバレエパンプス (ツイード,10890 JPY,,,COULEUR VARIE,"https://bath.fs-storage.jp/fs2cabinet/444/444230t/444230t-m-02-pl.jpg?v=1789032159,https://bath.fs-storage.jp/fs2cabinet/444/444230t/444230t-m-03-pl.jpg?v=1789032159,https://bath.fs-storage.jp/fs2cabinet/444/444230t/444230t-m-04-pl.jpg?v=1789032159,https://bath.fs-storage.jp/fs2cabinet/444/444230t/444230t-m-05-pl.jpg?v=1789032159,https://bath.fs-storage.jp/fs2cabinet/444/444230t/444230t-m-06-pl.jpg?v=1789032159"
429232c,in stock,new,No.429232C クロールバリエ×ことりっぷ レースアップスリッポン 汚れたら洗濯機で丸洗いできる、ウォッシャブルシューズ「COULEUR VARIE（クロールバリエ）」と 女性に大人気の旅雑誌 ことりっぷ のコラボレーションシューズ。 指先がゆったりと作られたオブリークトゥの靴型を、甲材1枚でソフトでリラックス感のある履き心地に 仕立てたスリッポンタイプのレースアップシューズ。 少し浅めの履きこみがスニーカーほどカジュアル過ぎず、パンプスよりもかしこまらない、 楽に履けるのに程よく上品で女性らしいイメージです。 シューレースはゴム紐仕様で手を使わずにすぽんと履け、かかとを踏んで履くこともできる2WAYの仕様。 柔らかな仕立てでコンパクトに荷物に収められるので出張や旅でのセカンドシューズにもおすすめです。 秋～冬にかけてはタイツや厚手のソックスで、 春～夏はサンダル感覚で素足で履いたり、 スニーカーソックスでカジュアルにスタイリングしても◎ 一年中活躍するシューズです ・3E :ゆったりした履き心地 ・抗菌防臭機能： 気になる足のにおいを防ぐ,https://bath.fs-storage.jp/fs2cabinet/429/429232c/429232c-m-01-pl.jpg?v=1789032159,https://www.bath-ec.com/fs/bath/429232c,No.429232C クロールバリエ×ことりっぷ レースアップスリッポン●スペシャ,7920 JPY,,,COULEUR VARIE,"https://bath.fs-storage.jp/fs2cabinet/429/429232c/429232c-m-02-pl.jpg?v=1789032159,https://bath.fs-storage.jp/fs2cabinet/429/429232c/429232c-m-03-pl.jpg?v=1789032159,https://bath.fs-storage.jp/fs2cabinet/429/429232c/429232c-m-04-pl.jpg?v=1789032159,https://bath.fs-storage.jp/fs2cabinet/429/429232c/429232c-m-05-pl.jpg?v=1789032159,https://bath.fs-storage.jp/fs2cabinet/429/429232c/429232c-m-06-pl.jpg?v=1789032159"
474281,in stock,new,No.474281 クロールバリエ モカシンローファー 汚れたら洗濯機で丸洗いできる、ウォッシャブルシューズ「COULEUR VARIE（クロールバリエ）」。 長年愛されたロングセラーのモカシンローファーがリニューアルして登場。 スタイルを選ばないシンプルデザインと歩きやすさに定評があった程よい高さの2cmのソールと足裏にフィットするアーチクッションはそのままに、屈曲性と耐久性の高いモールドソールに変わり、さらに履きやすくなりました。 温もり感のある手縫いのモカステッチは、履いているうち足によく馴染みます。 インソールは取り外せる仕様 ・軽量 ・アーチクッション：土踏まずを支えるアーチクッション入りで足の疲れを軽減,https://bath.fs-storage.jp/fs2cabinet/474/474281/474281-m-01-pl.jpg?v=1789032159,https://www.bath-ec.com/fs/bath/474281,No.474281 クロールバリエ モカシンローファー【2E】●スペシャルセール※,12375 JPY,,,COULEUR VARIE,"https://bath.fs-storage.jp/fs2cabinet/474/474281/474281-m-02-pl.jpg?v=1789032159,https://bath.fs-storage.jp/fs2cabinet/474/474281/474281-m-03-pl.jpg?v=1789032159,https://bath.fs-storage.jp/fs2cabinet/474/474281/474281-m-04-pl.jpg?v=1789032159,https://bath.fs-storage.jp/fs2cabinet/474/474281/474281-m-05-pl.jpg?v=1789032159,https://bath.fs-storage.jp/fs2cabinet/474/474281/474281-m-06-pl.jpg?v=1789032159"
474281-2,in stock,new,No.474281 クロールバリエ モカシンローファー 汚れたら洗濯機で丸洗いできる、ウォッシャブルシューズ「COULEUR VARIE（クロールバリエ）」。 長年愛されたロングセラーのモカシンローファーがリニューアルして登場。 スタイルを選ばないシンプルデザインと歩きやすさに定評があった程よい高さの2cmのソールと足裏にフィットするアーチクッションはそのままに、屈曲性と耐久性の高いモールドソールに変わり、さらに履きやすくなりました。 温もり感のある手縫いのモカステッチは、履いているうち足によく馴染みます。 インソールは取り外せる仕様 ・軽量 ・アーチクッション：土踏まずを支えるアーチクッション入りで足の疲れを軽減,https://bath.fs-storage.jp/fs2cabinet/474/474281-2/474281-2-m-01-pl.jpg?v=1789032159,https://www.bath-ec.com/fs/bath/474281-2,No.474281 クロールバリエ モカシンローファー 【2E】【2026秋冬新作・新色,12375 JPY,,,COULEUR VARIE,"https://bath.fs-storage.jp/fs2cabinet/474/474281-2/474281-2-m-02-pl.jpg?v=1789032159,https://bath.fs-storage.jp/fs2cabinet/474/474281-2/474281-2-m-03-pl.jpg?v=1789032159,https://bath.fs-storage.jp/fs2cabinet/474/474281-2/474281-2-m-04-pl.jpg?v=1789032159,https://bath.fs-storage.jp/fs2cabinet/474/474281-2/474281-2-m-05-pl.jpg?v=1789032159,https://bath.fs-storage.jp/fs2cabinet/474/474281-2/474281-2-m-06-pl.jpg?v=1789032159"
474283c,in stock,new,No.474283C クロールバリエ×ことりっぷ ハイカットスニーカー 汚れたら洗濯機で丸洗いできる、ウォッシャブルシューズ「COULEUR VARIE（クロールバリエ）」。 ２泊３日の旅行でも疲れない ブーツ見えするハイカットスニーカー。 アッパーとソール、シューレースをワントーンでまとめ、 シックな印象に仕上げました。 スニーカーの歩きやすさと履き心地なのに、 カジュアルすぎず大人らしい着こなしにも溶け込みやすいシューズです。 POINT.1内側ファスナー付きで着脱しやすく、ゴム紐仕様のシューレースは足首を締めつけにくく動きやすい。 POINT.2取り外し可能なインソールはインソールだけを外して洗うこともでき、いつでも清潔に保てます。 POINT.3ソールは3.5cmの程よい高さ、底裏はグリップ力のあるラバーを採用し、滑りにくい意匠となっています。 ・3E :ゆったりした履き心地 ・抗菌防臭機能： 気になる足のにおいを防ぐ ・メッシュの中敷： サラサラ快適なメッシュ素材 ・カップインソール： 足裏に沿いやすい形状とクッション性で歩行をサポート,https://bath.fs-storage.jp/fs2cabinet/474/474283c/474283c-m-01-pl.jpg?v=1789032159,https://www.bath-ec.com/fs/bath/474283c,クロールバリエ×ことりっぷコラボ/２泊３日の旅行でも疲れないブーツ見え,5500 JPY,,,COULEUR VARIE,"https://bath.fs-storage.jp/fs2cabinet/474/474283c/474283c-m-02-pl.jpg?v=1789032159,https://bath.fs-storage.jp/fs2cabinet/474/474283c/474283c-m-03-pl.jpg?v=1789032159,https://bath.fs-storage.jp/fs2cabinet/474/474283c/474283c-m-04-pl.jpg?v=1789032159,https://bath.fs-storage.jp/fs2cabinet/474/474283c/474283c-m-05-pl.jpg?v=1789032159,https://bath.fs-storage.jp/fs2cabinet/474/474283c/474283c-m-06-pl.jpg?v=1789032159"
474285,in stock,new,No.474285 クロールバリエ厚底スリッポンスニーカー 汚れたら洗濯機で丸洗いできる、ウォッシャブルシューズ「COULEUR VARIE（クロールバリエ）」。 スポーティさを抑えた日常使いにちょうどよいシンプル、シックなスリッポンタイプのスニーカー。 サイドゴムですぽんと楽に履けます。 軽量設計で程よい厚みのソールと足裏をしっかりサポートするクッションインソールで疲れにくく快適な履き心地です。 ・軽量 ・3E :ゆったりした履き心地 ・抗菌防臭機能： 気になる足のにおいを防ぐ ・メッシュの中敷： サラサラ快適なメッシュ素材 ・カップインソール： 足裏に沿いやすい形状とクッション性で歩行をサポート,https://bath.fs-storage.jp/fs2cabinet/474/474285/474285-m-01-pl.jpg?v=1789032159,https://www.bath-ec.com/fs/bath/474285,No.474285 クロールバリエ厚底スリッポンスニーカー●スペシャルセール※返,8910 JPY,,,COULEUR VARIE,"https://bath.fs-storage.jp/fs2cabinet/474/474285/474285-m-02-pl.jpg?v=1789032159,https://bath.fs-storage.jp/fs2cabinet/474/474285/474285-m-03-pl.jpg?v=1789032159,https://bath.fs-storage.jp/fs2cabinet/474/474285/474285-m-04-pl.jpg?v=1789032159,https://bath.fs-storage.jp/fs2cabinet/474/474285/474285-m-05-pl.jpg?v=1789032159,https://bath.fs-storage.jp/fs2cabinet/474/474285/474285-m-06-pl.jpg?v=1789032159"
474286,in stock,new,No.474286 クロールバリエ 厚底レースアップスニーカー 汚れたら洗濯機で丸洗いできる、ウォッシャブルシューズ「COULEUR VARIE（クロールバリエ）」。 ゴム製のシューレースで結ばず履けるスニーカー。 アッパー材とソール、シューレースのカラートーンを合わせることできれいめコーデにもマッチしやすい仕上がりに。 軽量設計で程よい厚みのソールと足裏をしっかりサポートするクッションインソールで疲れにくく快適な履き心地です。 ・軽量 ・3E :ゆったりした履き心地 ・抗菌防臭機能： 気になる足のにおいを防ぐ ・メッシュの中敷： サラサラ快適なメッシュ素材 ・カップインソール： 足裏に沿いやすい形状とクッション性で歩行をサポート,https://bath.fs-storage.jp/fs2cabinet/474/474286/474286-m-01-pl.jpg?v=1789032159,https://www.bath-ec.com/fs/bath/474286,No.474286 クロールバリエ 厚底レースアップスニーカー●スペシャルセール,8910 JPY,,,COULEUR VARIE,"https://bath.fs-storage.jp/fs2cabinet/474/474286/474286-m-02-pl.jpg?v=1789032159,https://bath.fs-storage.jp/fs2cabinet/474/474286/474286-m-03-pl.jpg?v=1789032159,https://bath.fs-storage.jp/fs2cabinet/474/474286/474286-m-04-pl.jpg?v=1789032159,https://bath.fs-storage.jp/fs2cabinet/474/474286/474286-m-05-pl.jpg?v=1789032159,https://bath.fs-storage.jp/fs2cabinet/474/474286/474286-m-06-pl.jpg?v=1789032159"
478230c,in stock,new,No.478230C クロールバリエ×ことりっぷ 軽量ストレッチスリッポン 汚れたら洗濯機で丸洗いできる、ウォッシャブルシューズ「COULEUR VARIE（クロールバリエ）」と 女性に大人気の旅雑誌 ことりっぷ のコラボレーションシューズ。 歩くことが楽しくなる、ストレスフリーなストレッチスリッポン 甲周りは伸縮性のあるストレッチ材を、かかと周りにはゴムを使うことで 足にほどよくフィットしつつ、窮屈感のない柔らかな履き心地です。 POINT.1片足約135ｇと軽く、つま先やかかとに硬い芯が無い柔らかな仕立てでコンパクトに荷物に収まるので 出張や旅でのセカンドシューズとしてもおすすめ。 POINT.2踵を踏んでバブーシュとして履くこともできる2WAYの仕様。 POINT.3インソールは抗菌・防臭機能のあるメッシュ素材で蒸れにくく、取り外して洗うこともできて衛生的 ・軽量 ・3E :ゆったりした履き心地 ・抗菌防臭機能： 気になる足のにおいを防ぐ ・カップインソール： 足裏に沿いやすい形状とクッション性で歩行をサポート,https://bath.fs-storage.jp/fs2cabinet/478/478230c/478230c-m-01-pl.jpg?v=1789032159,https://www.bath-ec.com/fs/bath/478230c,No.478230C クロールバリエ×ことりっぷ 軽量ストレッチスリッポン ●スペ,7700 JPY,,,COULEUR VARIE,"https://bath.fs-storage.jp/fs2cabinet/478/478230c/478230c-m-02-pl.jpg?v=1789032159,https://bath.fs-storage.jp/fs2cabinet/478/478230c/478230c-m-03-pl.jpg?v=1789032159,https://bath.fs-storage.jp/fs2cabinet/478/478230c/478230c-m-04-pl.jpg?v=1789032159,https://bath.fs-storage.jp/fs2cabinet/478/478230c/478230c-m-05-pl.jpg?v=1789032159,https://bath.fs-storage.jp/fs2cabinet/478/478230c/478230c-m-06-pl.jpg?v=1789032159"
444230b,in stock,new,No.444230B /944201クロールバリエ スクエアトゥバレエパンプス 汚れたら洗濯機で丸洗いできる、ウォッシャブルシューズ「COULEUR VARIE（クロールバリエ）」。 すっきり見えるのにゆったりした履き心地と抜群のクッション性が人気。 改良を重ねながら進化するロングセラーのスクエアトゥバレエパンプスです。 煌めくグリッター素材と上質な東レ人工スエード のレイヤードでドット柄を表現しました。 存在感はあるのに同系色の組み合わせだからスタイリングも しやすい1足です ・軽量 ・3E ：ゆったりした履き心地 ・抗菌防臭機能： 気になる足のにおいを防ぐ ・アーチクッション：土踏まずを支えるアーチクッション入りで足の疲れを軽減,https://bath.fs-storage.jp/fs2cabinet/444/444230b/444230b-m-01-pl.jpg?v=1789032159,https://www.bath-ec.com/fs/bath/444230b,No.444230B /944201クロールバリエ スクエアトゥバレエパンプス (グリッタ,13860 JPY,,,COULEUR VARIE,"https://bath.fs-storage.jp/fs2cabinet/444/444230b/444230b-m-02-pl.jpg?v=1789032159,https://bath.fs-storage.jp/fs2cabinet/444/444230b/444230b-m-03-pl.jpg?v=1789032159,https://bath.fs-storage.jp/fs2cabinet/444/444230b/444230b-m-04-pl.jpg?v=1789032159,https://bath.fs-storage.jp/fs2cabinet/444/444230b/444230b-m-05-pl.jpg?v=1789032159,https://bath.fs-storage.jp/fs2cabinet/444/444230b/444230b-m-06-pl.jpg?v=1789032159"
429283,in stock,new,No.No.429283 クロールバリエ オブリークトウ クロスベルトシューズ 汚れたら洗濯機で丸洗いできる、ウォッシャブルシューズ「COULEUR VARIE（クロールバリエ）」。 指先の形に沿いやすいオブリークトゥのシルエットをややスクエア型にアレンジした程よいボリューム感のストラップシューズは 異素材使いのジグザグ状のベルクロストラップが アクセント。 ストラップはワンタッチで調整ができ、幅広・甲高の方にも、華奢な方にもフィットしやすい仕様です。 足あたりの優しい柔らかなアッパーの仕立てと軽量設計のソールでスニーカーのように 気軽に履けるのに、カジュアル過ぎず、シックな秋冬の装いにもナチュラルにマッチします。 ・3E :ゆったりした履き心地 ・メッシュの中敷： サラサラ快適なメッシュ素材 ・抗菌防臭機能： 気になる足のにおいを防ぐ,https://bath.fs-storage.jp/fs2cabinet/429/429283/429283-m-01-pl.jpg?v=1789032159,https://www.bath-ec.com/fs/bath/429283,COULEUR VARIE(クロールバリエ)No.429283 クロールバリエ オブリークトウ,4950 JPY,,,COULEUR VARIE,"https://bath.fs-storage.jp/fs2cabinet/429/429283/429283-m-02-pl.jpg?v=1789032159,https://bath.fs-storage.jp/fs2cabinet/429/429283/429283-m-03-pl.jpg?v=1789032159,https://bath.fs-storage.jp/fs2cabinet/429/429283/429283-m-04-pl.jpg?v=1789032159,https://bath.fs-storage.jp/fs2cabinet/429/429283/429283-m-05-pl.jpg?v=1789032159,https://bath.fs-storage.jp/fs2cabinet/429/429283/429283-m-06-pl.jpg?v=1789032159"
385nu,in stock,new,"No.385nu クロールバリエ 軽量 パンプス 汚れたら洗濯機で丸洗いできる、ウォッシャブルシューズ「COULEUR VARIE（クロールバリエ）」。 こちらはクロールバリエのロングセラー商品、NO,385N 軽量パンプスと同型です。 クロールバリエのメイン資材である「東レ 人工皮革スエード」をベースに、表面加工を施したスムース調の風合いが特徴。 好評のシンプルデザインと履き心地はそのままに、よりバリエーションが豊富になりました。 軽量パンプスが長年にわたって愛され続ける理由のひとつに「包み込むようなやさしい履き心地」があります。 通常より手間のかかるプラット製法を採用し、巻革を使うことによって甲材を引っ張らないため素材が足に馴染みやすく、足を包み込むような履き心地になっています。 また、ヒールをEVA×発砲ラバーで軽量化し、まるで雲の上を歩くような軽やかな足どりを実現。 インソールにはさらりとしたメッシュ素材を使用しているので、素足で履いても気持ちの良い足入れ感。 さらに、中足骨パッドが足裏の負担を分散させ快適な歩みをサポートします。 「クロールバリエ」は洗えるシューズ。 こちらのスムース調タイプも通常のスエード調タイプと同様に水洗いや洗濯機でのお手入れが可能です。 すっきりとしたシンプルデザイン。 女性らしいやや丸みのあるトゥに、程よい高さのヒール。 お出かけから、お仕事・冠婚葬祭まで大活躍間違いなし。 21cmから25.5cmまで豊富なサイズ展開をご用意しています。",https://bath.fs-storage.jp/fs2cabinet/385/385nu/385nu-m-01-pl.jpg?v=1789032159,https://www.bath-ec.com/fs/bath/385nu,No.385nu クロールバリエ 軽量パンプス【定番人気商品】(WEB/直営店限定カ,11880 JPY,,,COULEUR VARIE,"https://bath.fs-storage.jp/fs2cabinet/385/385nu/385nu-m-02-pl.jpg?v=1789032159,https://bath.fs-storage.jp/fs2cabinet/385/385nu/385nu-m-03-pl.jpg?v=1789032159,https://bath.fs-storage.jp/fs2cabinet/385/385nu/385nu-m-04-pl.jpg?v=1789032159,https://bath.fs-storage.jp/fs2cabinet/385/385nu/385nu-m-05-pl.jpg?v=1789032159,https://bath.fs-storage.jp/fs2cabinet/385/385nu/385nu-m-06-pl.jpg?v=1789032159"
474284,in stock,new,No.474284 クロールバリエ ダブルファスナーショートブーツ 汚れたら洗濯機で丸洗いできる、ウォッシャブルシューズ「COULEUR VARIE（クロールバリエ）」。 着脱のしやすさと驚きの軽さ、柔らかな履き心地で大人気のダブルファスナーショートブーツがグレードアップ。 裏材に透湿防水素材を張り合わせた仕様になって、急な雨でも中まで浸み込みにくくて安心。（完全防水ではありません） 底裏はグリップ力のあるラバーを採用し、滑りにくい意匠となっています。 普段のお買い物から旅行まで、幅広く頼れるアイテムです。 ・軽量 ・3E :ゆったりした履き心地 ・メッシュの中敷： サラサラ快適なメッシュ素材 ・カップインソール： 足裏に沿いやすい形状とクッション性で歩行をサポート,https://bath.fs-storage.jp/fs2cabinet/474/474284/474284-m-01-pl.jpg?v=1789032159,https://www.bath-ec.com/fs/bath/474284,No.474284 クロールバリエ ダブルファスナーショートブーツ●スペシャルセ,9900 JPY,,,COULEUR VARIE,"https://bath.fs-storage.jp/fs2cabinet/474/474284/474284-m-02-pl.jpg?v=1789032159,https://bath.fs-storage.jp/fs2cabinet/474/474284/474284-m-03-pl.jpg?v=1789032159,https://bath.fs-storage.jp/fs2cabinet/474/474284/474284-m-04-pl.jpg?v=1789032159,https://bath.fs-storage.jp/fs2cabinet/474/474284/474284-m-05-pl.jpg?v=1789032159,https://bath.fs-storage.jp/fs2cabinet/474/474284/474284-m-06-pl.jpg?v=1789032159"
474289,in stock,new,No.474289 クロールバリエ 軽量2wayボアショートブーツ 汚れたら洗濯機で丸洗いできる、ウォッシャブルシューズ「COULEUR VARIE（クロールバリエ）」。 人気の軽量シリーズから暖かなシープ調のボア素材が裏材の折り返しても伸ばしても履ける 2way仕様のショートブーツが登場。 背面にスリット入りで履き口が広く、足入れがスムーズ。 筒やブーツ全体が柔らかく、履き心地が良いことはもちろん、くしゅっと丸めて履き替え用に持ち運びにも便利です。 筒からつま先までボアが詰まっているので足首や甲も暖か。 ・超軽量シリーズ ・3E :ゆったりした履き心地 ・メッシュの中敷： サラサラ快適なメッシュ素材 ・中足骨パッド：足裏を支える中足骨パッド入りで疲れにくい,https://bath.fs-storage.jp/fs2cabinet/474/474289/474289-m-01-pl.jpg?v=1789032159,https://www.bath-ec.com/fs/bath/474289,No.474289 クロールバリエ 軽量2wayボアショートブーツ●スペシャルセール,7700 JPY,,,COULEUR VARIE,"https://bath.fs-storage.jp/fs2cabinet/474/474289/474289-m-02-pl.jpg?v=1789032159,https://bath.fs-storage.jp/fs2cabinet/474/474289/474289-m-03-pl.jpg?v=1789032159,https://bath.fs-storage.jp/fs2cabinet/474/474289/474289-m-04-pl.jpg?v=1789032159,https://bath.fs-storage.jp/fs2cabinet/474/474289/474289-m-05-pl.jpg?v=1789032159,https://bath.fs-storage.jp/fs2cabinet/474/474289/474289-m-06-pl.jpg?v=1789032159"
4761,in stock,new,No.4761 クロールバリエ ねこフェイス2WAYショルダーバッグ さりげない猫の顔のフォルムがキュートなショルダーバッグ。 お財布やスマートフォンなどお出かけに必要なものがコンパクトに収まります。 手提げにもできる短めのハンドルも付属した2way仕様です。 内側にはファスナーポケットがあり、天口にはマグネットボタン付き。 自立するくらいのしっかりしたマチがあるので、意外と収納も◎ 〇お手入れ時のご注意〇 やわらかいブラシなどで軽く汚れを払った後、手洗いができます。（洗濯機のご使用はお避けください） 洗剤は漂白剤、柔軟仕上げ剤、蛍光剤の入っていない中性剤をお使いください。 手洗いの際、力を入れすぎると素材の風合いを損なうことがありますので、やさしく洗ってください。 （つけおき洗いはお避けください） その後は形を整えて風通しの良い日陰で充分に乾かしてください。 （アイロンやドライヤーなどの高熱による乾燥はお避けください）,https://bath.fs-storage.jp/fs2cabinet/476/4761/4761-m-01-pl.jpg?v=1789032159,https://www.bath-ec.com/fs/bath/4761,No.4761 クロールバリエ ねこフェイス2WAYショルダーバッグ【定番人気商品,9900 JPY,,,COULEUR VARIE,"https://bath.fs-storage.jp/fs2cabinet/476/4761/4761-m-02-pl.jpg?v=1789032159,https://bath.fs-storage.jp/fs2cabinet/476/4761/4761-m-03-pl.jpg?v=1789032159,https://bath.fs-storage.jp/fs2cabinet/476/4761/4761-m-04-pl.jpg?v=1789032159,https://bath.fs-storage.jp/fs2cabinet/476/4761/4761-m-05-pl.jpg?v=1789032159,https://bath.fs-storage.jp/fs2cabinet/476/4761/4761-m-06-pl.jpg?v=1789032159"
474288,in stock,new,No.474288 クロールバリエ エコファースリッポン 汚れたら洗濯機で丸洗いできる、ウォッシャブルシューズ「COULEUR VARIE（クロールバリエ）」。 程よい高さの2cmのソールに足裏にフィットするアーチクッションと屈 曲性と耐久性の高いモールドソールで履き心地軽やかなスリッポン。 フロント全面にあしらった温かみのあるふわふわのファーが季節感を演 出してくれます。 インソールは取り外せる仕様 ・軽量 ・アーチクッション：土踏まずを支えるアーチクッション入りで足の疲れを軽減,https://bath.fs-storage.jp/fs2cabinet/474/474288/474288-m-01-pl.jpg?v=1789032159,https://www.bath-ec.com/fs/bath/474288,人気のモカシン×フェイクファーNo.474288 クロールバリエ エコファースリ,7700 JPY,,,COULEUR VARIE,"https://bath.fs-storage.jp/fs2cabinet/474/474288/474288-m-02-pl.jpg?v=1789032159,https://bath.fs-storage.jp/fs2cabinet/474/474288/474288-m-03-pl.jpg?v=1789032159,https://bath.fs-storage.jp/fs2cabinet/474/474288/474288-m-04-pl.jpg?v=1789032159,https://bath.fs-storage.jp/fs2cabinet/474/474288/474288-m-05-pl.jpg?v=1789032159,https://bath.fs-storage.jp/fs2cabinet/474/474288/474288-m-06-pl.jpg?v=1789032159"
478830,in stock,new,No.478830 バスクラフト カラーオーダー サンダル 【在庫販売】 百貨店・直営店で大好評の「BATH CRAFT（バスクラフト）カラーオーダー シリーズ」の新作サンダル。 カラーオーダーの受注は終了しましたが、大好評のため、すぐお手元にお届けできる 数量限定の在庫販売となって再登場しました。 フロントでクロスする太めのクロスベルトは、足元を華奢にみせながらもしっかり足をホールド。 適度なヒールの高さとクッション性で歩きやすいサンダルです。 カジュアルでもきれいめファッションでも似合うデザインですが ミュールタイプでさっと脱ぎ履きができて楽らく。 のんびりと過ごす休日にもおすすめです。 ゆったり3Eワイズの足幅でのびのび履いていただけます。 素材は皮革と相違ないシボ（シワ）感と上質感を損なわずに 本格的な味わいが楽しめる高級人工皮革を使用しており、 皮革よりお手入れが簡単なのも嬉しいポイントです。,https://bath.fs-storage.jp/fs2cabinet/478/478830/478830-m-01-pl.jpg?v=1789032159,https://www.bath-ec.com/fs/bath/478830,"No.478830 バスクラフト カラーオーダー サンダル 【在庫販売】(幅調整,ワ",4400 JPY,,,COULEUR VARIE,"https://bath.fs-storage.jp/fs2cabinet/478/478830/478830-m-02-pl.jpg?v=1789032159,https://bath.fs-storage.jp/fs2cabinet/478/478830/478830-m-03-pl.jpg?v=1789032159,https://bath.fs-storage.jp/fs2cabinet/478/478830/478830-m-04-pl.jpg?v=1789032159,https://bath.fs-storage.jp/fs2cabinet/478/478830/478830-m-05-pl.jpg?v=1789032159,https://bath.fs-storage.jp/fs2cabinet/478/478830/478830-m-06-pl.jpg?v=1789032159"
474230r,in stock,new,No.474230R クロールバリエ 3way着せ替えシューズ 汚れたら洗濯機で丸洗いできる、ウォッシャブルシューズ「COULEUR VARIE（クロールバリエ）」。 足がすっきりと美しく見えるオペラデザインのシューズ。 取り外し可能なグログラン素材のリボンとビット金具の2種類の飾り付きでシーンに 合わせてシンプルにも華やかにも。飾り無しでも履ける3way。 ほどよい高さの約4ｃｍウェッジソールは軽量設計・抜群の屈曲性で歩きやすく疲れ にくい。 サイズ調整クッション付きで、足のむくみや靴下・ストッキングなどに合せて微調整 が可能です。 ・超軽量：軽さが魅力の人気シリーズ ・3E相当 ：ゆったりした履き心地 ・取り外せるインソールでいつでも清潔、サイズの微調整も可能 ・メッシュの中敷： サラサラ快適なメッシュ素材 ・インソールは土踏まずを支えるアーチクッション入りで足疲れを軽減します,https://bath.fs-storage.jp/fs2cabinet/474/474230r/474230r-m-01-pl.jpg?v=1789032159,https://www.bath-ec.com/fs/bath/474230r,No.474230R クロールバリエ 3way着せ替えシューズ (リボン付きマルチウェイ,4400 JPY,,,COULEUR VARIE,"https://bath.fs-storage.jp/fs2cabinet/474/474230r/474230r-m-02-pl.jpg?v=1789032159,https://bath.fs-storage.jp/fs2cabinet/474/474230r/474230r-m-03-pl.jpg?v=1789032159,https://bath.fs-storage.jp/fs2cabinet/474/474230r/474230r-m-04-pl.jpg?v=1789032159,https://bath.fs-storage.jp/fs2cabinet/474/474230r/474230r-m-05-pl.jpg?v=1789032159,https://bath.fs-storage.jp/fs2cabinet/474/474230r/474230r-m-06-pl.jpg?v=1789032159"
374280r,in stock,new,No.374280Rクロールバリエ 4WAY着せ替えローファー (ボアインソール付) 汚れたら洗濯機で丸洗いできる、ウォッシャブルシューズ「COULEUR VARIE（クロールバリエ）」。 クロールバリエ人気の着せ替えシューズ。 アッパーと共材のリボンと落ち着いたアンティークカラーのビット金具と存在感のあ るビジュー飾りの3種類の飾りが付いた4WAYで使えるローファーです。 外してシンプルに、付けて華やかに、表情が全く変わる4WAYのローファーに、さらに ボアカップインソールも付きました。 インソールを季節に応じて入れ替えることで1年中活躍します。 ・3E：ゆったりした履き心地 ・取り外せるインソールでいつでも清潔、サイズの微調整も可能 ・インソールは土踏まずを支えるアーチクッション入りで足疲れを軽減します。 ・メッシュの中敷き：さらっとした肌ざわりで快適,https://bath.fs-storage.jp/fs2cabinet/374/374280r/374280r-m-01-pl.jpg?v=1789032159,https://www.bath-ec.com/fs/bath/374280r,No.374280Rクロールバリエ 4WAY着せ替えローファー　(ボアインソール付)(ス,5500 JPY,,,COULEUR VARIE,"https://bath.fs-storage.jp/fs2cabinet/374/374280r/374280r-m-02-pl.jpg?v=1789032159,https://bath.fs-storage.jp/fs2cabinet/374/374280r/374280r-m-03-pl.jpg?v=1789032159,https://bath.fs-storage.jp/fs2cabinet/374/374280r/374280r-m-04-pl.jpg?v=1789032159,https://bath.fs-storage.jp/fs2cabinet/374/374280r/374280r-m-05-pl.jpg?v=1789032159,https://bath.fs-storage.jp/fs2cabinet/374/374280r/374280r-m-06-pl.jpg?v=1789032159"
411250,in stock,new,No.411250 クロールバリエ ねこショートブーツ 汚れたら洗濯機で丸洗いできる、ウォッシャブルシューズ「COULEUR VARIE（クロールバリエ）」。 サイドから覗くと大胆にねこのシルエットが現れるキュートなショートブーツ。 落ち着いたカラーリングだから可愛くなりすぎず大人らしいファッションにも溶け込みます。 程よい高さの5cmの太ヒールで履き心地に安定感があり、 サイドのファスナーで脱ぎ履きのしやすさも◎ ・抗菌防臭機能： 気になる足のにおいを防ぐ,https://bath.fs-storage.jp/fs2cabinet/411/411250/411250-m-01-pl.jpg?v=1789032159,https://www.bath-ec.com/fs/bath/411250,"No.411250 クロールバリエ ねこショートブーツ (猫,ネコ,猫シリーズ)●スペ",6600 JPY,,,COULEUR VARIE,"https://bath.fs-storage.jp/fs2cabinet/411/411250/411250-m-02-pl.jpg?v=1789032159,https://bath.fs-storage.jp/fs2cabinet/411/411250/411250-m-03-pl.jpg?v=1789032159,https://bath.fs-storage.jp/fs2cabinet/411/411250/411250-m-04-pl.jpg?v=1789032159,https://bath.fs-storage.jp/fs2cabinet/411/411250/411250-m-05-pl.jpg?v=1789032159,https://bath.fs-storage.jp/fs2cabinet/411/411250/411250-m-06-pl.jpg?v=1789032159"
474287a,in stock,new,No.474287a クロールバリエ 筒まわり調整ベルト付きショートブーツ 汚れたら洗濯機で丸洗いできる、ウォッシャブルシューズ「COULEUR VARIE（クロールバリエ）」。 内側のファスナーとサイドのベルトが、がばっと開いて着脱しやすく、筒周りが自在にアジャストできるブーツ。 程よい高さの4cmのウェッジヒールとつま先に向かって流れるように施した2本のステッチが足もとをすっきりと美しく見せてくれます。 底裏はグリップ力のあるラバーを採用し、滑りにくい意匠となっています。 また、冬にうれしいボアのカップインソールが付属。メッシュタイプの中敷と入れ替えて使えるので、長い季節お楽しみいただけます。 ・3E :ゆったりした履き心地 ・抗菌防臭機能： 気になる足のにおいを防ぐ ・メッシュの中敷： サラサラ快適なメッシュ素材 ・カップインソール： 足裏に沿いやすい形状とクッション性で歩行をサポート,https://bath.fs-storage.jp/fs2cabinet/474/474287a/474287a-m-01-pl.jpg?v=1789032159,https://www.bath-ec.com/fs/bath/474287a,No.474287a クロールバリエ 筒まわり調整ベルト付きショートブーツ●スペシ,9900 JPY,,,COULEUR VARIE,"https://bath.fs-storage.jp/fs2cabinet/474/474287a/474287a-m-02-pl.jpg?v=1789032159,https://bath.fs-storage.jp/fs2cabinet/474/474287a/474287a-m-03-pl.jpg?v=1789032159,https://bath.fs-storage.jp/fs2cabinet/474/474287a/474287a-m-04-pl.jpg?v=1789032159,https://bath.fs-storage.jp/fs2cabinet/474/474287a/474287a-m-05-pl.jpg?v=1789032159,https://bath.fs-storage.jp/fs2cabinet/474/474287a/474287a-m-06-pl.jpg?v=1789032159"
551230,in stock,new,No.551230 クロールバリエ カットワーク花刺繍パンプス 汚れたら洗濯機で丸洗いできる、ウォッシャブルシューズ「COULEUR VARIE（クロールバリエ）」。 フラワーモチーフのカットワークに刺繍をあしらった、 華やかさと程よい抜け感があるフラットシューズ スクエア型のすっきりとしたフォルムが甘くなりすぎず履きやすいデザインです。 ・3E ：ゆったりした履き心地 ・抗菌防臭機能： 気になる足のにおいを防ぐ,https://bath.fs-storage.jp/fs2cabinet/551/551230/551230-m-01-pl.jpg?v=1789032159,https://www.bath-ec.com/fs/bath/551230,No.551230 クロールバリエ カットワーク花刺繍パンプス ●スペシャルセール,4950 JPY,,,COULEUR VARIE,"https://bath.fs-storage.jp/fs2cabinet/551/551230/551230-m-02-pl.jpg?v=1789032159,https://bath.fs-storage.jp/fs2cabinet/551/551230/551230-m-03-pl.jpg?v=1789032159,https://bath.fs-storage.jp/fs2cabinet/551/551230/551230-m-04-pl.jpg?v=1789032159,https://bath.fs-storage.jp/fs2cabinet/551/551230/551230-m-05-pl.jpg?v=1789032159,https://bath.fs-storage.jp/fs2cabinet/551/551230/551230-m-06-pl.jpg?v=1789032159"
551231,in stock,new,No.551231 フラワーモチーフ ラウンドトゥパンプス 汚れたら洗濯機で丸洗いできる、ウォッシャブルシューズ「COULEUR VARIE（クロールバリエ）」。 立体感のあるフラワーモチーフを纏った可愛いらしいパンプス。 フラワーモチーフには光沢感のある素材を使ってさりげなく煌めきます。 フラットなので履きやすく、丸みを帯びたトゥ が優し気な印象です。 ・3E ：ゆったりした履き心地 ・抗菌防臭機能： 気になる足のにおいを防ぐ,https://bath.fs-storage.jp/fs2cabinet/551/551231/551231-m-01-pl.jpg?v=1789032159,https://www.bath-ec.com/fs/bath/551231,No.551231 フラワーモチーフ ラウンドトゥパンプス ●スペシャルセール※返,4950 JPY,,,COULEUR VARIE,"https://bath.fs-storage.jp/fs2cabinet/551/551231/551231-m-02-pl.jpg?v=1789032159,https://bath.fs-storage.jp/fs2cabinet/551/551231/551231-m-03-pl.jpg?v=1789032159,https://bath.fs-storage.jp/fs2cabinet/551/551231/551231-m-04-pl.jpg?v=1789032159,https://bath.fs-storage.jp/fs2cabinet/551/551231/551231-m-05-pl.jpg?v=1789032159,https://bath.fs-storage.jp/fs2cabinet/551/551231/551231-m-06-pl.jpg?v=1789032159"
578230,in stock,new,No.578230 クロールバリエ ストーン付きカットワークスリッポン 汚れたら洗濯機で丸洗いできる、ウォッシャブルシューズ「COULEUR VARIE（クロールバリエ）」。 軽量設計でスニーカーのように軽快に歩けるスリッポンシューズ。 手縫いのモカステッチが足に柔らかく馴染み、アッパーにあしらったカットワークとラインストーンが美しく涼やかな印象で シンプルデザインでも程よい華やかさをプラスしてくれる1足です。 ・軽量 ・3E ：ゆったりした履き心地 ・抗菌防臭機能： 気になる足のにおいを防ぐ ・カップインソール： 足裏に沿いやすい形状とクッション性で歩行をサポート,https://bath.fs-storage.jp/fs2cabinet/578/578230/578230-m-01-pl.jpg?v=1789032159,https://www.bath-ec.com/fs/bath/578230,No.578230 クロールバリエ ストーン付きカットワークスリッポン ●スペシャ,7700 JPY,,,COULEUR VARIE,"https://bath.fs-storage.jp/fs2cabinet/578/578230/578230-m-02-pl.jpg?v=1789032159,https://bath.fs-storage.jp/fs2cabinet/578/578230/578230-m-03-pl.jpg?v=1789032159,https://bath.fs-storage.jp/fs2cabinet/578/578230/578230-m-04-pl.jpg?v=1789032159,https://bath.fs-storage.jp/fs2cabinet/578/578230/578230-m-05-pl.jpg?v=1789032159,https://bath.fs-storage.jp/fs2cabinet/578/578230/578230-m-06-pl.jpg?v=1789032159"
544230,in stock,new,No.544230 クロールバリエ ねこ ラウンドパンプス 汚れたら洗濯機で丸洗いできる、ウォッシャブルシューズ「COULEUR VARIE（クロールバリエ）」。 つま先ゆったりのラウンド型のパンプスにねこモチーフを あしらったキュートなパンプス。 履くだけで楽しくなる遊び心のあるデザインに仕上がっています。 かかと周りは靴ずれ防止のクッション付き ・3E ：ゆったりした履き心地 ・抗菌防臭機能： 気になる足のにおいを防ぐ,https://bath.fs-storage.jp/fs2cabinet/544/544230/544230-m-01-pl.jpg?v=1789032159,https://www.bath-ec.com/fs/bath/544230,"No.544230 クロールバリエ ねこ　ラウンドパンプス　(猫,ネコ,猫シリーズ)",4950 JPY,,,COULEUR VARIE,"https://bath.fs-storage.jp/fs2cabinet/544/544230/544230-m-02-pl.jpg?v=1789032159,https://bath.fs-storage.jp/fs2cabinet/544/544230/544230-m-03-pl.jpg?v=1789032159,https://bath.fs-storage.jp/fs2cabinet/544/544230/544230-m-04-pl.jpg?v=1789032159,https://bath.fs-storage.jp/fs2cabinet/544/544230/544230-m-05-pl.jpg?v=1789032159,https://bath.fs-storage.jp/fs2cabinet/544/544230/544230-m-06-pl.jpg?v=1789032159"
544231,in stock,new,No.544231 クロールバリエ カットワークパンプス 月と星 汚れたら洗濯機で丸洗いできる、ウォッシャブルシューズ「COULEUR VARIE（クロールバリエ）」。 アッパー全体にパンチングを施したラウンドトゥのパンプスは よく見ると、パンチングが月と星の形になっているのがポイント。 素足で涼しく履いても、カラーソックスをあわせてパンチングの形を際立たせて 履くのも素敵です。 ・3E ：ゆったりした履き心地 ・抗菌防臭機能： 気になる足のにおいを防ぐ,https://bath.fs-storage.jp/fs2cabinet/544/544231/544231-m-01-pl.jpg?v=1789032159,https://www.bath-ec.com/fs/bath/544231,No.544231 クロールバリエ カットワークパンプス　月と星 ●スペシャルセー,7700 JPY,,,COULEUR VARIE,"https://bath.fs-storage.jp/fs2cabinet/544/544231/544231-m-02-pl.jpg?v=1789032159,https://bath.fs-storage.jp/fs2cabinet/544/544231/544231-m-03-pl.jpg?v=1789032159,https://bath.fs-storage.jp/fs2cabinet/544/544231/544231-m-04-pl.jpg?v=1789032159,https://bath.fs-storage.jp/fs2cabinet/544/544231/544231-m-05-pl.jpg?v=1789032159,https://bath.fs-storage.jp/fs2cabinet/544/544231/544231-m-06-pl.jpg?v=1789032159"
574231,in stock,new,No.574231 クロールバリエ 軽量カットワーク パンプス 汚れたら洗濯機で丸洗いできる、ウォッシャブルシューズ「COULEUR VARIE（クロールバリエ）」。 人気の軽量シリーズから全面に施したカットワークが軽やかで 涼しげな印象のパンプスが登場。 控えめな肌見せでつま先や踵を見せたくない時にもおすすめ。 程よい3.5cmのウェッジヒールが歩きやすさも脚長効果も叶えます。 ・超軽量：軽さが魅力の人気シリーズ ・3E相当 ：ゆったりした履き心地 ・メッシュの中敷： サラサラ快適なメッシュ素材 ・抗菌防臭機能： 気になる足のにおいを防ぐ ・中足骨パッド：足裏を支える中足骨パッド入りで疲れにくい,https://bath.fs-storage.jp/fs2cabinet/574/574231/574231-m-01-pl.jpg?v=1789032159,https://www.bath-ec.com/fs/bath/574231,No.574231 クロールバリエ 軽量カットワーク　パンプス  (軽量シリーズ)【,12870 JPY,,,COULEUR VARIE,"https://bath.fs-storage.jp/fs2cabinet/574/574231/574231-m-02-pl.jpg?v=1789032159,https://bath.fs-storage.jp/fs2cabinet/574/574231/574231-m-03-pl.jpg?v=1789032159,https://bath.fs-storage.jp/fs2cabinet/574/574231/574231-m-04-pl.jpg?v=1789032159,https://bath.fs-storage.jp/fs2cabinet/574/574231/574231-m-05-pl.jpg?v=1789032159,https://bath.fs-storage.jp/fs2cabinet/574/574231/574231-m-06-pl.jpg?v=1789032159"
574235,in stock,new,No.574235 クロールバリエ 軽量リボンパンプス 汚れたら洗濯機で丸洗いできる、ウォッシャブルシューズ「COULEUR VARIE（クロールバリエ）」。 驚くほどの軽さで、歩きやすいと人気の軽量シリーズの シーズンレスで活躍すること間違いなしのシンプルなリボンパンプス。 控えめなリボンが上品な印象でファッションのスタイルを選ばず、 エレガントにもカジュアルにも合わせやすい1足です。 取り外せるカップインソールは土踏まずを支えるアーチクッション入りで足疲れを軽減します。 ・超軽量：軽さが魅力の人気シリーズ ・3E相当 ：ゆったりした履き心地 ・カップインソール： 足裏に沿いやすい形状とクッション性で歩行をサポート ・インソールは土踏まずを支えるアーチクッション入りで足疲れを軽減します。 ・抗菌防臭機能： 気になる足のにおいを防ぐ,https://bath.fs-storage.jp/fs2cabinet/574/574235/574235-m-01-pl.jpg?v=1789032159,https://www.bath-ec.com/fs/bath/574235,No.574235 クロールバリエ 軽量リボンパンプス  (軽量シリーズ)●スペシャ,5500 JPY,,,COULEUR VARIE,"https://bath.fs-storage.jp/fs2cabinet/574/574235/574235-m-02-pl.jpg?v=1789032159,https://bath.fs-storage.jp/fs2cabinet/574/574235/574235-m-03-pl.jpg?v=1789032159,https://bath.fs-storage.jp/fs2cabinet/574/574235/574235-m-04-pl.jpg?v=1789032159,https://bath.fs-storage.jp/fs2cabinet/574/574235/574235-m-05-pl.jpg?v=1789032159,https://bath.fs-storage.jp/fs2cabinet/574/574235/574235-m-06-pl.jpg?v=1789032159"
474281c,in stock,new,No.474281C クロールバリエ×ことりっぷ モカシンローファー 汚れたら洗濯機で丸洗いできる、ウォッシャブルシューズ「COULEUR VARIE（クロールバリエ）」。 リニューアルして再登場したロングセラーのモカシンローファーと、女性に大人気の旅行ガイドブック「ことりっぷ 」 とのコラボレーション。 4 種類のガイドブックの表紙カラーのイメージに合わせた柔らかな配色の4色展開です。 長年愛され続けたスタイルを選ばないシンプルデザイン。 歩きやすさに定評のある程よい高さの2cmのソールと足裏にフィットするアーチクッションは旧型から引継ぎ、 ソールは屈曲性と耐久性の高いモールドソールにリニューアル。 温もりを感じさせる手縫いのモカステッチは、履いていくうちに足によく馴染みます。 インソールは取り外せる仕様 ・軽量 ・アーチクッション：土踏まずを支えるアーチクッション入りで足の疲れを軽減,https://bath.fs-storage.jp/fs2cabinet/474/474281c/474281c-m-01-pl.jpg?v=1789032159,https://www.bath-ec.com/fs/bath/474281c,No.474281C クロールバリエ×ことりっぷ モカシンローファー 【定番人気商,8910 JPY,,,COULEUR VARIE,"https://bath.fs-storage.jp/fs2cabinet/474/474281c/474281c-m-02-pl.jpg?v=1789032159,https://bath.fs-storage.jp/fs2cabinet/474/474281c/474281c-m-03-pl.jpg?v=1789032159,https://bath.fs-storage.jp/fs2cabinet/474/474281c/474281c-m-04-pl.jpg?v=1789032159,https://bath.fs-storage.jp/fs2cabinet/474/474281c/474281c-m-05-pl.jpg?v=1789032159,https://bath.fs-storage.jp/fs2cabinet/474/474281c/474281c-m-06-pl.jpg?v=1789032159"
444230c,in stock,new,No.444230C /944201 クロールバリエ スクエアトゥバレエパンプス (ファンシーツイード調) 汚れたら洗濯機で丸洗いできる、ウォッシャブルシューズ「COULEUR VARIE（クロールバリエ）」。 すっきり見えるのにゆったりした履き心地と抜群のクッション性が人気。 改良を重ねながら進化するロングセラーのスクエアトゥバレエパンプスです。 糸を絡ませながら織る特殊な技術で作られた、カラミ織の生地をアッパー全面に贅沢に重ね合わせることで レースのような独特の透け感と立体感が印象的なファンシーツイード調に仕上げました。 ・軽量 ・3E ：ゆったりした履き心地 ・抗菌防臭機能： 気になる足のにおいを防ぐ ・アーチクッション：土踏まずを支えるアーチクッション入りで足の疲れを軽減,https://bath.fs-storage.jp/fs2cabinet/444/444230c/444230c-m-01-pl.jpg?v=1789032159,https://www.bath-ec.com/fs/bath/444230c,No.444230C /944201 クロールバリエ スクエアトゥバレエパンプス (ファンシ,8910 JPY,,,COULEUR VARIE,"https://bath.fs-storage.jp/fs2cabinet/444/444230c/444230c-m-02-pl.jpg?v=1789032159,https://bath.fs-storage.jp/fs2cabinet/444/444230c/444230c-m-03-pl.jpg?v=1789032159,https://bath.fs-storage.jp/fs2cabinet/444/444230c/444230c-m-04-pl.jpg?v=1789032159,https://bath.fs-storage.jp/fs2cabinet/444/444230c/444230c-m-05-pl.jpg?v=1789032159,https://bath.fs-storage.jp/fs2cabinet/444/444230c/444230c-m-06-pl.jpg?v=1789032159"
574230,in stock,new,No.574230 クロールバリエ 軽量 厚底ニットローファー 汚れたら洗濯機で丸洗いできる、ウォッシャブルシューズ「COULEUR VARIE（クロールバリエ）」。 足あたりの柔らかなニット素材で仕上げたローファーは 厚底ソールで脚長効果を叶えつつ、驚くほど高い屈曲性と軽量設計で疲れにくく、 たくさん歩く日に頼もしい1足です。 取り外せるカップインソールは土踏まずを支えるアーチクッション入りで足疲れを軽減します。 ・軽量 ・3E :ゆったりした履き心地 ・抗菌防臭機能： 気になる足のにおいを防ぐ ・メッシュの中敷： サラサラ快適なメッシュ素材 ・カップインソール： 足裏に沿いやすい形状とクッション性で歩行をサポート,https://bath.fs-storage.jp/fs2cabinet/574/574230/574230-m-01-pl.jpg?v=1789032159,https://www.bath-ec.com/fs/bath/574230,"No.574230 クロールバリエ 軽量 厚底ニットローファー  (軽量シリーズ,スニ",6930 JPY,,,COULEUR VARIE,"https://bath.fs-storage.jp/fs2cabinet/574/574230/574230-m-02-pl.jpg?v=1789032159,https://bath.fs-storage.jp/fs2cabinet/574/574230/574230-m-03-pl.jpg?v=1789032159,https://bath.fs-storage.jp/fs2cabinet/574/574230/574230-m-04-pl.jpg?v=1789032159,https://bath.fs-storage.jp/fs2cabinet/574/574230/574230-m-05-pl.jpg?v=1789032159,https://bath.fs-storage.jp/fs2cabinet/574/574230/574230-m-06-pl.jpg?v=1789032159"
574236,in stock,new,No.574236 クロールバリエ 幅が調整できる軽量クロスオープントゥパンプス 汚れたら洗濯機で丸洗いできる、ウォッシャブルシューズ「COULEUR VARIE（クロールバリエ）」。 面テープで自在にワイズが調整できる軽量パンプスの 足もとをよりすっきり見せてくれるクロスデザインが新登場。 足型に合わせて面テープで細かな微調整ができるありそうでなかったパンプスです。 ・超軽量シリーズ ・幅調整可能 ・3E :ゆったりした履き心地 ・抗菌防臭機能： 気になる足のにおいを防ぐ ・中足骨パッド：足裏を支える中足骨パッド入りで疲れにくい,https://bath.fs-storage.jp/fs2cabinet/574/574236/574236-m-01-pl.jpg?v=1789032159,https://www.bath-ec.com/fs/bath/574236,No.574236 クロールバリエ 幅が調整できる軽量クロスオープントゥパンプス,5940 JPY,,,COULEUR VARIE,"https://bath.fs-storage.jp/fs2cabinet/574/574236/574236-m-02-pl.jpg?v=1789032159,https://bath.fs-storage.jp/fs2cabinet/574/574236/574236-m-03-pl.jpg?v=1789032159,https://bath.fs-storage.jp/fs2cabinet/574/574236/574236-m-04-pl.jpg?v=1789032159,https://bath.fs-storage.jp/fs2cabinet/574/574236/574236-m-05-pl.jpg?v=1789032159,https://bath.fs-storage.jp/fs2cabinet/574/574236/574236-m-06-pl.jpg?v=1789032159"
574237,in stock,new,No.574237 クロールバリエ 幅が調整できるオープントゥシューズ 汚れたら洗濯機で丸洗いできる、ウォッシャブルシューズ「COULEUR VARIE（クロールバリエ）」。 昨シーズン大人気だった 面テープで自在にワイズが調整できる軽量パンプスが さらに改良を重ね、履きやすくなって新登場。 春夏らしいカラー展開とアクセントのハンドステッチが爽やかな印象。 改良ポイント ①履き口に隠しゴムをつけることで足の動きに自然に沿いやすく、締めつけにくい履き心地に。 ②かかと周りにクッションを入れ、かかとのあたりがソフトになりました。 ③足指部分の裏材をふんわりクッション材を挟んだ肌当たりの良いメッシュ材を採用し、 足指周りがよりソフトで快適な履き心地に。 ・超軽量シリーズ ・幅調整可能 ・3E :ゆったりした履き心地 ・抗菌防臭機能： 気になる足のにおいを防ぐ ・中足骨パッド：足裏を支える中足骨パッド入りで疲れにくい,https://bath.fs-storage.jp/fs2cabinet/574/574237/574237-m-01-pl.jpg?v=1789032159,https://www.bath-ec.com/fs/bath/574237,"No.574237 クロールバリエ 幅が調整できるオープントゥシューズ (幅調整,ワ",3300 JPY,,,COULEUR VARIE,"https://bath.fs-storage.jp/fs2cabinet/574/574237/574237-m-02-pl.jpg?v=1789032159,https://bath.fs-storage.jp/fs2cabinet/574/574237/574237-m-03-pl.jpg?v=1789032159,https://bath.fs-storage.jp/fs2cabinet/574/574237/574237-m-04-pl.jpg?v=1789032159,https://bath.fs-storage.jp/fs2cabinet/574/574237/574237-m-05-pl.jpg?v=1789032159,https://bath.fs-storage.jp/fs2cabinet/574/574237/574237-m-06-pl.jpg?v=1789032159"
544232,in stock,new,No.544232 クロールバリエ トリオカラー ストラップサンダル 汚れたら洗濯機で丸洗いできる、ウォッシャブルシューズ「COULEUR VARIE（クロールバリエ）」。 大胆な3色のコンビネーションカラーが印象的でアッパーのウェーブしたラインもユニークなサンダル。 カジュアルな装いも1段階アップデートしてくれる1足です。 低めの太ヒールで安定感のある履き心地です。 ・3E ：ゆったりした履き心地 ・抗菌防臭機能： 気になる足のにおいを防ぐ,https://bath.fs-storage.jp/fs2cabinet/544/544232/544232-m-01-pl.jpg?v=1789032159,https://www.bath-ec.com/fs/bath/544232,No.544232 クロールバリエ トリオカラー ストラップサンダル ●スペシャル,7700 JPY,,,COULEUR VARIE,"https://bath.fs-storage.jp/fs2cabinet/544/544232/544232-m-02-pl.jpg?v=1789032159,https://bath.fs-storage.jp/fs2cabinet/544/544232/544232-m-03-pl.jpg?v=1789032159,https://bath.fs-storage.jp/fs2cabinet/544/544232/544232-m-04-pl.jpg?v=1789032159,https://bath.fs-storage.jp/fs2cabinet/544/544232/544232-m-05-pl.jpg?v=1789032159,https://bath.fs-storage.jp/fs2cabinet/544/544232/544232-m-06-pl.jpg?v=1789032159"
544233,in stock,new,No.544233クロールバリエ ストラップリボンサンダル 汚れたら洗濯機で丸洗いできる、ウォッシャブルシューズ「COULEUR VARIE（クロールバリエ）」。 艷やかなグログラン素材の小さなリボンモチーフをボリュームたっぷり、甲全面にあしらったサンダル。 ふかふかの足裏クッションが心地良く前後のシャーリングゴムストラップで着脱もしやすい。 さまざまな足型にフィットする甲のサイド隠しゴムも履きやすさのポイントです。 ・中足骨パッド：足裏を支える中足骨パッド入りで疲れにくい ・抗菌防臭機能： 気になる足のにおいを防ぐ,https://bath.fs-storage.jp/fs2cabinet/544/544233/544233-m-01-pl.jpg?v=1789032159,https://www.bath-ec.com/fs/bath/544233,No.544233 クロールバリエ ストラップリボンサンダル  ●スペシャルセール,7700 JPY,,,COULEUR VARIE,"https://bath.fs-storage.jp/fs2cabinet/544/544233/544233-m-02-pl.jpg?v=1789032159,https://bath.fs-storage.jp/fs2cabinet/544/544233/544233-m-03-pl.jpg?v=1789032159,https://bath.fs-storage.jp/fs2cabinet/544/544233/544233-m-04-pl.jpg?v=1789032159,https://bath.fs-storage.jp/fs2cabinet/544/544233/544233-m-05-pl.jpg?v=1789032159,https://bath.fs-storage.jp/fs2cabinet/544/544233/544233-m-06-pl.jpg?v=1789032159"
544234,in stock,new,No.544234 クロールバリエ リボンウェッジサンダル 汚れたら洗濯機で丸洗いできる、ウォッシャブルシューズ「COULEUR VARIE（クロールバリエ）」。 高さを感じさせない安定感のあるウェッジヒールとふかふかの足裏クッションが人気のサンダル。 アッパーの3つ連なるリボンモチーフがポイント。 ボリュームを抑えたフラットリボンだから甘すぎずフェミニンなコーディネートにはもちろん、 カジュアルコーデのアクセントとして合わせるのも素敵です。 甲ストラップの隠しゴムでさまざまな足型にフィットしやすく、着脱しやすい仕様です。 ・抗菌防臭機能： 気になる足のにおいを防ぐ ・中足骨パッド：足裏を支える中足骨パッド入りで疲れにくい,https://bath.fs-storage.jp/fs2cabinet/544/544234/544234-m-01-pl.jpg?v=1789032159,https://www.bath-ec.com/fs/bath/544234,No.544234 クロールバリエ リボンウェッジサンダル ●スペシャルセール※返,7700 JPY,,,COULEUR VARIE,"https://bath.fs-storage.jp/fs2cabinet/544/544234/544234-m-02-pl.jpg?v=1789032159,https://bath.fs-storage.jp/fs2cabinet/544/544234/544234-m-03-pl.jpg?v=1789032159,https://bath.fs-storage.jp/fs2cabinet/544/544234/544234-m-04-pl.jpg?v=1789032159,https://bath.fs-storage.jp/fs2cabinet/544/544234/544234-m-05-pl.jpg?v=1789032159,https://bath.fs-storage.jp/fs2cabinet/544/544234/544234-m-06-pl.jpg?v=1789032159"
10063c,in stock,new,No.10063C クロールバリエ×ことりっぷ 2WAY キューブバッグ クロールバリエでロングセラーの2WAYキューブバッグと、女性に大人気の旅行ガイドブック「ことりっぷ 」 とのコラボレーション。 4種類のガイドブックの表紙カラーのイメージに合わせた柔らかな配色の4色展開です。 ころんと可愛い小ぶりなサイズですが しっかりとしたマチ幅があるので 携帯やポーチ・お財布等の必需品もきちんと収納。 しかも、ハンドルと同色のパスケース付き。 しなやかで柔らかな東レの人工皮革スエードを使用しているので マチ部分を畳んでスーツケースに入れて持ち運びもできます。 ガバっと大きく口が開くダブルファスナー仕様で、物の出し入れもスムーズです。 ウォッシャブル素材なので、雨の日にも気兼ねなくお使いいただけます。 ※お手入れの際は、丸洗いは避けて部分洗いをしてください。,https://bath.fs-storage.jp/fs2cabinet/100/10063c/10063c-m-01-pl.jpg?v=1789032159,https://www.bath-ec.com/fs/bath/10063c,No.10063C クロールバリエ×ことりっぷ 2WAY キューブバッグ 【定番人気商,8910 JPY,,,COULEUR VARIE,"https://bath.fs-storage.jp/fs2cabinet/100/10063c/10063c-m-02-pl.jpg?v=1789032159,https://bath.fs-storage.jp/fs2cabinet/100/10063c/10063c-m-03-pl.jpg?v=1789032159,https://bath.fs-storage.jp/fs2cabinet/100/10063c/10063c-m-04-pl.jpg?v=1789032159,https://bath.fs-storage.jp/fs2cabinet/100/10063c/10063c-m-05-pl.jpg?v=1789032159,https://bath.fs-storage.jp/fs2cabinet/100/10063c/10063c-m-06-pl.jpg?v=1789032159"
10065,in stock,new,No.10065 クロールバリエ リボンバレエ刺繍 帆布トートバッグ バレエシューズモチーフとCOULEURVARIEのロゴが大きくアップリケ刺繍されたキュートな帆布製のトートバッグ。 アップリケ部分はクロールバリエのロングセラーアイテムのシークレットヒールバレエシューズがモチーフで シューズと同じ東レ人工スエード素材を使用しています。 約13cmのマチ付きでA4サイズがすっぽり入る使いやすいサイズ感 大容量で便利な内ポケットが2つ付き。,https://bath.fs-storage.jp/fs2cabinet/100/10065/10065-m-01-pl.jpg?v=1789032159,https://www.bath-ec.com/fs/bath/10065,No.10065 クロールバリエ リボンバレエ刺繍　帆布トートバッグ 【定番人気,7920 JPY,,,COULEUR VARIE,"https://bath.fs-storage.jp/fs2cabinet/100/10065/10065-m-02-pl.jpg?v=1789032159,https://bath.fs-storage.jp/fs2cabinet/100/10065/10065-m-03-pl.jpg?v=1789032159,https://bath.fs-storage.jp/fs2cabinet/100/10065/10065-m-04-pl.jpg?v=1789032159,https://bath.fs-storage.jp/fs2cabinet/100/10065/10065-m-05-pl.jpg?v=1789032159,https://bath.fs-storage.jp/fs2cabinet/100/10065/10065-m-06-pl.jpg?v=1789032159"
574234c,out of stock,new,No.574234C クロールバリエ×ことりっぷ 幅が調整できる厚底ストラップサンダル 汚れたら洗濯機で丸洗いできる、ウォッシャブルシューズ「COULEUR VARIE（クロールバリエ）」。 足幅も足首も面テープで自在に調整できるクロールバリエ定番人気サンダルが パワーアップして女性に大人気の旅行ガイドブック「ことりっぷ 」 とのコラボアイテムとして登場。 今シーズンはソールに厚みを持たせてさらにクッション性がアップしています。 夏のお出かけや旅にも最適の1足です。 ・軽量 ・3E相当 ：ゆったりした履き心地 ・フットベッド：足裏に沿った立体的な中敷きが足指のおさまりを良くし軽快な歩行をサポート ・接触冷感中敷き,https://bath.fs-storage.jp/fs2cabinet/574/574234c/574234c-m-01-pl.jpg?v=1789032159,https://www.bath-ec.com/fs/bath/574234c,No.574234C クロールバリエ×ことりっぷ　幅が調整できる厚底ストラップサ,5500 JPY,,,COULEUR VARIE,"https://bath.fs-storage.jp/fs2cabinet/574/574234c/574234c-m-02-pl.jpg?v=1789032159,https://bath.fs-storage.jp/fs2cabinet/574/574234c/574234c-m-03-pl.jpg?v=1789032159,https://bath.fs-storage.jp/fs2cabinet/574/574234c/574234c-m-04-pl.jpg?v=1789032159,https://bath.fs-storage.jp/fs2cabinet/574/574234c/574234c-m-05-pl.jpg?v=1789032159,https://bath.fs-storage.jp/fs2cabinet/574/574234c/574234c-m-06-pl.jpg?v=1789032159"
554101,in stock,new,No.554101 バスルーム オールウェザー レースアップスニーカー 百貨店でも大人気、大人のレインシューズでおなじみの「BATH ROOM（バスルーム）」。 急な雨でも安心のはっ水のあるニット素材を使用した人気のオールウェザースニーカーの新デザイン。 伸縮性のあるニット素材が様々な足の形にフィットしやすく、脱ぎ履きがスムーズにできるかかとの形状で、ストレスフリーに履ける1足です。 ※完全防水ではありません ・3E :ゆったりした履き心地 ・メッシュの中敷： サラサラ快適なメッシュ素材 ・カップインソール： 足裏に沿いやすい形状とクッション性で歩行をサポート ※こちらの商品は撥水仕様となっておりますが、使用状況により水がしみこむ場合がございます。 （完全防水ではありません) ※ご使用後は水分や汚れをきれいにふき取って陰干ししてください。 保管する際は直射日光を避け、湿気の少ない所で保管してください。 -撥水素材について- 本商品に使用しております生地の撥水加工はご使用中の摩擦によりご使用毎に低下していきます。 市販の撥水スプレーなどでケアしていただくことをお勧めします。,https://bath.fs-storage.jp/fs2cabinet/554/554101/554101-m-01-pl.jpg?v=1789032159,https://www.bath-ec.com/fs/bath/554101,No.554101 バスルーム　オールウェザー　レースアップスニーカー 【定番人,12870 JPY,,,COULEUR VARIE,"https://bath.fs-storage.jp/fs2cabinet/554/554101/554101-m-02-pl.jpg?v=1789032159,https://bath.fs-storage.jp/fs2cabinet/554/554101/554101-m-03-pl.jpg?v=1789032159,https://bath.fs-storage.jp/fs2cabinet/554/554101/554101-m-04-pl.jpg?v=1789032159,https://bath.fs-storage.jp/fs2cabinet/554/554101/554101-m-05-pl.jpg?v=1789032159,https://bath.fs-storage.jp/fs2cabinet/554/554101/554101-m-06-pl.jpg?v=1789032159"
574232,in stock,new,No.574232 クロールバリエ アジャスタブル ベルトサンダル 汚れたら洗濯機で丸洗いできる、ウォッシャブルシューズ「COULEUR VARIE（クロールバリエ）」。 つま先と甲、足首にかかる3本のベルト全てが面テープで調整できてさまざまな足型にフィット。 約3cmの程よいソールの厚みでクッション性も抜群の疲れ知らずのサンダルです。 中敷は接触冷感・スポーツ素材の”キュープラテ”を採用しています。 ※接触冷感の感じ方には個人差があります。 ・軽量 ・3E ：ゆったりした履き心地 ・フットベッド：足裏に沿った立体的な中敷が足指のおさまりを良くし軽快な歩行をサポート ・接触冷感性 接触冷感性のある中敷で快適,https://bath.fs-storage.jp/fs2cabinet/574/574232/574232-m-01-pl.jpg?v=1789032159,https://www.bath-ec.com/fs/bath/574232,No.574232 クロールバリエ アジャスタブル　ベルトサンダル ●スペシャルセ,4950 JPY,,,COULEUR VARIE,"https://bath.fs-storage.jp/fs2cabinet/574/574232/574232-m-02-pl.jpg?v=1789032159,https://bath.fs-storage.jp/fs2cabinet/574/574232/574232-m-03-pl.jpg?v=1789032159,https://bath.fs-storage.jp/fs2cabinet/574/574232/574232-m-04-pl.jpg?v=1789032159,https://bath.fs-storage.jp/fs2cabinet/574/574232/574232-m-05-pl.jpg?v=1789032159,https://bath.fs-storage.jp/fs2cabinet/574/574232/574232-m-06-pl.jpg?v=1789032159"
574233,in stock,new,No.574233 クロールバリエ 軽量 クロスゴムスポーティサンダル 汚れたら洗濯機で丸洗いできる、ウォッシャブルシューズ「COULEUR VARIE（クロールバリエ）」。 カジュアルになりすぎない、程よいスポーティさが品良く決まる大人にぴったりのスポーティサンダル。 足首のゴムベルトと両サイドのゴムスリットがさまざまな足型にフィットしてくれます。 甲のクロスデザインが足元すっきり見せてくれ、 足裏に沿いやすいフットベッドインソールと軽量ソールで疲れにくく履きやすい仕様。 ・軽量 ・3E ：ゆったりした履き心地 ・フットベッド：足裏に沿った立体的な中敷が足指のおさまりを良くし軽快な歩行をサポート ・接触冷感性 接触冷感性のある中敷で快適,https://bath.fs-storage.jp/fs2cabinet/574/574233/574233-m-01-pl.jpg?v=1789032159,https://www.bath-ec.com/fs/bath/574233,No.574233 クロールバリエ 軽量 クロスゴムスポーティサンダル ●スペシャ,5500 JPY,,,COULEUR VARIE,"https://bath.fs-storage.jp/fs2cabinet/574/574233/574233-m-02-pl.jpg?v=1789032159,https://bath.fs-storage.jp/fs2cabinet/574/574233/574233-m-03-pl.jpg?v=1789032159,https://bath.fs-storage.jp/fs2cabinet/574/574233/574233-m-04-pl.jpg?v=1789032159,https://bath.fs-storage.jp/fs2cabinet/574/574233/574233-m-05-pl.jpg?v=1789032159,https://bath.fs-storage.jp/fs2cabinet/574/574233/574233-m-06-pl.jpg?v=1789032159"
544235,in stock,new,No.544235 クロールバリエ ボタニカルモチーフミュール 汚れたら洗濯機で丸洗いできる、ウォッシャブルシューズ「COULEUR VARIE（クロールバリエ）」。 夏のムードを盛り上げるモンステラとハイビスカスのモチーフを大胆にあしらったサンダル。 さっと履けるミュールタイプで隠しゴムが様々な足型に沿いやすく、 シンプルな装いも履くだけで華やぐ存在感のある1足です。 ・抗菌防臭機能： 気になる足のにおいを防ぐ,https://bath.fs-storage.jp/fs2cabinet/544/544235/544235-m-01-pl.jpg?v=1789032159,https://www.bath-ec.com/fs/bath/544235,No.544235 クロールバリエ ボタニカルモチーフミュール 【2E】●スペシャル,7700 JPY,,,COULEUR VARIE,"https://bath.fs-storage.jp/fs2cabinet/544/544235/544235-m-02-pl.jpg?v=1789032159,https://bath.fs-storage.jp/fs2cabinet/544/544235/544235-m-03-pl.jpg?v=1789032159,https://bath.fs-storage.jp/fs2cabinet/544/544235/544235-m-04-pl.jpg?v=1789032159,https://bath.fs-storage.jp/fs2cabinet/544/544235/544235-m-05-pl.jpg?v=1789032159,https://bath.fs-storage.jp/fs2cabinet/544/544235/544235-m-06-pl.jpg?v=1789032159"
4762,in stock,new,No.4762 バスルーム umbrella 雨傘 レイン レディース 女性用 日本洋傘振興協議会(JUPA)が定める遮光率・遮熱指数基準を満たす洋傘用遮光・遮熱加工生地を使用し、 遮熱・遮光効果に優れた晴雨兼用傘。 日焼けや暑さ対策に日傘としても、雨傘としても使える便利なアイテムです。 開いたときのサイズが大きめなので、しっかりガードできるのが魅力です。 荷物が多い時に片手でも簡単にワンタッチで開けられるジャンプ式タイプ。,https://bath.fs-storage.jp/fs2cabinet/476/4762/4762-m-01-pl.jpg?v=1789032159,https://www.bath-ec.com/fs/bath/4762,※返品・交換不可No.4762 バスルーム ジャンプ式フリル晴雨兼用傘 umbrella,6160 JPY,,,COULEUR VARIE,"https://bath.fs-storage.jp/fs2cabinet/476/4762/4762-m-02-pl.jpg?v=1789032159,https://bath.fs-storage.jp/fs2cabinet/476/4762/4762-m-03-pl.jpg?v=1789032159,https://bath.fs-storage.jp/fs2cabinet/476/4762/4762-m-04-pl.jpg?v=1789032159,https://bath.fs-storage.jp/fs2cabinet/476/4762/4762-m-05-pl.jpg?v=1789032159,https://bath.fs-storage.jp/fs2cabinet/476/4762/4762-m-06-pl.jpg?v=1789032159"
574601,in stock,new,"雨の日も、晴れの日も。 軽やかな一歩を、〈ニューモ〉とともに。 クラリーノ〈トリベラ〉が叶えるのは、素足のような軽やかさと足にやさしく寄り添うフィット感。 そのストレスフリーな履き心地が、毎日の歩行を快適にサポートします。 高いストレッチ性とシームレスな設計で、足への負担を軽減。 長時間の歩行でも、やさしく包み込むような快適さが続きます。 さらに防水性も兼ね備え、雨の日でも安心。 天気に左右されず、いつでも晴れの日と変わらない心地よさ。 柔らかく、軽く、そして自由。 〈トリベラ〉が実現した新しいフィット感を、あなたの毎日に。 ※newmo〈ニューモ〉はウォッシャブルシューズではありません ※急な雨には対応できますが、完全防水ではありません シンプルなデザインで、カジュアルからスマートカジュアルまでシーンを選ばない汎用性の高いシューズ。 深めのVカットが足を綺麗に見せてくれます。 ・防水性のあるアッパー材 ・抗菌防臭、吸水速乾カップインソール ・足をすっきりと見せるVカット ・表材1枚使いに縫い目の少ないシームレス仕様で、肌に吸い付くような心地よい足入れ感 ・優れたストレッチ性でどんな足型にもフィットしやすい ・表面の耐久性、耐摩耗性に優れ、傷やシワを軽減 ・防水性に優れ、天候に左右されないオールウェザー対応 型番：574601 color:ブラック,グリーン,オフホワイト,シルバー,イエロー,パイソン",https://bath.fs-storage.jp/fs2cabinet/574/574601/574601-m-01-pl.jpg?v=1789032159,https://www.bath-ec.com/fs/bath/574601,NO.574601 newmo ニューモ クラリーノ オールウェザーストレッチスリッポン,12870 JPY,,,COULEUR VARIE,"https://bath.fs-storage.jp/fs2cabinet/574/574601/574601-m-02-pl.jpg?v=1789032159,https://bath.fs-storage.jp/fs2cabinet/574/574601/574601-m-03-pl.jpg?v=1789032159,https://bath.fs-storage.jp/fs2cabinet/574/574601/574601-m-04-pl.jpg?v=1789032159,https://bath.fs-storage.jp/fs2cabinet/574/574601/574601-m-05-pl.jpg?v=1789032159,https://bath.fs-storage.jp/fs2cabinet/574/574601/574601-m-06-pl.jpg?v=1789032159"
374601c,in stock,new,newmo〈ニューモ〉のオールウェザーソフトスリッポンから 女性に大人気の旅行ガイドブック「ことりっぷ 」 とのコラボレーションカラー3色が登場。 はじめて履いた瞬間から足に心地良く馴染み、靴擦れしにくい柔らかな履き口。 かかとを踏んでサンダルのように履けば、いっきにリラックスモードになるスリッポンです。 お手入れも水で濡らした布で拭くだけ。お手入れ簡単な点も魅力。 型番：374601c 他のカラーはこちら,https://bath.fs-storage.jp/fs2cabinet/374/374601c/374601c-m-01-pl.jpg?v=1789032159,https://www.bath-ec.com/fs/bath/374601c,NO.374601C newmo ニューモ×ことりっぷ　 クラリーノ　オールウェザーソフ,13860 JPY,,,COULEUR VARIE,"https://bath.fs-storage.jp/fs2cabinet/374/374601c/374601c-m-02-pl.jpg?v=1789032159,https://bath.fs-storage.jp/fs2cabinet/374/374601c/374601c-m-03-pl.jpg?v=1789032159,https://bath.fs-storage.jp/fs2cabinet/374/374601c/374601c-m-04-pl.jpg?v=1789032159,https://bath.fs-storage.jp/fs2cabinet/374/374601c/374601c-m-05-pl.jpg?v=1789032159,https://bath.fs-storage.jp/fs2cabinet/374/374601c/374601c-m-06-pl.jpg?v=1789032159"
429234,in stock,new,No.429234 クロールバリエ和柄コンビミュール サンダル(日本製・和柄・着物柄) (WEB/一部店舗限定アイテム) 汚れたら洗濯機で丸洗いできる、ウォッシャブルシューズ「COULEUR VARIE（クロールバリエ）」。 ジャガード織の光沢が美しい和柄生地をつかった日本製のミュールサンダル。 あしもとを華やかに彩ってくれます。 浴衣はもちろん、デニムなどカジュアルスタイルのアクセントとして合わせるのも素敵です。,https://bath.fs-storage.jp/fs2cabinet/429/429234/429234-m-01-pl.jpg?v=1789032159,https://www.bath-ec.com/fs/bath/429234,No.429234 クロールバリエ和柄コンビミュール サンダル(日本製・和柄・着物,3960 JPY,,,COULEUR VARIE,"https://bath.fs-storage.jp/fs2cabinet/429/429234/429234-m-02-pl.jpg?v=1789032159,https://bath.fs-storage.jp/fs2cabinet/429/429234/429234-m-03-pl.jpg?v=1789032159,https://bath.fs-storage.jp/fs2cabinet/429/429234/429234-m-04-pl.jpg?v=1789032159,https://bath.fs-storage.jp/fs2cabinet/429/429234/429234-m-05-pl.jpg?v=1789032159,https://bath.fs-storage.jp/fs2cabinet/429/429234/429234-m-06-pl.jpg?v=1789032159"
411850,in stock,new,No.411850 バスクラフト 3WAY スクエアトゥ ストラップ バレエシューズ【在庫販売】 百貨店・直営店で大好評の「BATH CRAFT（バスクラフト）カラーオーダー」シリーズ すっきりとしたスクエアトゥシルエットで、柔らかくしなやかな履き心地のバレエシューズ。 2種類のインソールにセットされたストラップでより自分に合うフィット感で楽しむことができるのも魅力。 ※甲ストラップは裏側のループから引き抜いて、ストラップ無しでも履ける3WAYの仕様です。 素材は皮革と相違ないシボ（シワ）感と上質感を損なわずに 本格的な味わいが楽しめる高級人工皮革を使用しており、 皮革よりお手入れが簡単なのも嬉しいポイントです。,https://bath.fs-storage.jp/fs2cabinet/411/411850/411850-m-01-pl.jpg?v=1789032159,https://www.bath-ec.com/fs/bath/411850,No.411850 バスクラフト 3WAY　スクエアトゥ ストラップ バレエシューズ(メ,5940 JPY,,,COULEUR VARIE,"https://bath.fs-storage.jp/fs2cabinet/411/411850/411850-m-02-pl.jpg?v=1789032159,https://bath.fs-storage.jp/fs2cabinet/411/411850/411850-m-03-pl.jpg?v=1789032159,https://bath.fs-storage.jp/fs2cabinet/411/411850/411850-m-04-pl.jpg?v=1789032159,https://bath.fs-storage.jp/fs2cabinet/411/411850/411850-m-05-pl.jpg?v=1789032159,https://bath.fs-storage.jp/fs2cabinet/411/411850/411850-m-06-pl.jpg?v=1789032159"
537202,in stock,new,No.537202 クロールバリエ ポインテッドトウ フラットパンプス ファッションを通じて新しい未来を示唆していく株式会社三越伊勢丹の「ピースdeミライ」プロジェクト。 汚れても、洗って清潔できれいに履ける「COULEUR VARIE」のシューズに リサイクル素材「ヤマサワデニム」を使用しました。 ローヒールでありながら、すっきりとしたシルエットできれいに履けるポインテッドトゥパンプスは どんなボトムスとも相性が良く、コディネートの幅が広がります。 ・ ●お手入れについて こちらの商品は製品の特性上、特殊な素材を使用しており、お手入れの際は以下の内容にご注意いただくようお願いいたします。 〈洗濯方法〉 ・常温の水で手洗いしてください。※洗剤・柔軟剤・漂白剤使用不可 ・水気を拭き取り、直射日光や高温を避け風通しの良いところで陰干ししてください。 〈お手入れ、保管について〉 ・シミの原因となりますので靴クリームやワックス類は使用しないでください。 ・水に濡れたときは乾いた布で水気を取り形を整え風通しの良い場所で陰干ししてください。,https://bath.fs-storage.jp/fs2cabinet/537/537202/537202-m-01-pl.jpg?v=1789032159,https://www.bath-ec.com/fs/bath/537202,No.537202クロールバリエ ポインテッドトウ　フラットパンプス(WEB/一部店,4950 JPY,,,COULEUR VARIE,"https://bath.fs-storage.jp/fs2cabinet/537/537202/537202-m-02-pl.jpg?v=1789032159,https://bath.fs-storage.jp/fs2cabinet/537/537202/537202-m-03-pl.jpg?v=1789032159,https://bath.fs-storage.jp/fs2cabinet/537/537202/537202-m-04-pl.jpg?v=1789032159"
529203sale4,in stock,new,No.529203 クロールバリエ ダブルストラップサンダル （No.99）のセールページです ★ ■神戸セレクション7認定■ 百貨店でも大人気! 年15000足販売のサンダル No.529203 クロールバリエ ダブルストラップサンダル （No.99） ★ 3Eタイプになってより快適にバージョンアップ ★ こちらの商品は従来のタイプ「No.99 ダブルストラップサンダル」の新モデルとなります。 ◎ご要望の多かった3E幅になりました。 ゆったり履ける3Eワイズに。人の足の形に添った包まれるような快適な履き心地感がUP。 ◎つま先部分がさらりとしたメッシュ切り替えに。 素足で触れても気持ちの良い、吸湿・吸汗・通気性に優れたメッシュを採用。 ◎クッション性のある素材をソールに使用。 地面をしっかりと蹴りだし、地面からの衝撃を緩和。 汚れたら洗濯機で丸洗いできる、ウォッシャブルシューズ「COULEUR VARIE（クロールバリエ）」。 クロールバリエ ダブルストラップサンダルは 幅広い世代の女性に愛されてきた当店人気No.1のロングセラー商品です。 人気の秘密は、丸みのあるコロンとしたつま先の形「オブリークトゥ（オブリックトゥ）」。 親指に高さがあり、足の指の流れに沿って設計されおり、 ぺたんこで3eだから幅もゆったり。 そして2本の交差するゴム製の「ダブルストラップ」が 足を優しくしっかりとホールドしてくれるので 包み込むような安定感と快適な履き心地を実現。 最大の特徴はカラフルなカラーバリエーション！ ベーシックな無地柄から、きらめきのある華やかなプリントタイプまで、 何十種類以上もの色の中からお選びいただけます。 汗ばむ季節に嬉しい抗菌防臭効果のあるインソール、 つま先の切り替え部分には素足で触れても気持ちの良い 吸湿・吸汗・通気性に優れたメッシュを採用。 アッパー生地には軽くて通気性が良く 色あせにくい東レの人工皮革を使用しているので 1年を通して快適にお履きいただけます。 クロールバリエ自慢の多彩なカラーバリエーション、 小さいサイズの21cmから大きいサイズの25.5cmまでの幅広いサイズ展開。 あなたにぴったりな１足を探してみてくださいね。 ※プリント柄の注意点 プリント柄は個々によって柄の位置や色味が異なります。 また、製造過程で素材を引っ張るため、つま先部分が白っぽくなります。予めご了承ください。,https://bath.fs-storage.jp/fs2cabinet/529/529203sale4/529203sale4-m-01-pl.jpg?v=1789032159,https://www.bath-ec.com/fs/bath/529203sale4,No.529203/929203 クロールバリエ ダブルストラップサンダル (レディース,4950 JPY,,,COULEUR VARIE,"https://bath.fs-storage.jp/fs2cabinet/529/529203sale4/529203sale4-m-02-pl.jpg?v=1789032159,https://bath.fs-storage.jp/fs2cabinet/529/529203sale4/529203sale4-m-03-pl.jpg?v=1789032159,https://bath.fs-storage.jp/fs2cabinet/529/529203sale4/529203sale4-m-04-pl.jpg?v=1789032159,https://bath.fs-storage.jp/fs2cabinet/529/529203sale4/529203sale4-m-05-pl.jpg?v=1789032159,https://bath.fs-storage.jp/fs2cabinet/529/529203sale4/529203sale4-m-06-pl.jpg?v=1789032159"
074601sale,in stock,new,No.074601 newmoニューモ クラリーノ 厚底ストレッチスニーカーのセールページです マットブラックとブルーパープルはグレージュカラーのソールを使用しています。 カジュアルすぎない大人のスニーカー。 汚れやキズが目立ちにくく、ファッションに馴染みやすいところもポイント。 ・アッパー材防水・耐滑ソール（厨房用の靴底と同素材） ・抗菌防臭、吸湿速乾中敷 ・かかとに衝撃吸収クッション入りカップインソール ・かかとは芯がない柔らかい仕様で脱ぎ履きしやすく、擦れにくい ・踏み出しやすいローリング形状のソール ・表材1枚使いに縫い目の少ないシームレス仕様で、肌に吸い付くような心地よい足入れ感 ・優れたストレッチ性でどんな足型にもフィットしやすい ・表面の耐久性、耐摩耗性に優れ、傷やシワを軽減 ・防水性に優れ、天候に左右されないオールウェザー対応 ※「マットブラック」は生産時期の違いによって多少の色味の違いがございます。 型番：074601,https://bath.fs-storage.jp/fs2cabinet/074/074601sale/074601sale-m-01-pl.jpg?v=1789032159,https://www.bath-ec.com/fs/bath/074601sale,NO.074601 newmoニューモ  クラリーノ 厚底ストレッチスニーカー●スペシャ,4950 JPY,,,COULEUR VARIE,"https://bath.fs-storage.jp/fs2cabinet/074/074601sale/074601sale-m-02-pl.jpg?v=1789032159,https://bath.fs-storage.jp/fs2cabinet/074/074601sale/074601sale-m-03-pl.jpg?v=1789032159,https://bath.fs-storage.jp/fs2cabinet/074/074601sale/074601sale-m-04-pl.jpg?v=1789032159,https://bath.fs-storage.jp/fs2cabinet/074/074601sale/074601sale-m-05-pl.jpg?v=1789032159,https://bath.fs-storage.jp/fs2cabinet/074/074601sale/074601sale-m-06-pl.jpg?v=1789032159"
978803,in stock,new,No.978803H バスクラフト モカシンローファーと同型ですが、染色方法の違いにより足入れ感が若干異なります。 こちらは「後染め」のため、少しタイトな仕上がりとなります。 No.978803 バスクラフト 定番 モカシンローファー(レディース)【在庫販売】 歩きやすく、足に優しいシューズ「BATH CRAFT（バスクラフト）」のカラーオーダーシューズの在庫販売ページです。 カラーオーダーの受注終了のため、サイズ・カラー共に数量限定の在庫販売となります。 百貨店・直営店でも定番人気のロングセラー商品「モカシンローファー」 真っ白な靴を、京都の染色工場で職人が一足一足手染めした後染めならではの立体感のある風合い。 つや感とハリのある素材は、皮革と相違ないシボ（シワ）感と上質感が魅力。 本格的な味わいを楽しめる高級人工皮革を使用しています。 また、皮革よりお手入れが簡単なのも嬉しいポイントです。 取り外し可能なインソールにはクッション素材を貼り合わせ、優しい足あたりに。 ソフトな履き心地と返りのよさ、優しげな手縫いのモカステッチ。 どんなスタイルにも合うシンプルな大人デザインのローファーです。 ※No.978803H バスクラフト モカシンローファーと同型ですが、足入れ感と色表記が異なります。 50.ブラック=ブラック、39.ダークブラウン＝ダークブラウン、37.ストロングレッド＝ダークレッド、 140.ディープグレイッシュブルー＝グレイッシュブルー、89.グリーンティ＝ライトカーキ、 117.オリーブカーキ＝カーキ、 52.アイスグレー ＝ライトグレー、33.ネイビーブルー＝ネイビー、53.グレイッシュオーク＝オーク、1.ホワイトまたはWH.ホワイト＝ホワイト,https://bath.fs-storage.jp/fs2cabinet/978/978803/978803-m-01-pl.jpg?v=1789032159,https://www.bath-ec.com/fs/bath/978803,No.978803 バスクラフト モカシンローファー レディース【2E】●スペシャル,9900 JPY,,,COULEUR VARIE,"https://bath.fs-storage.jp/fs2cabinet/978/978803/978803-m-02-pl.jpg?v=1789032159,https://bath.fs-storage.jp/fs2cabinet/978/978803/978803-m-03-pl.jpg?v=1789032159,https://bath.fs-storage.jp/fs2cabinet/978/978803/978803-m-04-pl.jpg?v=1789032159,https://bath.fs-storage.jp/fs2cabinet/978/978803/978803-m-05-pl.jpg?v=1789032159,https://bath.fs-storage.jp/fs2cabinet/978/978803/978803-m-06-pl.jpg?v=1789032159"
378880,in stock,new,No.378880 カラーオーダー 3WAYタッセルモカシン ボア中敷つき【在庫販売】 百貨店・直営店で大好評の「BATH CRAFT（バスクラフト）カラーオーダー」シリーズ 2種類の飾り付きで、飾りを外してシンプルに、タッセル飾りやビジューベルトを付けてお洒落に、 表情が全く変わる3WAY仕様に、さらに寒い季節に嬉しいファーカップインソール付き。 季節に応じて入れ替えることで1年中活躍し、この1足で6通りのパターンを楽しめます。 素材は皮革と相違ないシボ（シワ）感と上質感を損なわずに 本格的な味わいが楽しめる高級人工皮革を使用しており、 皮革よりお手入れが簡単なのも嬉しいポイントです。,https://bath.fs-storage.jp/fs2cabinet/378/378880/378880-m-01-pl.jpg?v=1789032159,https://www.bath-ec.com/fs/bath/378880,No.378880 カラーオーダー 3WAYタッセルモカシン ボア中敷つき(フェイクフ,9900 JPY,,,COULEUR VARIE,"https://bath.fs-storage.jp/fs2cabinet/378/378880/378880-m-02-pl.jpg?v=1789032159,https://bath.fs-storage.jp/fs2cabinet/378/378880/378880-m-03-pl.jpg?v=1789032159,https://bath.fs-storage.jp/fs2cabinet/378/378880/378880-m-04-pl.jpg?v=1789032159,https://bath.fs-storage.jp/fs2cabinet/378/378880/378880-m-05-pl.jpg?v=1789032159,https://bath.fs-storage.jp/fs2cabinet/378/378880/378880-m-06-pl.jpg?v=1789032159"
551280,in stock,new,No.551280 クロールバリエ ビットモチーフ ローファー 汚れたら洗濯機で丸洗いできる、ウォッシャブルシューズ「COULEUR VARIE（クロールバリエ）」。 シャープなフォルムなのに中はゆったりでやわらかな履き心地が大人気のNo.951201 ビットモチーフ ローファーがバージョンアップして登場。 履きやすさはそのままに、ソール全体に厚みを持たせてクッション性がさらにアップしました。 合わせるファッションを選ばずシーズンレスで履けるデザインです。 ・3E ：ゆったりした履き心地 ・抗菌防臭・透湿性： 中敷は抗菌防臭・透湿性のある素材で気になるにおいやムレを軽減,https://bath.fs-storage.jp/fs2cabinet/551/551280/551280-m-01-pl.jpg?v=1789032159,https://www.bath-ec.com/fs/bath/551280,No.551280 クロールバリエ ビットモチーフ ローファー 【2026秋冬新作・新,12870 JPY,,,COULEUR VARIE,"https://bath.fs-storage.jp/fs2cabinet/551/551280/551280-m-02-pl.jpg?v=1789032159,https://bath.fs-storage.jp/fs2cabinet/551/551280/551280-m-03-pl.jpg?v=1789032159,https://bath.fs-storage.jp/fs2cabinet/551/551280/551280-m-04-pl.jpg?v=1789032159,https://bath.fs-storage.jp/fs2cabinet/551/551280/551280-m-05-pl.jpg?v=1789032159,https://bath.fs-storage.jp/fs2cabinet/551/551280/551280-m-06-pl.jpg?v=1789032159"
444230d,in stock,new,No.444230D/944201 クロールバリエ スクエアトゥバレエパンプス (ラインストーン) 【2025秋冬新作・新色】 汚れたら洗濯機で丸洗いできる、ウォッシャブルシューズ「COULEUR VARIE（クロールバリエ）」。 すっきり見えるのにゆったりした履き心地と抜群のクッション性が人気。 改良を重ねながら進化するロングセラーのスクエアトゥバレエパンプスです。 靴全面に贅沢に施されたラインストーン達が歩くたびにキラキラと煌めく、気分を上げてくれる1足です。 ワンピースやフレアスカートなどのきれいめスタイルはもちろん、 デニムのようなカジュアルスタイルに合わせてアクセントにするのもおすすめ。 ・軽量 ・3E ：ゆったりした履き心地 ・抗菌防臭機能： 気になる足のにおいを防ぐ ・アーチクッション：土踏まずを支えるアーチクッション入りで足の疲れを軽減,https://bath.fs-storage.jp/fs2cabinet/444/444230d/444230d-m-01-pl.jpg?v=1789032159,https://www.bath-ec.com/fs/bath/444230d,No.444230D/944201 クロールバリエ スクエアトゥバレエパンプス (ラインス,13860 JPY,,,COULEUR VARIE,"https://bath.fs-storage.jp/fs2cabinet/444/444230d/444230d-m-02-pl.jpg?v=1789032159,https://bath.fs-storage.jp/fs2cabinet/444/444230d/444230d-m-03-pl.jpg?v=1789032159,https://bath.fs-storage.jp/fs2cabinet/444/444230d/444230d-m-04-pl.jpg?v=1789032159,https://bath.fs-storage.jp/fs2cabinet/444/444230d/444230d-m-05-pl.jpg?v=1789032159,https://bath.fs-storage.jp/fs2cabinet/444/444230d/444230d-m-06-pl.jpg?v=1789032159"
574280,in stock,new,NO.574280 クロールバリエ 軽量切り替えフリルパンプス 【2025秋冬新作・新色】 汚れたら洗濯機で丸洗いできる、ウォッシャブルシューズ「COULEUR VARIE（クロールバリエ）」。 人気の軽量シリーズからフリルデザインとバイカラー使いが華やかでエレガントな印象のパンプスが登場。歩きやすくすっきり見える程よい3.5cm高のウェッジソールに、カップ形状のインソールでぐらつきにくく安定感も◎ ブラックのみオールブラック仕様で、ビジネスなどのオケージョンシーンでも活躍します。 ・軽量 ・3E ：ゆったりした履き心地 ・抗菌防臭機能： 気になる足のにおいを防ぐ ・メッシュの中敷： サラサラ快適なメッシュ素材 ・カップインソール： 足裏に沿いやすい形状とクッション性で歩行をサポート,https://bath.fs-storage.jp/fs2cabinet/574/574280/574280-m-01-pl.jpg?v=1789032159,https://www.bath-ec.com/fs/bath/574280,NO.574280　クロールバリエ 軽量切り替えフリルパンプス (軽量シリーズ)●,8800 JPY,,,COULEUR VARIE,"https://bath.fs-storage.jp/fs2cabinet/574/574280/574280-m-02-pl.jpg?v=1789032159,https://bath.fs-storage.jp/fs2cabinet/574/574280/574280-m-03-pl.jpg?v=1789032159,https://bath.fs-storage.jp/fs2cabinet/574/574280/574280-m-04-pl.jpg?v=1789032159,https://bath.fs-storage.jp/fs2cabinet/574/574280/574280-m-05-pl.jpg?v=1789032159,https://bath.fs-storage.jp/fs2cabinet/574/574280/574280-m-06-pl.jpg?v=1789032159"
578280,in stock,new,No.578280クロールバリエ リボン付き2WAY モカシンシューズ 汚れたら洗濯機で丸洗いできる、ウォッシャブルシューズ「COULEUR VARIE（クロールバリエ）」。 約3センチの程よい高さのヒールアップモカシンシューズ。 ラクに履けるのにすっきり見えてカジュアル過ぎず、さまざまなスタイリングにマッチします。 付け替えができるリボン飾り付きで、華やかにもシンプルにも履くことができます。 丁寧に手縫いされたモカシンは足になじみやすく、柔らかく包むような優しい履き心地です。 ・3E ：ゆったりした履き心地 ・抗菌防臭・透湿性： 中敷は抗菌防臭・透湿性のある素材で気になるにおいやムレを軽減 ・インヒール こっそり美脚効果 ・カップインソール： 足裏に沿いやすい形状とクッション性で歩行をサポート,https://bath.fs-storage.jp/fs2cabinet/578/578280/578280-m-01-pl.jpg?v=1789032159,https://www.bath-ec.com/fs/bath/578280,No.578280クロールバリエ リボン付き2WAY モカシンシューズ (飾りつきマル,14850 JPY,,,COULEUR VARIE,"https://bath.fs-storage.jp/fs2cabinet/578/578280/578280-m-02-pl.jpg?v=1789032159,https://bath.fs-storage.jp/fs2cabinet/578/578280/578280-m-03-pl.jpg?v=1789032159,https://bath.fs-storage.jp/fs2cabinet/578/578280/578280-m-04-pl.jpg?v=1789032159,https://bath.fs-storage.jp/fs2cabinet/578/578280/578280-m-05-pl.jpg?v=1789032159,https://bath.fs-storage.jp/fs2cabinet/578/578280/578280-m-06-pl.jpg?v=1789032159"
574281,in stock,new,No.574281 クロールバリエ 軽量シャーリングストラップ パンプス 汚れたら洗濯機で丸洗いできる、ウォッシャブルシューズ「COULEUR VARIE（クロールバリエ）」。 ふんわりとシャーリングを寄せた甲ストラップがポイントの人気の軽量シリーズのウェッジパンプス。 柔らかくフィットするから締めつけないのにパカパカしにくい、シンプルながらも快適さときれい見えを備えた1足です。 ヒールはすっきり見えて歩きやすい程よい3.5cmの高さ&靴ずれや気になるかかとのパカパカを軽減するクッションつき。 ・軽量 ・3E :ゆったりした履き心地 ・抗菌防臭機能： 気になる足のにおいを防ぐ ・メッシュの中敷： サラサラ快適なメッシュ素材 ・中足骨パッド：足裏を支える中足骨パッド入りで疲れにくい,https://bath.fs-storage.jp/fs2cabinet/574/574281/574281-m-01-pl.jpg?v=1789032159,https://www.bath-ec.com/fs/bath/574281,No.574281 クロールバリエ 軽量シャーリングストラップ　パンプス (メリー,12375 JPY,,,COULEUR VARIE,"https://bath.fs-storage.jp/fs2cabinet/574/574281/574281-m-02-pl.jpg?v=1789032159,https://bath.fs-storage.jp/fs2cabinet/574/574281/574281-m-03-pl.jpg?v=1789032159,https://bath.fs-storage.jp/fs2cabinet/574/574281/574281-m-04-pl.jpg?v=1789032159,https://bath.fs-storage.jp/fs2cabinet/574/574281/574281-m-05-pl.jpg?v=1789032159,https://bath.fs-storage.jp/fs2cabinet/574/574281/574281-m-06-pl.jpg?v=1789032159"
574282,in stock,new,No.574282 クロールバリエ 2WAYリボン付きスリッポン 【2025秋冬新作・新色】 汚れたら洗濯機で丸洗いできる、ウォッシャブルシューズ「COULEUR VARIE（クロールバリエ）」。 かがまず、手を使わず、すぽっとラクに脱ぎ履きできるリボン飾り付きのスリッポンシューズ。 リボン飾りは取り外すこともできシンプルなスリッポンとして履くこともできます。 ソールは歩きやすく、滑りにくい意匠のスニーカーソールを採用。シーズンレスで履ける1足です。 ・3E ：ゆったりした履き心地 ・メッシュの中敷： サラサラ快適なメッシュ素材 ・抗菌防臭機能： 気になる足のにおいを防ぐ ・カップインソール： 足裏に沿いやすい形状とクッション性で歩行をサポート ・中足骨パッド：足裏を支える中足骨パッド入りで疲れにくい,https://bath.fs-storage.jp/fs2cabinet/574/574282/574282-m-01-pl.jpg?v=1789032159,https://www.bath-ec.com/fs/bath/574282,NO.574282 クロールバリエ 2WAYリボン付きスリッポン(リボン付きマルチウェ,14850 JPY,,,COULEUR VARIE,"https://bath.fs-storage.jp/fs2cabinet/574/574282/574282-m-02-pl.jpg?v=1789032159,https://bath.fs-storage.jp/fs2cabinet/574/574282/574282-m-03-pl.jpg?v=1789032159,https://bath.fs-storage.jp/fs2cabinet/574/574282/574282-m-04-pl.jpg?v=1789032159,https://bath.fs-storage.jp/fs2cabinet/574/574282/574282-m-05-pl.jpg?v=1789032159,https://bath.fs-storage.jp/fs2cabinet/574/574282/574282-m-06-pl.jpg?v=1789032159"
574284,in stock,new,NO.574284 クロールバリエ 面ファスナーで調節できるクロスシューズ 【2025秋冬新作・新色】 汚れたら洗濯機で丸洗いできる、ウォッシャブルシューズ「COULEUR VARIE（クロールバリエ）」。 大好評の「幅が調整できるパンプス」がさらにはきやすくバージョンアップ。 Vカットのラインで足元をすっきりと見せながら足のあたりはよりソフトな履き心地に改良。 ソールも軽くかえりの良いモールドソールドになり、さらに軽やかで歩きやすい1足になりました。 サイズ調整クッション付きで、足のむくみや靴下・ストッキングなどに合せて微調整が可能です。 ・軽量 ・3E :ゆったりした履き心地 ・幅調整可能 ・抗菌防臭機能： 気になる足のにおいを防ぐ ・カップインソール： 足裏に沿いやすい形状とクッション性で歩行をサポート,https://bath.fs-storage.jp/fs2cabinet/574/574284/574284-m-01-pl.jpg?v=1789032159,https://www.bath-ec.com/fs/bath/574284,NO.574284 クロールバリエ 面ファスナーで調節できるクロスシューズ (幅調,9900 JPY,,,COULEUR VARIE,"https://bath.fs-storage.jp/fs2cabinet/574/574284/574284-m-02-pl.jpg?v=1789032159,https://bath.fs-storage.jp/fs2cabinet/574/574284/574284-m-03-pl.jpg?v=1789032159,https://bath.fs-storage.jp/fs2cabinet/574/574284/574284-m-04-pl.jpg?v=1789032159,https://bath.fs-storage.jp/fs2cabinet/574/574284/574284-m-05-pl.jpg?v=1789032159,https://bath.fs-storage.jp/fs2cabinet/574/574284/574284-m-06-pl.jpg?v=1789032159"
578281,in stock,new,No.578281 クロールバリエ ボアモカシンシューズ 【2025秋冬新作・新色】 汚れたら洗濯機で丸洗いできる、ウォッシャブルシューズ「COULEUR VARIE（クロールバリエ）」。 内側が全面ボアのモカシンシューズは暖かく、さっと履くだけで秋冬のコーデが決まる定番アイテム。 丁寧に手縫いされたモカシンが足によくなじみ、柔らかく包むような優しい履き心地です。 華奢な細リボン仕様でさり気ないかわいさも。 ・3E :ゆったりした履き心地 ・カップインソール： 足裏に沿いやすい形状とクッション性で歩行をサポート,https://bath.fs-storage.jp/fs2cabinet/578/578281/578281-m-01-pl.jpg?v=1789032159,https://www.bath-ec.com/fs/bath/578281,No.578281 クロールバリエ ボアモカシンシューズ(フェイクファーインソール,8800 JPY,,,COULEUR VARIE,"https://bath.fs-storage.jp/fs2cabinet/578/578281/578281-m-02-pl.jpg?v=1789032159,https://bath.fs-storage.jp/fs2cabinet/578/578281/578281-m-03-pl.jpg?v=1789032159,https://bath.fs-storage.jp/fs2cabinet/578/578281/578281-m-04-pl.jpg?v=1789032159,https://bath.fs-storage.jp/fs2cabinet/578/578281/578281-m-05-pl.jpg?v=1789032159,https://bath.fs-storage.jp/fs2cabinet/578/578281/578281-m-06-pl.jpg?v=1789032159"
574283,in stock,new,No.574283 クロールバリエ ニット ショートブーツ 【2025秋冬新作・新色】 汚れたら洗濯機で丸洗いできる、ウォッシャブルシューズ「COULEUR VARIE（クロールバリエ）」。 伸縮性のあるニット素材を履き口に使用した、ソックス感覚でスムーズに履けるショートブーツ。 取り外しできるカップ形状のインソールはぐらつきにくく安定感も◎ ソールは軽量でかえりの良いスニーカーソールを採用。 軽快な履き心地とシンプルなデザインで秋口から春先までロングシーズンで活躍します。 ・軽量 ・3E ：ゆったりした履き心地 ・メッシュの中敷： サラサラ快適なメッシュ素材 ・抗菌防臭機能： 気になる足のにおいを防ぐ ・カップインソール： 足裏に沿いやすい形状とクッション性で歩行をサポート ・インソールは土踏まずを支えるアーチクッション入りで足疲れを軽減します,https://bath.fs-storage.jp/fs2cabinet/574/574283/574283-m-01-pl.jpg?v=1789032159,https://www.bath-ec.com/fs/bath/574283,No.574283 クロールバリエ ニットコンビ　ショートブーツ●スペシャルセー,14850 JPY,,,COULEUR VARIE,"https://bath.fs-storage.jp/fs2cabinet/574/574283/574283-m-02-pl.jpg?v=1789032159,https://bath.fs-storage.jp/fs2cabinet/574/574283/574283-m-03-pl.jpg?v=1789032159,https://bath.fs-storage.jp/fs2cabinet/574/574283/574283-m-04-pl.jpg?v=1789032159,https://bath.fs-storage.jp/fs2cabinet/574/574283/574283-m-05-pl.jpg?v=1789032159,https://bath.fs-storage.jp/fs2cabinet/574/574283/574283-m-06-pl.jpg?v=1789032159"
578280a,in stock,new,No.578280a クロールバリエ ビジュー付き2WAYモカシンシューズ 汚れたら洗濯機で丸洗いできる、ウォッシャブルシューズ「COULEUR VARIE（クロールバリエ）」。 ビジュー飾りをプラスして華やかに、取り外してシンプルに。 気分やシーンに合わせて表情を変えられる2WAY仕様のモカシンシューズです。 内蔵された約1cmのインヒールが、さりげなくスタイルアップを叶えつつ、歩きやすさもキープ。 足元をすっきり見せてくれるのに、カジュアル過ぎない上品さも兼ね備えており、幅広いコーディネートにマッチします。 丁寧な手縫いで仕上げられたモカシンは、足に優しくフィット。 袋縫い製法により、足を包み込むような柔らかな履き心地と返りの良さを実現しました。 さらに、つま先部分に硬い芯を入れていないため、指先を締め付けることなく、長時間履いても快適。デイリーユースにもぴったりの一足です。 ・3E ：ゆったりした履き心地 ・抗菌防臭・透湿性： 中敷は抗菌防臭・透湿性のある素材で気になるにおいやムレを軽減 ・インヒール こっそり美脚効果 ・カップインソール： 足裏に沿いやすい形状とクッション性で歩行をサポート,https://bath.fs-storage.jp/fs2cabinet/578/578280a/578280a-m-01-pl.jpg?v=1789032159,https://www.bath-ec.com/fs/bath/578280a,No.578280a クロールバリエ ビジュー付き2WAYモカシンシューズ(飾りつきマ,14850 JPY,,,COULEUR VARIE,"https://bath.fs-storage.jp/fs2cabinet/578/578280a/578280a-m-02-pl.jpg?v=1789032159,https://bath.fs-storage.jp/fs2cabinet/578/578280a/578280a-m-03-pl.jpg?v=1789032159,https://bath.fs-storage.jp/fs2cabinet/578/578280a/578280a-m-04-pl.jpg?v=1789032159,https://bath.fs-storage.jp/fs2cabinet/578/578280a/578280a-m-05-pl.jpg?v=1789032159,https://bath.fs-storage.jp/fs2cabinet/578/578280a/578280a-m-06-pl.jpg?v=1789032159"
574602,in stock,new,高機能な人工皮革 にこだわって開発されたブランドnewmo 装いに合わせて表情を変える、シンプルなバレエシューズにスニーカーの快適さをプラス。 女性らしい、やや丸みを帯びたフォルムと素材が放つ光沢感、ボリュームのあるソールの組み合わせが新鮮な進化系バレエスニーカー。 ・防水性に優れ、天候に左右されないオールウェザー対応 ・優れたストレッチ性でどんな足型にもフィットしやすい ・内装材を最小限にし、縫い目を極限まで減らした仕様で柔らかな履き心地 ・トレンドの甲深デザインで、フィット感UP ・水で濡らした布で拭くだけ。お手入れ簡単。 ・表面の耐久性、耐摩耗性に優れ、傷やシワを軽減 ・抗菌防臭、吸水速乾カップインソール(メッシュ素材) 型番：574602,https://bath.fs-storage.jp/fs2cabinet/574/574602/574602-m-01-pl.jpg?v=1789032159,https://www.bath-ec.com/fs/bath/574602,NO.574602 newmo ニューモ　クラリーノ バレエスニーカー●スペシャルセー,13860 JPY,,,COULEUR VARIE,"https://bath.fs-storage.jp/fs2cabinet/574/574602/574602-m-02-pl.jpg?v=1789032159,https://bath.fs-storage.jp/fs2cabinet/574/574602/574602-m-03-pl.jpg?v=1789032159,https://bath.fs-storage.jp/fs2cabinet/574/574602/574602-m-04-pl.jpg?v=1789032159,https://bath.fs-storage.jp/fs2cabinet/574/574602/574602-m-05-pl.jpg?v=1789032159,https://bath.fs-storage.jp/fs2cabinet/574/574602/574602-m-06-pl.jpg?v=1789032159"
474281b,in stock,new,No.474281b クロールバリエ モカシンローファー(フェイクファー中敷つき)【WEB限定アイテム】 汚れたら洗濯機で丸洗いできる、ウォッシャブルシューズ「COULEUR VARIE（クロールバリエ）」。 長年愛され続けている定番モカシンローファーに、フェイクファーインソールが付属したWEB限定モデルが登場。 どんなスタイルにもマッチするシンプルなデザインと、快適な履き心地で人気の一足です。 約2cmの程よい高さのソールと、足裏に優しくフィットするアーチクッションが歩行をサポート。 さらに、旧モデルからは屈曲性と耐久性に優れたモールドソールに変わって、より軽やかで快適な履き心地にアップデート。 温もりを感じる手縫いのモカステッチは、履くほどに足に馴染み、自分だけの風合いに。 インソールを入れ替えることで冬はあたたかく、季節を問わず活躍する万能アイテムです。 ・インソールは取り外せる仕様(付属のフェイクファー中敷と入れ替え可能) ・軽量 ・アーチクッション：土踏まずを支えるアーチクッション入りで足の疲れを軽減,https://bath.fs-storage.jp/fs2cabinet/474/474281b/474281b-m-01-pl.jpg?v=1789032159,https://www.bath-ec.com/fs/bath/474281b,No.474281b クロールバリエ モカシンローファー(フェイクファー中敷つき) (,12375 JPY,,,COULEUR VARIE,"https://bath.fs-storage.jp/fs2cabinet/474/474281b/474281b-m-02-pl.jpg?v=1789032159,https://bath.fs-storage.jp/fs2cabinet/474/474281b/474281b-m-03-pl.jpg?v=1789032159,https://bath.fs-storage.jp/fs2cabinet/474/474281b/474281b-m-04-pl.jpg?v=1789032159,https://bath.fs-storage.jp/fs2cabinet/474/474281b/474281b-m-05-pl.jpg?v=1789032159,https://bath.fs-storage.jp/fs2cabinet/474/474281b/474281b-m-06-pl.jpg?v=1789032159"
374230sale,in stock,new,NO.374230 クロールバリエ 3WAY着せ替えローファー 汚れたら洗濯機で丸洗いできる、ウォッシャブルシューズ「COULEUR VARIE（クロールバリエ）」。 スクエアオフのフォルムが足をすっきりと綺麗に見せながら、つま先部分は厚みをもたせてゆったりと履ける構造のローファーです。 2種類の飾り付きで、ビットやビジューの飾りで華やかに、飾りを外せばシンプルにも。 表情の変わる 3WAYで様々なコーディネートに合わせていただけます。程よい高さの約4cmのウエッジソールは安定感も抜群です。 ・軽量： 軽さが魅力の人気シリーズ ・3E：ゆったりした履き心地 ・メッシュの中敷： サラサラ快適なメッシュ素材 ・取り外せるインソールでいつでも清潔、サイズの微調整も可能,https://bath.fs-storage.jp/fs2cabinet/374/374230sale/374230sale-m-01-pl.jpg?v=1789032159,https://www.bath-ec.com/fs/bath/374230sale,No.374230　クロールバリエ 3WAY着せ替えローファー/●スペシャルセール※,3960 JPY,,,COULEUR VARIE,"https://bath.fs-storage.jp/fs2cabinet/374/374230sale/374230sale-m-02-pl.jpg?v=1789032159,https://bath.fs-storage.jp/fs2cabinet/374/374230sale/374230sale-m-03-pl.jpg?v=1789032159,https://bath.fs-storage.jp/fs2cabinet/374/374230sale/374230sale-m-04-pl.jpg?v=1789032159,https://bath.fs-storage.jp/fs2cabinet/374/374230sale/374230sale-m-05-pl.jpg?v=1789032159,https://bath.fs-storage.jp/fs2cabinet/374/374230sale/374230sale-m-06-pl.jpg?v=1789032159"
385nsale4,in stock,new,"No.385N クロールバリエ 軽量 パンプスのセールページです ★ No.385N クロールバリエ 軽量 パンプス 汚れたら洗濯機で丸洗いできる、ウォッシャブルシューズ「COULEUR VARIE（クロールバリエ）」。 こちらはクロールバリエのロングセラー商品、 軽量パンプスNO,385のリニューアルタイプになります。 通常より手間のかかるプラット製法を採用し、 巻革を使うことによって甲材を引っ張らないため 素材が足に馴染みやすく包み込むような履き心地に。 インソールにはさらりとしたメッシュ素材を使用しているので 素足で履いても気持ちの良い足入れ感。 また、中足骨パッドが足裏の負担を分散させ快適な歩みをサポートします。 サイドのライニング(裏地)にクッション材を採用し、フィット感がアップ。 履きこみもやや浅めになり、スッキリとした印象に。 「クロールバリエ」は洗えるシューズ。 こちらのスムースタイプも通常のスエード風タイプと同様 弊社独自の開発により、水洗いや洗濯機でのお手入れが可能です。 すっきりとしたシンプルデザイン。 女性らしい丸いトゥに、程よい高さのヒール。 お出かけから、お仕事・冠婚葬祭まで大活躍間違いなし。 21cmから25.5cmまで豊富なサイズ展開をご用意しています。",https://bath.fs-storage.jp/fs2cabinet/385/385nsale4/385nsale4-m-01-pl.jpg?v=1789032159,https://www.bath-ec.com/fs/bath/385nsale4,No.385N クロールバリエ 軽量パンプス【定番人気商品】●スペシャルセール,5940 JPY,,,COULEUR VARIE,"https://bath.fs-storage.jp/fs2cabinet/385/385nsale4/385nsale4-m-02-pl.jpg?v=1789032159,https://bath.fs-storage.jp/fs2cabinet/385/385nsale4/385nsale4-m-03-pl.jpg?v=1789032159,https://bath.fs-storage.jp/fs2cabinet/385/385nsale4/385nsale4-m-04-pl.jpg?v=1789032159,https://bath.fs-storage.jp/fs2cabinet/385/385nsale4/385nsale4-m-05-pl.jpg?v=1789032159,https://bath.fs-storage.jp/fs2cabinet/385/385nsale4/385nsale4-m-06-pl.jpg?v=1789032159"
374285sale,in stock,new,No.374285 クロールバリエヒールアップ ステッチショートブーツのセールページです ★ No.374285 クロールバリエヒールアップ ステッチショートブーツ 汚れたら洗濯機で丸洗いできる、ウォッシャブルシューズ「COULEUR VARIE（クロールバリエ）」。 スクエアオフのフォルムとステッチのラインが足もとをすっきりと美しく見せてくれる内側ファスナー付きのショートブーツ。 パンツでもスカートでも合わせやすい丈感で、程よい高さの約4cmのウエッジソールは安定感も抜群です。 履き口は部分的にゴムでギャザーを寄せ、伸縮性をもたせることで歩くときの履き口の当たりを軽減してくれます。 ライニングには保温・制電機能素材 東レの を使用。 ●軽量 ●取り外せるインソールでいつでも清潔、サイズの微調整も可能 ●メッシュの中敷： サラサラ快適なメッシュ素材 ●インソールは土踏まずを支えるアーチクッション入りで足疲れを軽減します。 ●ライニングには保温・制電機能素材 東レの を使用,https://bath.fs-storage.jp/fs2cabinet/374/374285sale/374285sale-m-01-pl.jpg?v=1789032159,https://www.bath-ec.com/fs/bath/374285sale,No.374285 クロールバリエヒールアップ　ステッチショートブーツ●スペシャ,9900 JPY,,,COULEUR VARIE,"https://bath.fs-storage.jp/fs2cabinet/374/374285sale/374285sale-m-02-pl.jpg?v=1789032159,https://bath.fs-storage.jp/fs2cabinet/374/374285sale/374285sale-m-03-pl.jpg?v=1789032159,https://bath.fs-storage.jp/fs2cabinet/374/374285sale/374285sale-m-04-pl.jpg?v=1789032159,https://bath.fs-storage.jp/fs2cabinet/374/374285sale/374285sale-m-05-pl.jpg?v=1789032159,https://bath.fs-storage.jp/fs2cabinet/374/374285sale/374285sale-m-06-pl.jpg?v=1789032159"
474281sale,in stock,new,No.474281 クロールバリエ モカシンローファーのセールページです ★ No.474281 クロールバリエ モカシンローファー 汚れたら洗濯機で丸洗いできる、ウォッシャブルシューズ「COULEUR VARIE（クロールバリエ）」。 長年愛されたロングセラーのモカシンローファーがリニューアルして登場。 スタイルを選ばないシンプルデザインと歩きやすさに定評があった程よい高さの2cmのソールと足裏にフィットするアーチクッションはそのままに、屈曲性と耐久性の高いモールドソールに変わり、さらに履きやすくなりました。 温もり感のある手縫いのモカステッチは、履いているうち足によく馴染みます。 インソールは取り外せる仕様 ・軽量 ・アーチクッション：土踏まずを支えるアーチクッション入りで足の疲れを軽減,https://bath.fs-storage.jp/fs2cabinet/474/474281sale/474281sale-m-01-pl.jpg?v=1789032159,https://www.bath-ec.com/fs/bath/474281sale,No.474281 クロールバリエ モカシンローファー 【2E】●スペシャルセール※,8910 JPY,,,COULEUR VARIE,"https://bath.fs-storage.jp/fs2cabinet/474/474281sale/474281sale-m-02-pl.jpg?v=1789032159,https://bath.fs-storage.jp/fs2cabinet/474/474281sale/474281sale-m-03-pl.jpg?v=1789032159,https://bath.fs-storage.jp/fs2cabinet/474/474281sale/474281sale-m-04-pl.jpg?v=1789032159,https://bath.fs-storage.jp/fs2cabinet/474/474281sale/474281sale-m-05-pl.jpg?v=1789032159,https://bath.fs-storage.jp/fs2cabinet/474/474281sale/474281sale-m-06-pl.jpg?v=1789032159"
578280asale,in stock,new,No.578280a クロールバリエ ビジュー付き2WAYモカシンシューズのセールページです ★ No.578280a クロールバリエ ビジュー付き2WAYモカシンシューズ 汚れたら洗濯機で丸洗いできる、ウォッシャブルシューズ「COULEUR VARIE（クロールバリエ）」。 ビジュー飾りをプラスして華やかに、取り外してシンプルに。 気分やシーンに合わせて表情を変えられる2WAY仕様のモカシンシューズです。 内蔵された約1cmのインヒールが、さりげなくスタイルアップを叶えつつ、歩きやすさもキープ。 足元をすっきり見せてくれるのに、カジュアル過ぎない上品さも兼ね備えており、幅広いコーディネートにマッチします。 丁寧な手縫いで仕上げられたモカシンは、足に優しくフィット。 袋縫い製法により、足を包み込むような柔らかな履き心地と返りの良さを実現しました。 さらに、つま先部分に硬い芯を入れていないため、指先を締め付けることなく、長時間履いても快適。デイリーユースにもぴったりの一足です。 ・3E ：ゆったりした履き心地 ・抗菌防臭・透湿性： 中敷は抗菌防臭・透湿性のある素材で気になるにおいやムレを軽減 ・インヒール こっそり美脚効果 ・カップインソール： 足裏に沿いやすい形状とクッション性で歩行をサポート,https://bath.fs-storage.jp/fs2cabinet/578/578280asale/578280asale-m-01-pl.jpg?v=1789032159,https://www.bath-ec.com/fs/bath/578280asale,No.578280a クロールバリエ ビジュー付き2WAYモカシンシューズ(リボン付き,7700 JPY,,,COULEUR VARIE,
578280sale,in stock,new,No.578280クロールバリエ リボン付き2WAY モカシンシューズのセールページです ★ No.578280クロールバリエ リボン付き2WAY モカシンシューズ 汚れたら洗濯機で丸洗いできる、ウォッシャブルシューズ「COULEUR VARIE（クロールバリエ）」。 約3センチの程よい高さのヒールアップモカシンシューズ。 ラクに履けるのにすっきり見えてカジュアル過ぎず、さまざまなスタイリングにマッチします。 付け替えができるリボン飾り付きで、華やかにもシンプルにも履くことができます。 丁寧に手縫いされたモカシンは足になじみやすく、柔らかく包むような優しい履き心地です。 ・3E ：ゆったりした履き心地 ・抗菌防臭・透湿性： 中敷は抗菌防臭・透湿性のある素材で気になるにおいやムレを軽減 ・インヒール こっそり美脚効果 ・カップインソール： 足裏に沿いやすい形状とクッション性で歩行をサポート,https://bath.fs-storage.jp/fs2cabinet/578/578280sale/578280sale-m-01-pl.jpg?v=1789032159,https://www.bath-ec.com/fs/bath/578280sale,No.578280クロールバリエ リボン付き2WAY モカシンシューズ (リボン付きマ,7700 JPY,,,COULEUR VARIE,
678230,in stock,new,No.678230 クロールバリエ バイカラー パンチング モカシンシューズ 【2026春夏新作・新色】 汚れたら洗濯機で丸洗いできる、ウォッシャブルシューズ「COULEUR VARIE（クロールバリエ）」。 ホワイトカラーの人工皮革をメインに配色した爽やかな印象のモカシンシューズ。 サイドにパンチング加工を施した人工皮革を1枚使いしているから、とても柔らかく足馴染みも抜群。パンチング加工により素足でも履いても蒸れにくく、涼しく着用ができます。 ※ブラックのみブラックとの組み合わせとなります。 ・3E ゆったりとした履き心地 ・抗菌防臭機能 気になる足のニオイを防ぐ ・カップインソール 足裏に沿う形状で疲れを軽減,https://bath.fs-storage.jp/fs2cabinet/678/678230/678230-m-01-pl.jpg?v=1789032159,https://www.bath-ec.com/fs/bath/678230,No.678230 クロールバリエ バイカラーパンチングモカシンシューズ 【2026春,7700 JPY,,,COULEUR VARIE,"https://bath.fs-storage.jp/fs2cabinet/678/678230/678230-m-02-pl.jpg?v=1789032159,https://bath.fs-storage.jp/fs2cabinet/678/678230/678230-m-03-pl.jpg?v=1789032159,https://bath.fs-storage.jp/fs2cabinet/678/678230/678230-m-04-pl.jpg?v=1789032159,https://bath.fs-storage.jp/fs2cabinet/678/678230/678230-m-05-pl.jpg?v=1789032159,https://bath.fs-storage.jp/fs2cabinet/678/678230/678230-m-06-pl.jpg?v=1789032159"
651230,in stock,new,No.651230 クロールバリエ ストーン付き モカシンシューズ 【2026春夏新作・新色】 汚れたら洗濯機で丸洗いできる、ウォッシャブルシューズ「COULEUR VARIE（クロールバリエ）」。 さっと気軽に履けて毎日使いにぴったりのモカシンシューズ。 歩くたびにキラキラ光るラインストーンを贅沢に使用しています。 やや甲浅の履き口と少しヒールアップしたソールが女性らしい印象。 カジュアルな装いのポイント使いとしてもぴったりの1足です。 ・3E ゆったりとした履き心地 ・抗菌防臭機能 気になる足のニオイを防ぐ,https://bath.fs-storage.jp/fs2cabinet/651/651230/651230-m-01-pl.jpg?v=1789032159,https://www.bath-ec.com/fs/bath/651230,No.651230 クロールバリエ ストーン付き　モカシンシューズ 【2026春夏新作,7700 JPY,,,COULEUR VARIE,"https://bath.fs-storage.jp/fs2cabinet/651/651230/651230-m-02-pl.jpg?v=1789032159,https://bath.fs-storage.jp/fs2cabinet/651/651230/651230-m-03-pl.jpg?v=1789032159,https://bath.fs-storage.jp/fs2cabinet/651/651230/651230-m-04-pl.jpg?v=1789032159,https://bath.fs-storage.jp/fs2cabinet/651/651230/651230-m-05-pl.jpg?v=1789032159,https://bath.fs-storage.jp/fs2cabinet/651/651230/651230-m-06-pl.jpg?v=1789032159"
929203b,in stock,new,No.929203B クロールバリエ ダブルストラップサンダル（チュール） 汚れたら洗濯機で丸洗いできる、ウォッシャブルシューズ「COULEUR VARIE（クロールバリエ）」。 ロングセラーの ダブルストラップサンダルにチュールレース素材を部分使いした透け感の美しい特別なデザインが登場。いつものダブルストラップサンダルをよりエレガントで涼しげな印象で楽しめます。 ・3E ゆったりとした履き心地 ・軽量 軽さが魅力の人気シリーズ ・メッシュの中敷 サラサラ快適なメッシュ素材 ・抗菌防臭機能 気になる足のニオイを防ぐ,https://bath.fs-storage.jp/fs2cabinet/929/929203b/929203b-m-01-pl.jpg?v=1789032159,https://www.bath-ec.com/fs/bath/929203b,No.929203B クロールバリエ ダブルストラップサンダル（チュール） 【2026,13860 JPY,,,COULEUR VARIE,"https://bath.fs-storage.jp/fs2cabinet/929/929203b/929203b-m-02-pl.jpg?v=1789032159,https://bath.fs-storage.jp/fs2cabinet/929/929203b/929203b-m-03-pl.jpg?v=1789032159,https://bath.fs-storage.jp/fs2cabinet/929/929203b/929203b-m-04-pl.jpg?v=1789032159,https://bath.fs-storage.jp/fs2cabinet/929/929203b/929203b-m-05-pl.jpg?v=1789032159,https://bath.fs-storage.jp/fs2cabinet/929/929203b/929203b-m-06-pl.jpg?v=1789032159"
644230,in stock,new,No.644230 クロールバリエ メッシュ ミュール サンダル 【2026春夏新作・新色】 汚れたら洗濯機で丸洗いできる、ウォッシャブルシューズ「COULEUR VARIE（クロールバリエ）」。 ざっくりと編み込んだメッシュ素材が涼やかで通気性も抜群のミュールタイプのサンダル。さっと楽に履けるのに甲のベルトがしっかりと足をホールドしてくれるからパカパカすることなく快適に歩けます。つま先が隠れるデザインで足の露出も程よくカバー、ゆるやかなスクエアトゥのフォルムは足を締めつけにくくリラックス感のある履き心地です。 ・3E ゆったりとした履き心地 ・抗菌防臭・透湿性 気になる足のニオイを防ぐ,https://bath.fs-storage.jp/fs2cabinet/644/644230/644230-m-01-pl.jpg?v=1789032159,https://www.bath-ec.com/fs/bath/644230,No.644230 クロールバリエ  メッシュミュールサンダル 【2026春夏新作・新,7700 JPY,,,COULEUR VARIE,"https://bath.fs-storage.jp/fs2cabinet/644/644230/644230-m-02-pl.jpg?v=1789032159,https://bath.fs-storage.jp/fs2cabinet/644/644230/644230-m-03-pl.jpg?v=1789032159,https://bath.fs-storage.jp/fs2cabinet/644/644230/644230-m-04-pl.jpg?v=1789032159,https://bath.fs-storage.jp/fs2cabinet/644/644230/644230-m-05-pl.jpg?v=1789032159,https://bath.fs-storage.jp/fs2cabinet/644/644230/644230-m-06-pl.jpg?v=1789032159"
654130,in stock,new,No.654130 バスルーム オールウェザー ストレッチ エアーソール スリッポン 百貨店でも大人気、大人のレインシューズでおなじみの「BATH ROOM（バスルーム）」。 伸縮性のあるニット素材のアッパーを使用した、柔らかな履き心地のスリッポンタイプのスニーカー。 アッパーには撥水加工を施しており、急な雨でも安心（※完全防水ではありません）。 ソールには軽量で着地時の衝撃を吸収するエアソールを採用し、底面には部分的にラバーを配置することでグリップ力を高めています。 さらに、手を使わずにスムーズに脱ぎ履きできるかかと形状で、毎日の外出もストレスフリーにサポートします。 ・3E ゆったりとした履き心地 ・メッシュの中敷：サラサラ快適なメッシュ素材 ・カップインソール：足裏に沿う形状で疲れを軽減 ・すぽ楽,https://bath.fs-storage.jp/fs2cabinet/654/654130/654130-m-01-pl.jpg?v=1789032159,https://www.bath-ec.com/fs/bath/654130,No.654130 バスルーム オールウェザー　ストレッチ エアーソール スリッポ,13860 JPY,,,COULEUR VARIE,"https://bath.fs-storage.jp/fs2cabinet/654/654130/654130-m-02-pl.jpg?v=1789032159,https://bath.fs-storage.jp/fs2cabinet/654/654130/654130-m-03-pl.jpg?v=1789032159,https://bath.fs-storage.jp/fs2cabinet/654/654130/654130-m-04-pl.jpg?v=1789032159,https://bath.fs-storage.jp/fs2cabinet/654/654130/654130-m-05-pl.jpg?v=1789032159,https://bath.fs-storage.jp/fs2cabinet/654/654130/654130-m-06-pl.jpg?v=1789032159"
654131,in stock,new,No.654131 バスルーム オールウェザー ラウンドトゥ エアーソール スリッポン 百貨店でも大人気、大人のレインシューズでおなじみの「BATH ROOM（バスルーム）」。 伸縮性のあるニット素材のアッパーで柔らな履き心地のスリッポン。女性らしいイメージのやや甲浅デザインです。急な雨でも安心のアッパー撥水仕様。（完全防水ではありません）ソールは軽量で着地の衝撃を吸収するエアソールを採用。ソールの底面は部分的にラバーを配置していてグリップ力を高めています。 ・3E ゆったりとした履き心地 ・メッシュの中敷：サラサラ快適なメッシュ素材 ・カップインソール：足裏に沿う形状で疲れを軽減,https://bath.fs-storage.jp/fs2cabinet/654/654131/654131-m-01-pl.jpg?v=1789032159,https://www.bath-ec.com/fs/bath/654131,No.654131 バスルーム オールウェザー　ラウンドトゥ　エアーソール　スリ,12870 JPY,,,COULEUR VARIE,"https://bath.fs-storage.jp/fs2cabinet/654/654131/654131-m-02-pl.jpg?v=1789032159,https://bath.fs-storage.jp/fs2cabinet/654/654131/654131-m-03-pl.jpg?v=1789032159,https://bath.fs-storage.jp/fs2cabinet/654/654131/654131-m-04-pl.jpg?v=1789032159,https://bath.fs-storage.jp/fs2cabinet/654/654131/654131-m-05-pl.jpg?v=1789032159,https://bath.fs-storage.jp/fs2cabinet/654/654131/654131-m-06-pl.jpg?v=1789032159"
674230,in stock,new,No.674230クロールバリエ 軽量 リボン オープントゥ パンプス 【2026春夏新作・新色】 汚れたら洗濯機で丸洗いできる、ウォッシャブルシューズ「COULEUR VARIE（クロールバリエ）」。 毎日履きたくなる軽さと履きやすさのオープントゥのローウェッジパンプス。 ギャザーを寄せ、小さく結んだ可愛らしいリボンモチーフがアクセント。 屈曲性が良く、足を包みこむような優しい履き心地が人気のプラット製法を採用したシューズです。 ・プラット製法 ・3E ゆったりとした履き心地 ・軽量 軽さが魅力の人気シリーズ ・中足骨パッド 足裏のアーチを支えて疲れを軽減 ・抗菌防臭機能 気になる足のニオイを防ぐ ・メッシュの中敷 サラサラ快適なメッシュ素材,https://bath.fs-storage.jp/fs2cabinet/674/674230/674230-m-01-pl.jpg?v=1789032159,https://www.bath-ec.com/fs/bath/674230,No.674230クロールバリエ  軽量リボンオープントゥパンプス 【2026春夏新作,7700 JPY,,,COULEUR VARIE,"https://bath.fs-storage.jp/fs2cabinet/674/674230/674230-m-02-pl.jpg?v=1789032159,https://bath.fs-storage.jp/fs2cabinet/674/674230/674230-m-03-pl.jpg?v=1789032159,https://bath.fs-storage.jp/fs2cabinet/674/674230/674230-m-04-pl.jpg?v=1789032159,https://bath.fs-storage.jp/fs2cabinet/674/674230/674230-m-05-pl.jpg?v=1789032159,https://bath.fs-storage.jp/fs2cabinet/674/674230/674230-m-06-pl.jpg?v=1789032159"
674231,in stock,new,No.674231クロールバリエ 軽量 カウンター付き クロスストラップサンダル【2026春夏新作・新色】 汚れたら洗濯機で丸洗いできる、ウォッシャブルシューズ「COULEUR VARIE（クロールバリエ）」。 面ファスナーで足幅と足首部分が自在に調整できる、高い屈曲性と足を包みこむような優しい履き心地が人気のプラット製法を採用したサンダルです。 かかとが隠れる程よい肌見せデザインでサンダルが苦手な方にもおすすめ。 軽量でヒールアップしたソールは楽に履けてスタイルアップ効果も期待できます。 ・プラット製法 ・3E ゆったりとした履き心地 ・軽量 軽さが魅力の人気シリーズ ・中足骨パッド 足裏のアーチを支えて疲れを軽減 ・幅調整 面テープで自在にフィット感を調整できる ・メッシュの中敷 サラサラ快適なメッシュ素材 ・抗菌防臭機能 気になる足のニオイを防ぐ ※表材に光沢加工を施しています。(デニムカラーを除く),https://bath.fs-storage.jp/fs2cabinet/674/674231/674231-m-01-pl.jpg?v=1789032159,https://www.bath-ec.com/fs/bath/674231,No.674231クロールバリエ 軽量 カウンター付き　クロスストラップサンダル,7700 JPY,,,COULEUR VARIE,"https://bath.fs-storage.jp/fs2cabinet/674/674231/674231-m-02-pl.jpg?v=1789032159,https://bath.fs-storage.jp/fs2cabinet/674/674231/674231-m-03-pl.jpg?v=1789032159,https://bath.fs-storage.jp/fs2cabinet/674/674231/674231-m-04-pl.jpg?v=1789032159,https://bath.fs-storage.jp/fs2cabinet/674/674231/674231-m-05-pl.jpg?v=1789032159,https://bath.fs-storage.jp/fs2cabinet/674/674231/674231-m-06-pl.jpg?v=1789032159"
674232,in stock,new,No.674232クロールバリエ 軽量 厚底 グルカサンダル 【2026春夏新作・新色】 汚れたら洗濯機で丸洗いできる、ウォッシャブルシューズ「COULEUR VARIE（クロールバリエ）」。 シックなカラー展開で春先から秋口まで活躍する足を見せすぎないグルカサンダル。 素足で履くのはもちろん、シューズ感覚でソックスと合わせてスタイリングするのもおすすめ。疲れにくく、足運び軽快な軽量ソールに甲部分の面ファスナーストラップで着脱も簡単です。 ・3E ゆったりとした履き心地 ・軽量 軽さが魅力の人気シリーズ ・中足骨パッド 足裏のアーチを支えて疲れを軽減 ・フットベッド 足裏に沿った立体的な中敷が足指のおさまりを良くし軽快な歩行をサポート ・かかとクッション,https://bath.fs-storage.jp/fs2cabinet/674/674232/674232-m-01-pl.jpg?v=1789032159,https://www.bath-ec.com/fs/bath/674232,No.674232クロールバリエ 軽量 厚底　グルカサンダル 【2026春夏新作・新色,7700 JPY,,,COULEUR VARIE,"https://bath.fs-storage.jp/fs2cabinet/674/674232/674232-m-02-pl.jpg?v=1789032159,https://bath.fs-storage.jp/fs2cabinet/674/674232/674232-m-03-pl.jpg?v=1789032159,https://bath.fs-storage.jp/fs2cabinet/674/674232/674232-m-04-pl.jpg?v=1789032159,https://bath.fs-storage.jp/fs2cabinet/674/674232/674232-m-05-pl.jpg?v=1789032159,https://bath.fs-storage.jp/fs2cabinet/674/674232/674232-m-06-pl.jpg?v=1789032159"
674233,in stock,new,No.674233クロールバリエ 軽量 ダブルベルト サンダル 【2026春夏新作・新色】 汚れたら洗濯機で丸洗いできる、ウォッシャブルシューズ「COULEUR VARIE（クロールバリエ）」。 足幅部分と足首部分の両方が面ファスナーで自由に調整できてさまざまな足型にフィットしやすく自分好みのぴったりな履き心地にできるサンダル。 程よい厚底感とクッション材を挟んだアッパーはふんわり包みこまれるような履き心地です。 ・プラット製法 ・3E ゆったりとした履き心地 ・軽量 軽さが魅力の人気シリーズ ・幅調整 面テープで自在にフィット感を調整できる ・フットベッド 足裏に沿った立体的な中敷が足指のおさまりを良くし軽快な歩行をサポート ・メッシュの中敷 サラサラ快適なメッシュ素材 ・接触冷感中敷き ※表材に光沢加工を施しています。,https://bath.fs-storage.jp/fs2cabinet/674/674233/674233-m-01-pl.jpg?v=1789032159,https://www.bath-ec.com/fs/bath/674233,"No.674233クロールバリエ 軽量 ダブルベルト サンダル (幅調整,ワイズ調整,",7700 JPY,,,COULEUR VARIE,"https://bath.fs-storage.jp/fs2cabinet/674/674233/674233-m-02-pl.jpg?v=1789032159,https://bath.fs-storage.jp/fs2cabinet/674/674233/674233-m-03-pl.jpg?v=1789032159,https://bath.fs-storage.jp/fs2cabinet/674/674233/674233-m-04-pl.jpg?v=1789032159,https://bath.fs-storage.jp/fs2cabinet/674/674233/674233-m-05-pl.jpg?v=1789032159,https://bath.fs-storage.jp/fs2cabinet/674/674233/674233-m-06-pl.jpg?v=1789032159"
674234,in stock,new,No.674234クロールバリエ 軽量 厚底 ストラップ サンダル 【2026春夏新作・新色】 汚れたら洗濯機で丸洗いできる、ウォッシャブルシューズ「COULEUR VARIE（クロールバリエ）」。 約4cmの高さのウェッジソールがすっきりとした脚長シルエットを叶えながら、軽量で返りの良いソールと足を包み込むようなクッション性でスニーカーのように快適な履き心地のサンダル。 4Ｅのゆったりした足入れと甲アッパーの小さなゴムスリットが締めつけを解消し、面ファスナーのストラップで着脱も楽にできます。 ・プラット製法 ・4E ゆったりとした履き心地 ・軽量 軽さが魅力の人気シリーズ ・フットベッド 足裏に沿った立体的な中敷が足指のおさまりを良くし軽快な歩行をサポート ・メッシュの中敷 サラサラ快適なメッシュ素材 ・接触冷感中敷き ※ブラック・ブルーグリーンは表材の一部にドットフィルム、ゴールドはドット箔の光沢加工を施しています。,https://bath.fs-storage.jp/fs2cabinet/674/674234/674234-m-01-pl.jpg?v=1789032159,https://www.bath-ec.com/fs/bath/674234,No.674234クロールバリエ 軽量 厚底 ストラップ サンダル 【2026春夏新作・,7700 JPY,,,COULEUR VARIE,"https://bath.fs-storage.jp/fs2cabinet/674/674234/674234-m-02-pl.jpg?v=1789032159,https://bath.fs-storage.jp/fs2cabinet/674/674234/674234-m-03-pl.jpg?v=1789032159,https://bath.fs-storage.jp/fs2cabinet/674/674234/674234-m-04-pl.jpg?v=1789032159,https://bath.fs-storage.jp/fs2cabinet/674/674234/674234-m-05-pl.jpg?v=1789032159,https://bath.fs-storage.jp/fs2cabinet/674/674234/674234-m-06-pl.jpg?v=1789032159"
644231,in stock,new,No.644231クロールバリエ ステッチリボン ウェッジサンダル【2026春夏新作・新色】 汚れたら洗濯機で丸洗いできる、ウォッシャブルシューズ「COULEUR VARIE（クロールバリエ）」。 飾りステッチを施したボリュームのあるリボンモチーフのサンダル。 ふかふかの足裏クッションが心地良く、前後のシャーリングゴムストラップで着脱も簡単、安定感も◎。甲のサイドがゴムで広がる仕様だから甲高・幅広の方にも履きやすい。 ・プラット製法 ・3E ゆったりとした履き心地 ・中足骨パッド 足裏のアーチを支えて疲れを軽減 ・フットベッド 足裏に沿った立体的な中敷が足指のおさまりを良くし軽快な歩行をサポート ・抗菌防臭機能 気になる足のニオイを防ぐ,https://bath.fs-storage.jp/fs2cabinet/644/644231/644231-m-01-pl.jpg?v=1789032159,https://www.bath-ec.com/fs/bath/644231,No.644231クロールバリエ ステッチリボン　ウェッジサンダル【2026春夏新作,7700 JPY,,,COULEUR VARIE,"https://bath.fs-storage.jp/fs2cabinet/644/644231/644231-m-02-pl.jpg?v=1789032159,https://bath.fs-storage.jp/fs2cabinet/644/644231/644231-m-03-pl.jpg?v=1789032159,https://bath.fs-storage.jp/fs2cabinet/644/644231/644231-m-04-pl.jpg?v=1789032159,https://bath.fs-storage.jp/fs2cabinet/644/644231/644231-m-05-pl.jpg?v=1789032159,https://bath.fs-storage.jp/fs2cabinet/644/644231/644231-m-06-pl.jpg?v=1789032159"
674235,in stock,new,No.674235 クロールバリエ 厚底カウンター付き スポーティサンダル 【2026春夏新作・新色】 汚れたら洗濯機で丸洗いできる、ウォッシャブルシューズ「COULEUR VARIE（クロールバリエ）」。 程よい厚底ソールに甲部分の3本の面ファスナーベルトが足をしっかりホールド。 3本の面ファスナーベルトは自由に調整できて自分好みのぴったりな履き心地にできます。 かかとが隠れて、肌見せが少なめのデザインだからサンダルが苦手な方にもおすすめ。 スニーカー感覚でソックスとレイヤードしても◎ ・プラット製法 ・3E ゆったりとした履き心地 ・幅調整 面テープで自在にフィット感を調整できる ・フットベッド 足裏に沿った立体的な中敷が足指のおさまりを良くし軽快な歩行をサポート ・メッシュの中敷 サラサラ快適なメッシュ素材 ・接触冷感中敷き,https://bath.fs-storage.jp/fs2cabinet/674/674235/674235-m-01-pl.jpg?v=1789032159,https://www.bath-ec.com/fs/bath/674235,"No.674235クロールバリエ  カウンター付き 厚底スポーティサンダル(幅調整,",7700 JPY,,,COULEUR VARIE,"https://bath.fs-storage.jp/fs2cabinet/674/674235/674235-m-02-pl.jpg?v=1789032159,https://bath.fs-storage.jp/fs2cabinet/674/674235/674235-m-03-pl.jpg?v=1789032159,https://bath.fs-storage.jp/fs2cabinet/674/674235/674235-m-04-pl.jpg?v=1789032159,https://bath.fs-storage.jp/fs2cabinet/674/674235/674235-m-05-pl.jpg?v=1789032159,https://bath.fs-storage.jp/fs2cabinet/674/674235/674235-m-06-pl.jpg?v=1789032159"
644232,in stock,new,No.644232クロールバリエ クロスウェッジサンダル 汚れたら洗濯機で丸洗いできる、ウォッシャブルシューズ「COULEUR VARIE（クロールバリエ）」。 足元を美しく見せるクロスデザインのサンダル。 甲のクロスベルトは袋縫い仕立てで足あたりがふんわりと柔らかく、ノンストレスな履き心地です。 ふかふかの足裏クッションも心地良く、ウェッジヒールで安定感も◎。約５cmのヒール高を感じせない1足です。 ・プラット製法 ・3E ゆったりとした履き心地 ・中足骨パッド 足裏のアーチを支えて疲れを軽減 ・フットベッド 足裏に沿った立体的な中敷が足指のおさまりを良くし軽快な歩行をサポート ・抗菌防臭機能 気になる足のニオイを防ぐ,https://bath.fs-storage.jp/fs2cabinet/644/644232/644232-m-01-pl.jpg?v=1789032159,https://www.bath-ec.com/fs/bath/644232,No.644232クロールバリエ クロスウェッジサンダル 【2026春夏新作・新色】,7700 JPY,,,COULEUR VARIE,"https://bath.fs-storage.jp/fs2cabinet/644/644232/644232-m-02-pl.jpg?v=1789032159,https://bath.fs-storage.jp/fs2cabinet/644/644232/644232-m-03-pl.jpg?v=1789032159,https://bath.fs-storage.jp/fs2cabinet/644/644232/644232-m-04-pl.jpg?v=1789032159,https://bath.fs-storage.jp/fs2cabinet/644/644232/644232-m-05-pl.jpg?v=1789032159,https://bath.fs-storage.jp/fs2cabinet/644/644232/644232-m-06-pl.jpg?v=1789032159"
10066,in stock,new,No.10066クロールバリエ マルチポケットサコッシュ メイン素材に東レ人工スエードを使用することでスポーティになりすぎず、 上品で高級感のある印象に仕上げたスマートな佇まいの2つ折りデザインのサコッシュタイプのショルダーバッグ。 4ポケット+5内ポケットで見た目以上にたっぷり収納力があり、外出先でついつい増えてしまう小物も、 しっかり収納できて迷子になりにくい。 ストラップのなみなみ部分はカラビナを取り付けてキーホルダーやスマートキー、チャームを付けたりと使い方は様々。 ショルダーストラップを取り外せば、バッグ本体をポーチとして、ショルダーストラップはスマホストラップとしても使用できます。 ※モニター環境によって色の再現が若干異なってまいりますので、何卒ご了承くださいませ。 ◎お手入れ時のご注意◎ やわらかいブラシなどで軽く汚れを払った後、手洗いができます。（洗濯機のご使用はお避けください） 洗剤は漂白剤、柔軟仕上剤、蛍光剤の入っていない中性洗剤をお使いください。 手洗いの際、力を入れすぎると素材の風合いを損なうことがありますので、やさしく洗ってください。（つけおき洗いはお避けください） その後は形を整えて風通しの良い日陰で充分に乾かしてください。（アイロンやドライヤーなどの高熱による乾燥はお避けください） 警告：この製品には磁石が使用されています。磁石を飲み込んでしまった場合、重大事故につながる恐れがありますので、小さなお子様やペットの手の届かないところに保管してください。 万が一磁石を誤飲した場合は、直ちに医師の診察を受けてください。,https://bath.fs-storage.jp/fs2cabinet/100/10066/10066-m-01-pl.jpg?v=1789032159,https://www.bath-ec.com/fs/bath/10066,No.10066クロールバリエ マルチポケットサコッシュ 【2026春夏新作・新色】,8910 JPY,,,COULEUR VARIE,"https://bath.fs-storage.jp/fs2cabinet/100/10066/10066-m-02-pl.jpg?v=1789032159,https://bath.fs-storage.jp/fs2cabinet/100/10066/10066-m-03-pl.jpg?v=1789032159"
574282a,in stock,new,No.574282Aクロールバリエ 2WAYビット付きスリッポン 汚れたら洗濯機で丸洗いできる、ウォッシャブルシューズ「COULEUR VARIE（クロールバリエ）」。 手を使わず、かがまずすぽっと履けるスリッポン。 取り外しできるビット飾りで、きれいめにもシンプルにもアレンジできます。 歩きやすく滑りにくい意匠のスニーカーソールを採用。 毎日履きたくなる快適な履き心地で、季節を問わず活躍する万能シューズです。 ・3E ：ゆったりした履き心地 ・メッシュの中敷： サラサラ快適なメッシュ素材 ・抗菌防臭機能： 気になる足のにおいを防ぐ ・カップインソール： 足裏に沿いやすい形状とクッション性で歩行をサポート ※表材に光沢加工を施しています。(アートミックスを除く) ※ビット飾りは全てゴールドカラーです。,https://bath.fs-storage.jp/fs2cabinet/574/574282a/574282a-m-01-pl.jpg?v=1789032159,https://www.bath-ec.com/fs/bath/574282a,"No.574282Aクロールバリエ 2WAYビット付きスリッポン(マルチウェイ,2way,す",14850 JPY,,,COULEUR VARIE,"https://bath.fs-storage.jp/fs2cabinet/574/574282a/574282a-m-02-pl.jpg?v=1789032159,https://bath.fs-storage.jp/fs2cabinet/574/574282a/574282a-m-03-pl.jpg?v=1789032159,https://bath.fs-storage.jp/fs2cabinet/574/574282a/574282a-m-04-pl.jpg?v=1789032159,https://bath.fs-storage.jp/fs2cabinet/574/574282a/574282a-m-05-pl.jpg?v=1789032159,https://bath.fs-storage.jp/fs2cabinet/574/574282a/574282a-m-06-pl.jpg?v=1789032159"
674601,in stock,new,"高機能な人工皮革 にこだわって開発されたブランドnewmo つま先のシャイニーなグリッター切り替えがアクセント。 おしゃれで女性らしいスタイリングが決まるnewmoの新作スニーカー。 3色それぞれ、統一感のある配色で上品な印象に仕上げました。 すっきりしたラインがカジュアルになりすぎない大人の女性にぴったりなスニーカーです。 ・防水性に優れ、天候に左右されないオールウェザー対応 ・優れたストレッチ性でどんな足型にもフィットしやすい ・内装材を最小限にし、縫い目を極限まで減らした仕様で柔らかな履き心地 ・水で濡らした布で拭くだけ。お手入れ簡単。 ・表面の耐久性、耐摩耗性に優れ、傷やシワを軽減 ・吸水、速乾、抗菌防臭機能のあるカップインソール(メッシュ素材) 型番：674601 color:ブラック,オフホワイト,ベージュ",https://bath.fs-storage.jp/fs2cabinet/674/674601/674601-m-01-pl.jpg?v=1789032159,https://www.bath-ec.com/fs/bath/674601,NO.674601 newmo ニューモ クラリーノ オールウェザーストレッチスニーカー,13860 JPY,,,COULEUR VARIE,"https://bath.fs-storage.jp/fs2cabinet/674/674601/674601-m-02-pl.jpg?v=1789032159,https://bath.fs-storage.jp/fs2cabinet/674/674601/674601-m-03-pl.jpg?v=1789032159,https://bath.fs-storage.jp/fs2cabinet/674/674601/674601-m-04-pl.jpg?v=1789032159"
678330,in stock,new,No.678330 バスクラフト モカシンローファー 歩きやすく、足に優しいシューズ「BATH CRAFT（バスクラフト）」 本商品には、国内大手素材メーカー・クラレの人工皮革を使用しています。 高機能かつ品質基準を満たしながらも、ものづくりの過程でやむをえず未活用となっていた素材を活かす発想から生まれた、環境配慮型シューズです。 未活用素材に新たな価値を見出し、その取り組みを形にした最初の一足として、バスクラフトのロングセラー「モカシンローファー」を復活しました。 手縫いのモカステッチが足にやさしく馴染み、やわらかく快適な履き心地。 底の返りがよく、歩きやすさも抜群です。 さらに、お手入れがしやすいのも嬉しいポイント。 素材の特性を活かしたやさしい履き心地と、日常に自然になじむシンプルなデザイン。 毎日のスタイルに取り入れやすく、長くご愛用いただける一足に仕上げています。 ※中敷きは取り外しできません。 ※ウォッシャブルシューズではありません。 BATHCRAFTの取り組み ものづくりの過程では、高機能で品質基準を満たしながらも、使用されずに残る素材が生まれることがあります。 BATHCRAFTでは、そうした未活用素材に着目し、靴として新たなかたちで活かす取り組みをスタートしました。 使用している素材は、サンプル制作や生産計画の過程で準備されたものなど、ものづくりの中で生まれた背景を持つ素材です。 素材を活かすことは、結果として不要なものを増やさず、環境への配慮にもつながると私たちは考えています。 「良い素材を、無理なく、きちんと活かす」 素材の特性を活かしながら履き心地とデザインのバランスに配慮し、日常に自然になじみ、長く愛される一足を目指しています。 大きく語るのではなく、ものづくりの姿勢として。 BATHCRAFTは、良い素材を丁寧に活かす取り組みを、これからも静かに続けていきます。,https://bath.fs-storage.jp/fs2cabinet/678/678330/678330-m-01-pl.jpg?v=1789032159,https://www.bath-ec.com/fs/bath/678330,No.678330 バスクラフト モカシンローファー●スペシャルセール※返品・交,8910 JPY,,,COULEUR VARIE,"https://bath.fs-storage.jp/fs2cabinet/678/678330/678330-m-02-pl.jpg?v=1789032159,https://bath.fs-storage.jp/fs2cabinet/678/678330/678330-m-03-pl.jpg?v=1789032159,https://bath.fs-storage.jp/fs2cabinet/678/678330/678330-m-04-pl.jpg?v=1789032159,https://bath.fs-storage.jp/fs2cabinet/678/678330/678330-m-05-pl.jpg?v=1789032159,https://bath.fs-storage.jp/fs2cabinet/678/678330/678330-m-06-pl.jpg?v=1789032159"
651231,in stock,new,No.651231 クロールバリエ パンチングモカシン 汚れたら洗濯機で丸洗いできる、ウォッシャブルシューズ「COULEUR VARIE（クロールバリエ）」。 繊細なカットワークと手縫いステッチが目を引くデザイン。 軽量で通気性に優れた東レの人工スエード（日本製）を採用し、ウォッシャブル仕様でお手入れも簡単です。 ゆったりとしたオブリークトゥ×3E設計で、指先まで快適な履き心地。 履き口の両サイドは面ファスナー仕様で大きく開き、脱ぎ履きもスムーズ。 さらに、中敷とライニングには抗菌防臭機能のある資材を使用。 菌の増殖による気になるニオイの発生を抑え、毎日を快適にサポートします。 ・3E ゆったりとした履き心地 ・抗菌防臭機能 気になる足のニオイを防ぐ ※表材に光沢加工を施しています。,https://bath.fs-storage.jp/fs2cabinet/651/651231/651231-m-01-pl.jpg?v=1789032159,https://www.bath-ec.com/fs/bath/651231,No.651231クロールバリエ パンチングモカシン【2026春夏新作・新色】●スペ,7700 JPY,,,COULEUR VARIE,"https://bath.fs-storage.jp/fs2cabinet/651/651231/651231-m-02-pl.jpg?v=1789032159,https://bath.fs-storage.jp/fs2cabinet/651/651231/651231-m-03-pl.jpg?v=1789032159,https://bath.fs-storage.jp/fs2cabinet/651/651231/651231-m-04-pl.jpg?v=1789032159,https://bath.fs-storage.jp/fs2cabinet/651/651231/651231-m-05-pl.jpg?v=1789032159,https://bath.fs-storage.jp/fs2cabinet/651/651231/651231-m-06-pl.jpg?v=1789032159"
635280,in stock,new,No.635280 クロールバリエ ニットコンビスニーカー 【2026秋冬新作・新色】 汚れたら洗濯機で丸洗いできる、ウォッシャブルシューズ「COULEUR VARIE（クロールバリエ）」。 履き口周りに伸縮性のあるニット素材を採用し、スムーズな着脱を実現した丸みのあるシルエットが優しい印象のスニーカー。 履きやすさでご好評をいただいた「NO.335202 クロールバリエ ニット コンビ スリッポン」が、快適な履き心地はそのままに再登場しました。 スポーティさを抑えたデザインだから様々なコーデにも自然に馴染み、幅広いシーンで活躍します。 程よいボリュームのソールで足疲れしにくく、クッション性も抜群、 コードストッパー留めのゴム紐仕様のシューレースは引き上げるだけでフィット感の調整が可能です。 ・3E ゆったりとした履き心地 ・カップインソール：足裏に沿う形状で疲れを軽減 ・メッシュの中敷：サラサラ快適なメッシュ素材 ・抗菌防臭機能 気になる足のニオイを防ぐ,https://bath.fs-storage.jp/fs2cabinet/635/635280/635280-m-01-pl.jpg?v=1789032159,https://www.bath-ec.com/fs/bath/635280,No.635280 クロールバリエ ニットコンビスニーカー 【2026秋冬新作・新色】,14850 JPY,,,COULEUR VARIE,"https://bath.fs-storage.jp/fs2cabinet/635/635280/635280-m-02-pl.jpg?v=1789032159,https://bath.fs-storage.jp/fs2cabinet/635/635280/635280-m-03-pl.jpg?v=1789032159,https://bath.fs-storage.jp/fs2cabinet/635/635280/635280-m-04-pl.jpg?v=1789032159,https://bath.fs-storage.jp/fs2cabinet/635/635280/635280-m-05-pl.jpg?v=1789032159"
654180,in stock,new,No.654180 バスルーム はっ水ニット ローファースニーカー【2026秋冬新作・新色】 伸縮性のあるニット素材のアッパーで柔らな履き心地のスリッポン。ローファー風のデザインがきちんと感を残しながら様々なファッションにも馴染みやすく、幅広いシーンで活躍する1足です。 急な雨でも安心のアッパー撥水仕様。（完全防水ではありません） ソールは軽量で着地の衝撃を吸収するエアソールを採用。 ソールの底面は部分的にラバーを配置していてグリップ力を高めています。 ・3E :ゆったりした履き心地 ・メッシュの中敷： サラサラ快適なメッシュ素材 ・カップインソール： 足裏に沿いやすい形状とクッション性で歩行をサポート ※こちらの商品は撥水仕様となっておりますが、使用状況により水がしみこむ場合がございます。 （完全防水ではありません) ※ご使用後は水分や汚れをきれいにふき取って陰干ししてください。 保管する際は直射日光を避け、湿気の少ない所で保管してください。 -撥水素材について- 本商品に使用しております生地の撥水加工はご使用中の摩擦によりご使用毎に低下していきます。 市販の撥水スプレーなどでケアしていただくことをお勧めします。,https://bath.fs-storage.jp/fs2cabinet/654/654180/654180-m-01-pl.jpg?v=1789032159,https://www.bath-ec.com/fs/bath/654180,No.654180バスルーム はっ水ニット　スニーカーローファー 【2026秋冬新作,13860 JPY,,,COULEUR VARIE,"https://bath.fs-storage.jp/fs2cabinet/654/654180/654180-m-02-pl.jpg?v=1789032159,https://bath.fs-storage.jp/fs2cabinet/654/654180/654180-m-03-pl.jpg?v=1789032159,https://bath.fs-storage.jp/fs2cabinet/654/654180/654180-m-04-pl.jpg?v=1789032159,https://bath.fs-storage.jp/fs2cabinet/654/654180/654180-m-05-pl.jpg?v=1789032159,https://bath.fs-storage.jp/fs2cabinet/654/654180/654180-m-06-pl.jpg?v=1789032159"
674330,in stock,new,No.674330 バスクラフト ヒールアップローファー【2026秋冬新作・新色】 歩きやすく、足に優しいシューズ「BATH CRAFT（バスクラフト）」 本商品には、国内大手素材メーカー・クラレの人工皮革を使用しています。 高機能かつ品質基準を満たしながらも、ものづくりの過程でやむをえず未活用となっていた素材を活かす発想から生まれた、環境配慮型シューズです。 未活用素材に新たな価値を見出し、一足のローファーへと生まれ変わりました。 足元をすっきりと美しく見せるスクエアオフのフォルムに、つま先は厚みを持たせたゆったり設計で、快適な履き心地を実現。 約4cmの程よい高さのウエッジソールは安定感があり、歩きやすさも抜群。 きれい見えと快適さを兼ね備え、毎日のコーディネートに取り入れやすい一足です。 ※ウォッシャブルシューズではありません。 ・3E ゆったりとした履き心地 ・カップインソール 足裏に沿う形状で疲れを軽減 ・インソールは土踏まずを支えるアーチクッション入りで足疲れを軽減します。 ・メッシュの中敷 サラサラ快適なメッシュ素材 BATHCRAFTの取り組み ものづくりの過程では、高機能で品質基準を満たしながらも、使用されずに残る素材が生まれることがあります。 BATHCRAFTでは、そうした未活用素材に着目し、靴として新たなかたちで活かす取り組みをスタートしました。 使用している素材は、サンプル制作や生産計画の過程で準備されたものなど、ものづくりの中で生まれた背景を持つ素材です。 素材を活かすことは、結果として不要なものを増やさず、環境への配慮にもつながると私たちは考えています。 「良い素材を、無理なく、きちんと活かす」 素材の特性を活かしながら履き心地とデザインのバランスに配慮し、日常に自然になじみ、長く愛される一足を目指しています。 大きく語るのではなく、ものづくりの姿勢として。 BATHCRAFTは、良い素材を丁寧に活かす取り組みを、これからも静かに続けていきます。,https://bath.fs-storage.jp/fs2cabinet/674/674330/674330-m-01-pl.jpg?v=1789032159,https://www.bath-ec.com/fs/bath/674330,No.674330バスクラフト ヒールアップローファー 【2026秋冬新作・新色】,11000 JPY,,,COULEUR VARIE,"https://bath.fs-storage.jp/fs2cabinet/674/674330/674330-m-02-pl.jpg?v=1789032159,https://bath.fs-storage.jp/fs2cabinet/674/674330/674330-m-03-pl.jpg?v=1789032159,https://bath.fs-storage.jp/fs2cabinet/674/674330/674330-m-04-pl.jpg?v=1789032159,https://bath.fs-storage.jp/fs2cabinet/674/674330/674330-m-05-pl.jpg?v=1789032159,https://bath.fs-storage.jp/fs2cabinet/674/674330/674330-m-06-pl.jpg?v=1789032159"
674281,in stock,new,No.674281 クロールバリエ 軽量ビットモチーフウェッジパンプス 【2026秋冬新作・新色】 汚れたら洗濯機で丸洗いできる、ウォッシャブルシューズ「COULEUR VARIE（クロールバリエ）」。 片足約160gの軽量設計で、長時間のお出かけも快適にサポートするパンプス。 約5.5cmのウエッジソールがスタイルアップを叶えながら、安定感のある履き心地を実現します。 ローファー風のマニッシュなデザインで、カジュアルからきれいめまで幅広いコーデにマッチ。 履き口は隠しゴム仕様で足当たりがやさしく、食い込みにくいのもポイント。 ・プラット製法 ・超軽量：軽さが魅力の人気シリーズ ・3E相当 ：ゆったりした履き心地 ・カップインソール： 足裏に沿いやすい形状とクッション性で歩行をサポート ・インソールは土踏まずを支えるアーチクッション入りで足疲れを軽減します。 ・メッシュの中敷 サラサラ快適なメッシュ素材 ・抗菌防臭機能： 気になる足のにおいを防ぐ,https://bath.fs-storage.jp/fs2cabinet/674/674281/674281-m-01-pl.jpg?v=1789032159,https://www.bath-ec.com/fs/bath/674281,No.674281クロールバリエ 軽量ビットモチーフウェッジパンプス 【2026秋冬,16500 JPY,,,COULEUR VARIE,"https://bath.fs-storage.jp/fs2cabinet/674/674281/674281-m-02-pl.jpg?v=1789032159,https://bath.fs-storage.jp/fs2cabinet/674/674281/674281-m-03-pl.jpg?v=1789032159,https://bath.fs-storage.jp/fs2cabinet/674/674281/674281-m-04-pl.jpg?v=1789032159"
678281,in stock,new,No.678281 クロールバリエ 軽量ビット付きヒールアップローファー 【2026秋冬新作・新色】 汚れたら洗濯機で丸洗いできる、ウォッシャブルシューズ「COULEUR VARIE（クロールバリエ）」。 片足130グラムの軽さと柔らかさで快適な履き心地のモカシンシューズ。 すっきりしたシルエットに控えめなヒールアップとゴールドのビット金具が上品さを添え、 カジュアルにもきれいめにも映える万能な一足です。 ・軽量 ・3E ：ゆったりした履き心地 ・カップインソール： 足裏に沿いやすい形状とクッション性で歩行をサポート ・抗菌防臭機能 気になる足のニオイを防ぐ,https://bath.fs-storage.jp/fs2cabinet/678/678281/678281-m-01-pl.jpg?v=1789032159,https://www.bath-ec.com/fs/bath/678281,No.678281クロールバリエ ビット付きヒールアップローファー 【2026秋冬新,16500 JPY,,,COULEUR VARIE,"https://bath.fs-storage.jp/fs2cabinet/678/678281/678281-m-02-pl.jpg?v=1789032159,https://bath.fs-storage.jp/fs2cabinet/678/678281/678281-m-03-pl.jpg?v=1789032159,https://bath.fs-storage.jp/fs2cabinet/678/678281/678281-m-04-pl.jpg?v=1789032159,https://bath.fs-storage.jp/fs2cabinet/678/678281/678281-m-05-pl.jpg?v=1789032159,https://bath.fs-storage.jp/fs2cabinet/678/678281/678281-m-06-pl.jpg?v=1789032159"
